address,in_degree,out_degree,pagerank
addr_7jssjz0lyp7c1haas8eq1nawhup2e8h4ixqv4ueb6h,6,10,4.991294784704618e-05
addr_x0mfrj9w7jfsjp4p8q1d2k0rzmydsf2bz32wo4zzbq,6,6,5.636336989990545e-05
addr_0493osfz9b35pyhnb4azp8qyskfg2mhsp0wt6drbeo,1,5,1.6034697799077637e-05
addr_ngu21h21jfkdc8my2qs23jfuntyhhuh1zzu2d5ndst,4,7,4.276470505370857e-05
addr_joy03rtkce5eo405aitop196eecrtviegdisa3n9hq,12,5,0.0002112792810090397
addr_v1xujtqgy36m482z9br68m87lfsidlm0s9huk171n7,4,9,0.00016666058933080538
addr_7cxp8i31gujmmfsqivmcbbqgtj066ujsaanqbmj6vc,12,4,0.00028467283745246754
addr_op1627fq0piacnue2nft8duu7vwg59eh3n07fgq1t0,13,6,0.00014909371648528052
addr_tvt4bi8u0j0s4w92e301snu5s3k4602v02avd1cd7j,9,6,0.00019531824286840653
addr_2enaozxywakp7f0m3fm7yg19z27afwtzkgvdz95brf,3,2,3.027785107119315e-05
addr_h16whi5dewci4bi80llz9i2swv4ijtsnhvt93h5ves,5,5,3.874655273714309e-05
addr_l8ramc9qpr353l8a5sn4gqv64of7mqdgpyc1zzrtdx,9,9,9.584206015536475e-05
addr_64ytraikp19kbxk65nrvinmwddq857fla8vicfhtne,10,8,0.00012194067583521668
addr_6s6yszvj9iq0ak7ccymne2ju63e4p4p97be1ohbukz,7,4,8.664002353801728e-05
addr_9jol5lpq1ktqzi6g5it16hjs1kt9ty3arycp0bcae1,6,6,3.905533052804129e-05
addr_r3urev2z1k3bdgrb2d5lo9j5rwhhi4pjhl5nzrv4a3,11,7,0.00015645195815350323
addr_dw2c4bqbj3iplm2zxl7ko6u6z1nw5ilwhni92sbhj8,2,8,2.541381120345924e-05
addr_v6443ktx6qcaluk87322hr5sosc0whs14eci9rtj6u,7,12,6.148551481882227e-05
addr_vuh3095jyge3iodj6yznyifxelgocblefqmudi5bua,10,8,0.00012265610925722562
addr_ev86ddmd44olhsc5ffzcichwoir8fx6e1bf24mvc3n,7,6,7.875946310743364e-05
addr_a6elouqx0mul27bm7fcj0osoh5v6kpwdmj3z7w7n0s,7,7,0.00011752613120752718
addr_3ej2pkbltfa75ebi23on34i9o2csey71xogdjiie47,11,8,0.0001566034340069231
addr_evd6t187wf8lcl9a7lnco6qhdcwgfq0w2997uqv4xh,5,8,5.7473650671962873e-05
addr_a8qbvx9bunvky2csxets8230lwf99ilxlv0m8azbxj,5,10,8.137133009280372e-05
addr_akabyi143ks02w22e5mz3uikn69pvda72xnljhm2zt,11,11,0.00012137228392029139
addr_hmk0ehdgu6o83pdwbz0ompta8n3mrosw4alrg6xprt,10,8,0.00012840448039504667
addr_x8l008uhbxlbc8nog85d4f2k1xerp3lyex3sr5rup1,5,16,0.0001244238080531299
addr_dge7owsd24pcamvrcp36riudx6uow6quvolmhicqgb,6,5,7.217457766220078e-05
addr_nkybq6maulremoqw24ucvd326eezfwrbmvhcnvwgzl,5,2,0.00011277444824386194
addr_owz50tnpdmdtjpwdj5g00ug5swgqfr3meamtwfyce5,10,6,0.00021324617831319537
addr_tzuc1s6v40w3de6lxq380k8bzo5c7eisw8zv8rotsv,9,9,9.318654717406438e-05
addr_6dm5nva7s5f8bmaaw1wcmt77hvx55jmpggd0twkdw1,7,11,6.575709810363925e-05
addr_q90bibg29f8nyw8ywmxlwehk4zy0a61dewnxoc8hag,7,6,8.975214918087054e-05
addr_zcbjxt3gaphqdndyr4zk2bvk70dw9eewivdzwhol8m,4,7,2.442717327070482e-05
addr_uh7qhq7a65ahg7vvooh9q7gz43cdjwg974990bexy6,12,6,0.00011846114518813592
addr_cq99chj755nf4zw9xa3kx7eedtjvzhwjr64dpja1wj,6,14,7.746536430993006e-05
addr_y3k3t9wavgacp750ri6k2u4nj200sx12i2xw1z5trq,7,5,0.00012969372940738533
addr_ttmzmwxffe9b478cx271f051imwmqe7d65fhlu98zk,10,3,0.00012128501943046688
addr_nthm707x3kb5nq323l8n6kyloqm1883f7asxyw1gnp,8,7,9.178946989155672e-05
addr_24unftwr2z0auf2w7wr1tqzfb8x6jmre2u7fmkgzby,12,2,0.0001282319171294848
addr_51bxba8r89k1gg6u76q1o35dhzxh4iwc0vxp9dlitf,6,11,7.025579766076762e-05
addr_75gvuki06gz454tyr2qvlz272br981bix1qs1vivni,7,12,0.0001078340051651286
addr_a38fk6xcyjzteg3yd8ldzo7m8eaz0qn9mj8vljpw7m,8,6,0.0001556687033088671
addr_m5tjwn4x88oe22ix0diqzjccxeak1tyk3c4cypfgst,9,7,9.220541689909211e-05
addr_b6e4dwrgiu14i4q8form7ia8y4589d1hqex6dkawtm,12,9,0.00014564596064213983
addr_r5pczekf820xyeayfropi6e1byj4boeojwgd90n0yj,7,9,0.00013248350001767491
addr_hxiziyzjhp4o2oz54co8fl67g86wfytju0zb6nbqg5,7,7,7.314334797287691e-05
addr_7564eb59hct2aalmjvkfcnxh0dy6c8sy1odxwtakya,14,11,0.00014875724833996086
addr_vkz9kaaat0ej8ehd29u6ia1oixbeoliu3obhe0yxuw,9,3,0.00012013352131983554
addr_1rglkoz2ngp8jtecxc3ieq7tjczn79cfg8xmcy6yd9,5,9,9.499321069631537e-05
addr_jgn4cq6sfc5hca6m9vr8es8yvybnlold26gaj6qqgh,5,11,5.36563019172647e-05
addr_wq24qey2364z3fy63ozg8aymxfgsei3tvl162p2erz,6,6,4.5769893850069246e-05
addr_5uv5vx9ygctf5iyr0hia3gjb3jo0xhrx973t87yml0,2,5,2.4870292772216075e-05
addr_ekcjmj0d2g9c2my4dakyth2n7glzqbgwbqlk910ed5,6,4,9.792261248783332e-05
addr_aves9z6e1ufojyohtbl92v0pkqujwoygh5lrupksgv,10,4,0.0001553843185188286
addr_pxd75un6a0zlefxodmpyhbi42egj7bpormwuhbff6k,11,9,0.00012394125313457065
addr_rtzw446t5bc1u0zq3g0rrsxqsaaye8s2wcz5g19qgu,2,9,4.587906122923205e-05
addr_dkmhs9sjflqsh2r9ztyn2esh463z4wcx1yxmcslwxt,10,6,0.0001065068344348411
addr_jacfv6mpm3lw87oxef4a5pll7bxa2kwvtfx4r6vhmx,11,5,0.00016872594727587327
addr_t40auq8i8o0zgmjztzut97trfsqquvir08whzkjv3t,12,10,0.00013537442005806324
addr_6bviqpmz5t2dhqkn2dxkhcz928zgtpg7yingb8jqw6,8,9,0.0001140296103530774
addr_5x269vtugc9ykne1oe6adbces2r6tqyqc4b613hmxj,11,5,0.00021167401486213536
addr_bpwel6bxy3695neq2cni1rk9e2ij02h4slprs0hi7a,7,10,5.930900578180454e-05
addr_voj237k2ekxew5xqn6225q8mt7tbbadfs1bpexh5zt,12,10,0.00020099520481120555
addr_u47rhorylmxkfz2jinoz2hlh3qtdmzx46szxl464yw,3,7,6.51093042372221e-05
addr_0drww7jdqrqf5e76xy6iojhj4cr8ikwebk13izjvo6,3,4,3.435643233939782e-05
addr_srxo5q5igegj8iajdge2m0g9kdudpe0ctf72x8ogie,3,8,3.0175313847231103e-05
addr_gdd8hyxg8wo23d01o6eeup2i0yh478at3sq0z9opv6,8,1,9.85877338119165e-05
addr_wq1gaz5uh80q7tw1puwsnffykpl3cho3xjvoegi3qu,5,11,6.497487579356495e-05
addr_4bwdojqqq8j6ww7hw2tyr47smm5bgkw6kf3e6l3ubx,16,9,0.0002385057528923328
addr_rxb03j51hamnhdpgqj7x2j3c0ripzsahctlxwkwng8,3,9,6.55017470286689e-05
addr_8lvpd4n1924hyef2l0pi88tnhdaugmysrnyzrbgwvn,9,10,8.754739519369424e-05
addr_048ktsr11ieoehrgyym1erk46g775pt1n85qt4h3sv,7,8,5.725748419252319e-05
addr_vq0k7d72g9hq3mh48edfzeala9cmtxsn27c9tht7dt,9,9,7.23575156452645e-05
addr_bxv5vz5gasbcgozcd7fwfuyz8t2y7mq7p2iblz0aby,6,9,4.321488522408495e-05
addr_scossopcuk6i6h9em65d16epo2u4icbekmusehvkdl,10,9,0.00010673401867268562
addr_5y563lrhhupz4pgu0w3wlneds3a9pmvva3afxfmb0r,4,9,4.504950391789827e-05
addr_i78i7u4cmfcj4l7wdg43rdnpljvuq1mhmgjs3snt7w,5,9,7.469947091149435e-05
addr_h75vmp21m4wyit79czfwpddw6a2uesuvro13yfj3dy,5,6,8.02827527640844e-05
addr_1co9nf8rpeyp6reiojazep5byv33gkxee7eduwqr5b,7,6,0.00010131124247662722
addr_1qkdqste411sd46we4b6by9niq4rona71wal3yckew,9,7,7.604095697605112e-05
addr_3h9wnlvu750gy6l3a5mtgr26szq1pv7wn4v4lwvhys,11,10,0.00013875916197744935
addr_35qrrrl82cioldo61pylgkmpi7g8hq4623lxv90vc2,9,4,0.00012239533243887574
addr_tuqkk5qobflfengx411hxcbl04g0kdietztoq26squ,12,3,0.00011872122347406605
addr_aduvl911zsb8lv6tx0tbkg8b350sgnz6d86zchhxa7,7,9,7.53335523218836e-05
addr_q3zinjex4ow457r6oweusahtbvejeoxi68v0h80vzz,8,4,9.660282363629992e-05
addr_lx9wdbgceryxs2bmjqgrbu187eaidl0ip7alo9grcv,8,10,7.572091319607446e-05
addr_mzp0mkyj3rh6g5jlhd2l5jliam0c25sg3m4tcts95f,4,6,3.450291271301735e-05
addr_c5li8ibbq6odf1mmf9tsy66h4krq3vd16c3qliuds6,13,7,0.0001337502068081268
addr_t6wyrqn07d1a5xq3iec6on90kir6vme8462s0asrc7,6,4,9.413704178821815e-05
addr_2iwhy619no06kn38gjsfinwgdu40tg832rrs5q8g8z,5,9,8.534186393770436e-05
addr_od8wud3wargm30exvr31whz09bidmeyby8sh3py6yj,10,10,0.00012018387533924136
addr_6k9cql2k42n0d4nre6or67afy7t5f8krre3hf95wrd,7,6,6.947425989191976e-05
addr_lsza6ogy5ncuslih53mc3yn4269occmo4snk7mhzps,4,6,3.0600970591697764e-05
addr_49gggcesy87wybhrqij4gyij8o7w0rgzqk1snop335,8,7,0.00011907407779522013
addr_0k3275ozxtklbv9a69xogck6cr1an8ed7r88xilk78,8,8,7.898383623299063e-05
addr_8ys1mlvc7k90c9ni4vzrupzczdyzuneinw28eq6t9r,9,10,8.026024480124051e-05
addr_465fj3nnxm4ajv91dee4qsgad95wt3a9hwzksozros,10,11,0.00013370427290092777
addr_9skdgigatj9tze5r5uqpgb7r3ocwbfuk9e1v2isqp4,11,12,0.00014498301421522397
addr_q6j8hovbzm8x0f490so8fluk5k6brykzmggkwe1srt,9,7,0.00012676731159529052
addr_mnyx2a2mvcnoziwpekkf550uomgxzjaeuqtnmimw2o,8,8,0.00011390415834446322
addr_hrc4hm08opevhtz4voybj7soygy21jmas41ru08l4p,7,5,0.00010695250114878759
addr_ytgfqz276h1bmydvj66veufzeruc7sjro4om9o7ye3,5,8,5.710808864039514e-05
addr_d50i8745nc6ms4d4yuggnck5pix2n6aarhnp4o6cme,5,8,8.41094072399121e-05
addr_ey4ih9pvhlg4jgnq1g6llecxpngw12xqfjo2l16ybo,10,9,0.00010737955896303617
addr_vgy1y66m8irs3ly7ofbs27s7ulrgh1myl54nqnucv0,9,8,7.37310268833841e-05
addr_yka2qfnqnlr7k4563vrbj88jsrww4sv35alr3fvtz1,7,10,8.457304587091607e-05
addr_a9l9joze1ovvkcq7exa4jy369otxb70bo1xonvqsvf,11,7,0.00012103492558435377
addr_jiyr4cteii60yuc0nf4sr6a63heczj02ir1malnu6b,12,8,8.034214086252206e-05
addr_zwhauxmj385yy9nzqmffy7h5aj1m0hk8beco6jxe45,6,7,0.00010125457002820213
addr_4pvu77xcb83uwa0sd2dbn27zdiwq3l5au0qxxqk0r2,3,14,3.629215951335235e-05
addr_odwal88sryjedtqs37p4dcal7343yykyuqp5g452yz,10,5,6.93697086705737e-05
addr_xcjc9g5rom9hoxr1uslpgzj8ugxssx4quvoh6k4pkz,6,7,9.391486031750695e-05
addr_nkxppc9zij2xptl3cvfegdky4csqbxqhiyc0nr51gn,7,12,7.932953841727261e-05
addr_yq42y2pmr0vp3b3h2y7juyhtlh80uccuzrtkp235vc,6,4,7.88590660220005e-05
addr_e7qyz95kqwfdjkihsfv79mu42aor136anbsi4vlcps,7,10,9.17406546746756e-05
addr_7xkznedp3et2rmiu6attcu0pzaitqgpqsu8yeubadp,11,1,0.00015204487311866528
addr_7bew6mgbh6c3xcvmw9jaf92dqu0lbk2q8dp41ysxle,13,12,0.00014222103233226744
addr_l74c5zg83rx5lfzfjdcjexdxd0mhusb1mw8xkhg42g,6,5,7.659610354061752e-05
addr_t2ibp7z4vocmx5q7eb0y5e72zoou6jbl8zsq7wg14b,6,7,0.00015373047907649316
addr_noxd8svza83dq8wqlgm4cu2ckqqtes9o4imhlak0yn,5,9,7.11345687165395e-05
addr_2zqyjm3ppsohxf823qxawtci9su6d143mo2op6vmjo,8,1,0.0001272802127211209
addr_rzpsrc1zkexo2kq5kvg7got7dg0w0ivkwh20d9x7ht,4,2,0.0001538814322381886
addr_yqfkikam1klod85yrslr9t3lu50eb8d2ahl75o7wgu,8,9,0.0001336753087377823
addr_768zoyv26goudvu08aouckvuvmqc3680kjrd5s49hl,7,6,7.481615772940381e-05
addr_h891z491dgcrmkrop6irguhoqrrw76zfmmrl6knr94,11,3,0.00011038670513284678
addr_q4zgsso44gthdql6gntb97f0p45fu4zwxyizufo1c5,9,11,0.00015462194096089836
addr_fb0v5d82jcvdccq5tdeyog9z7is5vup76oedkv58qm,8,6,7.575633942086926e-05
addr_99b1cbx2sycn0visqiwo5bhib1qtfxo0uxockla9db,7,5,0.00011008678509974614
addr_9eznzebqa42zz2pjd53sobdjt2scewl6zynr929bwv,6,3,7.647762538067091e-05
addr_z6z6jh0i1vzyynkys0483vljw0ie1e5sckuovekrp9,7,3,8.742322389387664e-05
addr_w2cpg3bmflatjmf6p10geku6lm0c97eu3o29n1te8l,9,12,9.483030850524214e-05
addr_xnwmht48yb04xk1lptj14e5bj90g4iizoeenf57hfs,11,3,0.00011387664234016358
addr_9kuqklxt6juhjobb55vkaxww247qr4571c7iwx3xuy,7,12,7.239899888304246e-05
addr_ag1uwrpmmj6f9ln94deiqwk94znst1x8dppeyyi0fu,8,11,8.975259464640376e-05
addr_5z6xmn6sftzm6cod4rrbi6pw8nt9cxnq7n06vafgu2,5,5,6.42477880272491e-05
addr_l8uyr8vnnt48p83usbute7pbknabx65piriv4mshvo,6,4,7.52705112416352e-05
addr_qkhr0zr2cqd03v535wtvdvnrcxxzr1jqokuzm38934,7,7,8.746097248080008e-05
addr_alm5iy98doxtuk9kp6k3driw0jp2mmjls78kctlb68,9,8,0.00022293277849140097
addr_dpdmt7owdk6r9bsl4c2y4j58tqch9ix044o4zgn40w,5,9,6.150962012222647e-05
addr_axtwbkshvkdtta9clachngchjtrv6qa5aix49jyklb,5,5,6.634174754786338e-05
addr_1n1vgo1gyf84m6xdbzol7lvbacwad4qw4yo7s395k6,8,7,8.226609826399362e-05
addr_hkhdo3vzn69kiixeb0o13d7p1mwezqprk2sy7ac863,4,9,8.252920637893772e-05
addr_66uarqxfz7zfu8h0xq4x2xohwa3rp8waoj58yn8dbf,10,5,0.000136891910692686
addr_5aluwreoggv4c4jp272r6o3x1yamuvm94tqa5althq,4,7,9.275535661854783e-05
addr_na7u5luawbsuwldtd5hhm51azd9l3asdc331rtvn8z,10,9,8.649568684793323e-05
addr_6qmt6bqfitpf7zmspdb3a2wq0givbf80piqviy91kj,7,6,0.00011029893953733001
addr_uihi9lbarabojr2rv88gjx5u6op3puzvb900iwbjne,6,8,9.539461303357889e-05
addr_9z6eg8dtosw2cfleo2paba5sed45dtlojzqs383duz,6,7,8.43259488655306e-05
addr_y2ygraug1iaes28qb5kfqr5es8zuubspkv2l1rcxxr,8,8,6.018747869505508e-05
addr_n3jkt1c6209c3aw706n3cihm4v4jie0x2hz4i6r81p,6,7,6.498827080980734e-05
addr_co68br0bkejrubfbnfh1zajy3xg94z49k3ue0up5g5,4,6,9.278133413499149e-05
addr_2uvdgug9kxlucy8ra8duav3oeb6bswgxz6b0i6bz5f,10,9,0.00011160181160611442
addr_aqrbng9f8y4dqwi3ziohfl2dxv83j61y1rwo22bdj7,8,13,0.00013852043949747243
addr_1v8kart8ytoiplxw7jw0peota2r14xfychezlbybg9,8,10,6.933659940327829e-05
addr_rwedbcy8nyfwdc112hxrjm4t8bp6nlnqbu4kzrezrd,6,16,4.50074479473346e-05
addr_pxbfej2xg48ra4dv56onxd70fe07s387j5ie3lvo0i,9,9,0.00015705597836644162
addr_z1ypshh4gwk2xgy2uj1omh1pvu15safatunryf85a5,11,6,0.00019389093274886117
addr_rpvhbqko9yj9t2ue3yzvkws2rtvyegyxd3c2wodgse,8,11,6.996668830217214e-05
addr_3om07bc0q2jutg2d5pq2un88w2ugabiq0hjq0y1eoj,4,8,4.604971448962728e-05
addr_816pf8aw6eukm8ib8giidygfnd58m5uoypws9kn5iv,6,7,9.02362437058934e-05
addr_4bjibw9j9kf8k65h2eva71p36phgaf3dyhfg6lbw41,8,2,9.596903758313241e-05
addr_hr27cb16rtg1o1vt26yti48zbxov6lucgveva2bl2y,4,8,3.775057900093426e-05
addr_p59rec9ivoi4pwa8aa3i4mf7kbiei6h5qwqzl6byx9,8,9,6.946578986433624e-05
addr_j58964gg7mp09vhtpzt96i0yhudu3d2ta491fnx0pa,6,9,8.503714497023603e-05
addr_b4dvtr4js7jhfkabso31inw9ncnqdcn1ubsjim3rib,7,13,3.941155146555596e-05
addr_ww090rle1rrne9n40rj8vamyirs2ydp2bzy6swe7mc,8,9,7.289956646813429e-05
addr_wr2v3tgaqhcb82oxlmyqs8cg90mx7accdzzc5a8sm0,7,5,4.930177628194316e-05
addr_d2q4db2xs3hdp7fsabq21vtxr6msb2535c7ol8c4w8,9,12,0.00010247723292468495
addr_r30p9teosj4m8quv19it4mtma07mtltaeyk8946s39,11,5,0.00013678654556360359
addr_kz630mpisx97img4z58g68r2kab4rt3kwuouze01ak,8,8,0.0001072387663372359
addr_7ve6d305kgm4dc29zs2rmqb3j4o6b2lgvf6gevrpdj,5,6,6.66794328241346e-05
addr_5uofwb0hpmnz1udbfwyjxrpj1epkyrybovakhejla0,10,11,0.0001006206196924083
addr_o2fez4m57ja8qsb10u3lvst9emx6y8jso4jf7231jd,7,15,8.63411438468652e-05
addr_dj464ies1vzgosvvh4czerjfedqlw8iexubhla7jed,4,12,3.502567945244332e-05
addr_ft14oyverpn9inofzee488f3dysf1wh00qq1eekktg,5,1,6.76769307892894e-05
addr_0kpvm1n331ja9xyt7889e3m9cph7hvvdanictv3s2s,6,11,5.379092499344308e-05
addr_fnfiflq40c3psdnctkn1ewediijjrdub7nvesfed85,4,4,4.4614673692367304e-05
addr_15hjue2stn6ng2ypp6khwbfa7s1t69582vyl9tzazq,9,8,6.210891529381681e-05
addr_aee7muvf625twqq3pfcbj5tnb78ly0r9i1n5x3hj3w,4,7,5.0791137013232596e-05
addr_a0cvigu0usxuluengc0s1aooin7aqp91tceawmuasd,5,12,7.907687594351763e-05
addr_odz5maqhf1ldajjb26oam7axsswr84yz98310cdpqp,8,11,0.00011054097764254356
addr_x4nadp5m6q24jxfl59vazd2f74ds5ek9gk4ryhie2b,4,3,3.8903468354019464e-05
addr_c0udj9tfejs2ux1ivdzoxw6yyubzoedl1yeo9dn10g,7,10,7.769522750827377e-05
addr_gdj7s835ckod4vm8q4rl0ho2x8myjyauh5jerzleoa,10,9,8.843707487456459e-05
addr_lop7nvr9u7k2567agk3gvel9e7mbql5mp8j7y3r526,10,12,6.148379975819896e-05
addr_2dvmedqce8dy1adbtpdx7pgn6u7r9f4oh2puifgfxv,6,9,6.432071746238781e-05
addr_mhox9zw6cbqkyz4yxlmd8xf44tkx1x7kbtgfzao0ap,3,11,4.082662143979999e-05
addr_jjez88ch71zskxnx9f9idominz0gggu9fj0qy1dd6t,9,7,0.0001269377610714205
addr_dsdpqe249ibig2xumslujiurbtqt8b1qdl9pqhl1rp,10,4,0.0001225753985104352
addr_7x3bqwrmwlma6gmdrdsferfxiokpg3dp4fmpm5hgbo,4,17,4.363829933115349e-05
addr_fjll33dyef23ix7pimq29xx7mvbslhxwpgma25tm4y,8,4,9.986388661422459e-05
addr_uygh0yo6x5laafzgcbmjzrkmwx022mi5w70iu8hof6,9,7,9.721758725896249e-05
addr_x61oz0ywoj5otvapwuee9z3gl4jxl3d6xq1y7f6m05,4,9,3.6550019324551515e-05
addr_q5kzwbicd1ind1e786xogph98snqn4c71n5mwbfe4e,7,8,4.5420651045290983e-05
addr_86mncdzczdfokyvqcowae3zafd7cqgotyhgazhq4r7,6,5,7.297179649242096e-05
addr_8489r1rz8jjm3o7xf30vxemnm28wfyegfyazpqv6uu,11,8,0.000146312523519833
addr_re1fxuuaizwzuqxd3yflwi2blm5uy20es34daczml0,10,9,0.00014055849723971427
addr_gro2rou6h0we4w16dy5wxrz4jd9txqi5jaubbaj6dv,4,10,4.4200392240201253e-05
addr_5qxpcq77m76y8vs2fsj9owobu2j8dxp2a9q97lklra,6,6,7.950047825054399e-05
addr_aqtijg8yhsyqjc5376m72ze9k0q2ui5occoyv2j5jg,7,6,7.917162032784598e-05
addr_b3a27v0sr0of7opjzukr3vcao345bq45opkht1gh6v,6,4,3.395164115449072e-05
addr_06fhrxjpt2zl15s74nddafs1iym90pkr1ifsi159i3,8,16,7.743480866033846e-05
addr_zyc8r7ekxp3m6m7w6l1gahy18y8qnjqbla641gl5z2,6,10,0.00011725690304611541
addr_4tvwa317gg6ceq2oo5nu9qrkd0lkd9g2j6wczjx59r,6,7,7.085440607288773e-05
addr_vgxpkzp6ejl19kmilikmkt9xwqx3n7s522n3gxtzap,9,9,0.00010138561495641647
addr_nqlqdo8tqjkpzfjwdtyyk0t8tubte969n6c5rvft6i,7,7,0.00015113352732014208
addr_ilsft5gmjukd0dhpaa0xmyn4by4jgir9b9dgp1almr,5,8,8.170755573930563e-05
addr_pztlfvl1nlfu9pac7jihypqo6eyl7dlmeu7zzctvdv,9,11,0.00013097312026187497
addr_2xcb3yym33mg1zaq7qhak7mdwkzirnk6zhh3o5urtx,6,14,8.636741560337322e-05
addr_ybhl7eewjivo6zcmov8ej021ehtxax25rc9vtetdhy,9,6,0.0001602816206389958
addr_evajgy9f7s0qi9esnf3lpb30s5h9jzc4zksygy1v3e,6,4,8.556864477147916e-05
addr_uu73pl3aky986tl51xrrw0ad9aewn9m4h1s2w3eu2o,4,6,4.122402699282073e-05
addr_a8jc3mzwty257wuqq4tndnqbvr081i1ccmn3dn1gzc,8,8,0.00010637671245928929
addr_ow2fmxb3crs2fvssse4ci5o4topbnxd7mrj86x4jxt,7,13,5.258692274951653e-05
addr_6tbalw4evjl4pc7dmihwrl1dsqh3y999u8zee8d4kl,11,7,0.00016066216192943476
addr_jx97wc38vzkrpngfu0864hfm5zp24qqcz7k91ztpyu,10,7,9.102698606820179e-05
addr_p0byu97csmosiylwfdlyw7pwcr29krdblstjcjxc6j,9,8,0.0001396905911824218
addr_kb92idelozcp8zqz9fmchyg1xlk211zktldk52zwse,8,7,9.616160646953242e-05
addr_xkhi5o54fxerl6feher45vged9ol1n76s20eupz4sb,7,2,8.687204814702575e-05
addr_7m9p85o2mdxx5rmtvr89zdu8baywzcwhs7oegvvu33,7,7,0.00011212975118358393
addr_b2rvndfdw79wcxz2ei9212pgyme6rpkzggm0j36tcf,8,17,0.00011314371839082899
addr_usgbe7kop7t2k6xvne0ah1xjszxggkudp63pmv5hnu,6,10,7.449320073884104e-05
addr_cr9dn4npkrgqsbf3j7h0ubs9cok509plub0rwbd4i8,7,6,6.559604009644781e-05
addr_w51ynzzr1eqb7ed3951u05rd0k1ceo3habxrd9zkt1,10,7,0.00010450959624264065
addr_9h090eljhj4ouzadj8wvwi0cnhbpjqqjf8412nantn,8,6,0.00015583882471431452
addr_7x3igeg44kxuxcvx0432lu2hgfmijc725tbj1urg6p,7,7,0.00010286102537583989
addr_vnf4hid22tv4ujzvt7wytv5bf05sm487fcqnohq6g4,9,5,9.541687373767582e-05
addr_3fon8ong5udlhwv6flvywapke5ajr1ov9cpwrutvly,10,3,9.709237577488424e-05
addr_kt0kxgntusjxbcwsbah6tc45pi2so0dmjpaifowp47,5,8,9.531409943487333e-05
addr_c83llo6u05f78s1z29ljhq7wsxbppribrj5qupd66i,3,10,3.2370083579777346e-05
addr_adlubslv262jkoxr7vyltwpd2f5t330casxkt1z43w,8,2,6.386712106776183e-05
addr_1nlc8jpr7vgrf1hx6zdcujq6fx7xjz6us7rp422ta8,3,11,9.018195474668789e-05
addr_f9y3qihisgx71r27oi5aufvlvdrgl5gb4e9guzj8cz,7,9,0.00013607151328946633
addr_0eeyjkr2mmatifv3hx7usjzl2kn7hqs82y493v45uc,8,7,8.681419589238745e-05
addr_vlaucistz7yj4nqt1w9v46xlk4i1qha30l0s8qwepb,18,11,0.0002655854822636012
addr_kd3nj8dbqy409m3o8cz13gfihwboug5tyn6iflzjul,7,3,8.470463417932233e-05
addr_ib8a7jqdopsley1lo8a4glycj7gscqkkvop6u9hxdh,7,9,7.204332841048251e-05
addr_879jmq48b890zm8jkx2y5l3eowr8j0jmmyr77yh3y8,7,8,8.85785410777345e-05
addr_cu1x0o0crn5c2b2bzxrnr78dlx8fgymtalhdhfrsby,3,7,3.950238675277838e-05
addr_4n6g846pjbo6d51gtyan5wzan0snt4i4rsr7l47hwl,8,4,7.643126873229897e-05
addr_vdtrynd0ez69fwyvexc6ohxy7v5lh9usr5bvubxcjt,9,6,0.00011519553982694752
addr_w8u9ttp2pad854777xn4grr2p1i79ubmgd1eie6akv,10,3,0.00015175740345056831
addr_ufoz1y2b8d539wywv0tj6uz4kx918i0hjda6j17hyz,7,5,9.061981211241122e-05
addr_jgobvp1lbfsh5lstrebsss5fmggt4sozkmstcks7wp,11,6,0.00013492676034670712
addr_bf23pje9ydxcntfx8kipo1mjwvcjxcwyr53lp5qo4i,9,8,8.490149112133614e-05
addr_de66wac8rjz8svkugqafgy16cmmnl8pioo9xgd510l,8,4,7.876884242545801e-05
addr_zo51ialpja3w9q014ngzfmyuopjqin051qepd1ng3w,4,13,3.696594762141603e-05
addr_6bcpweijmmb5jfysyz7pq4ddv283bdw56fkps0dxme,7,9,8.951690841868418e-05
addr_dw7x8osutug4k85vj7mcdb170q7ss2ngo4xmga0z8k,4,6,3.842312838512436e-05
addr_7d53o9y7iydwdxx5huosgprsrueyt8nx3p4agky5um,5,5,4.896967204386013e-05
addr_lb85iskczhpxve6myg16aekvq4rtfwdcxj8btif9v0,10,13,0.00019689410792884037
addr_pzmn20y6td8sj7jyaaddjitiv39201cw5rvit4hq3o,5,6,9.770119540024276e-05
addr_ufi9jhrm9qw3htd8h6d6ohf7j7zwqmpmd5dwdt62in,6,10,9.08342479354658e-05
addr_m393x1q029xc64cob57ncxwu2mj0jv6qhbf4kfogvk,5,4,5.0459764223675214e-05
addr_brwtgx7yj39v5nrdtwarp2tjej1olmeinsqvrwjt9i,7,6,8.993464188624412e-05
addr_3r2o7406g0xvm1lvdbqkvhl0ahgpf8j318x316gpdq,10,7,9.322324243052167e-05
addr_45ji328a3p0czds3errtcs881n49jljkjjyrz75m0a,6,6,7.175777485060571e-05
addr_ltj7rftvi6a8l8f978x4ejbesd9hdvru6ffro783xz,6,4,5.538479345020535e-05
addr_l85nbkssheuic2h9x06o0ggbpfpkdk4v4aqfu06ys6,6,10,0.00010809313184380417
addr_ig9f7pw08gl2fmxkxgaoui1m9lqm4cltiy828jmmvt,9,10,0.00011298876868845746
addr_drvj59nk080ty35jebvbzw1bqtblqlhdwqq0q8sn89,7,5,6.169737857325891e-05
addr_y31zb7w7892nozbo34ln6dwalotsvxqeu4tamcnz9g,13,4,0.00011768981374102826
addr_9givo38ojjrh4cnlp1z7lsux2sz0gxc2dtzgs9vmbj,5,11,6.626089405839354e-05
addr_vczuq09rf8fapnmfozb8g51hy5wmx7abjif2qcpb1v,7,5,6.0636679605996154e-05
addr_wpg1zl3pujp09u7phfocsjl12azx2lmx9pdkdkovjl,5,2,9.109798563283278e-05
addr_3erc1nus66mtku1vujh3ioar1hoc9l6n72gvv4t254,5,8,8.231596467395006e-05
addr_3h4apz1ewq17xudkp9rpxp80kf0kx6jlzp0r3bknrz,7,8,0.00013239579282675766
addr_oxvsbxy4zcbnpem0040k0g8vuwbuhqs7p2zmg4468o,7,10,0.00011742200843751833
addr_bcs9poyrrc6cdgr5jvmkctrhbn5nza3dvhptx5p85s,6,5,9.815420984052043e-05
addr_e0dnic8l7s6c628v8v3f4d9rtb2yptdza06on5ko0k,6,5,0.0002081286122083592
addr_w2in2is4muyowshy61ydzdoz1okls4iinis616fq97,5,10,8.54904574743708e-05
addr_a5c88beayvzyze6ac295h0m3kpw9qufno1bt73rykw,12,9,0.00011050169322363037
addr_zizc8gi60c6ii5wu5flc7uziat7k6gbui17mqr9hgs,8,2,0.00010910252297541685
addr_yv3fvugalt39d7yfikn1ffckkgmarfvb7zpwjto7f2,3,8,3.7023658008539354e-05
addr_zuylfzti8hzpe2y70hqtn7f4gifolk91x0ciei4agd,9,9,0.00013899224950529582
addr_yho5ldo9itzatblqhewalupxsdanam5lquoutjqf8r,10,10,0.00014544724792340096
addr_jo9o16872laqfvkifa9mkeddoyu8gciw20ol3fdf9k,5,5,6.355966162371479e-05
addr_25xmsj41b9hrs4dbsx2id3zuyuse8pya21csrwku77,5,5,5.8748728682120944e-05
addr_s8vmwmfkyof4rpl1i81j2abl3dyh97diyx02w1arvy,7,7,0.00010652326289414959
addr_pkimphwapw80i4oui7j7gtfavjdnfefusam4b09v07,6,5,8.228063762672165e-05
addr_hy7ai33993n4bfiy5pu5wh50jyook63rvwozqxiwe6,5,8,9.955244735784853e-05
addr_1hvs96cn0pid8vpspjp8wz1oystdhyizd3nmj3yh2a,8,8,6.504619171754645e-05
addr_isnic5d5rwavc16gtilyt96696ja5txw7syaowijq4,5,6,3.6734672341452767e-05
addr_i6z7g83wmcfo96us94s5v3ww95sqsuy7cuwwwtq6x1,5,9,5.085070700788011e-05
addr_un308k788ujqfymgrlzo2xqljvj7skfvkaqe26yyeh,5,5,6.987876726593487e-05
addr_b8nl75ez1p8xyv8letp19d1r49gdabyek4kogd8lxa,8,10,8.206338580051101e-05
addr_div8u36ktuzh06dimqz300wzmage3ww5chak55zx6b,7,5,0.00014049684747405704
addr_zdnrk4jxfo1cdhi6pbdqe9bdzhi35srf6sc2sbh68q,7,12,0.0001081848743237905
addr_x5qjicjdan085rntdr5xyfc4kl8cgn0t6dvwrb7f6f,10,18,7.721560590301764e-05
addr_u8yl8b8wlmo4pbgn2lbvx1y4nwkikojm5mk3f2nh2z,8,11,7.1267675738974e-05
addr_n5qq4m5j4gw3fwczkh1g6apdpiqh8ph2tir743a7ke,4,6,3.429954634168317e-05
addr_dh4p9xm35v9c5wntjc3w8wdcy03lt2kg5efy50t0gd,3,4,5.626242295745638e-05
addr_w7w0k26bplq9sdlnitq77yy5e7srkff29202adl7ge,7,10,9.29287426661177e-05
addr_ju38773gqx4g7bo8b8o8opzezdbcomcoa6ntixo9ub,7,4,7.506096751682004e-05
addr_mv3uvcun2dh9rtmbbfjy35djb6e86j8qwau9odu5v0,10,5,0.0001599067976389717
addr_iawtvz23cb2x18nsq05yty4fy8x9iqqswvoq6x85s6,10,8,0.00011170701951934391
addr_f81j67kjfclccr9d47d7nc2dzdrhezul4ae6ya8s2d,1,5,1.7984817872818545e-05
addr_lgttmcd40qb5hu12yilmm9u51idhx7m61qbqoc49va,7,5,9.135760273569389e-05
addr_df1nxuaevw7wroazo80jik6ufmq1n9gu55t7cztrdg,6,4,9.178413373315542e-05
addr_ry1rpiwhcmx1hmxqgl7wwu985j0jzji7qhwwbba6so,7,9,6.577453206091052e-05
addr_yc03thc90krenc92eycuwndveff0qmy7utpplyxhi1,9,6,0.00011225538900451037
addr_rjdl2anps4inco8o9gf5rxe78d29f8px71m8eckc54,4,10,7.471800242738539e-05
addr_83v3x874l5sc47ld9ut9h6n8tg8rtonaitydhlx37e,6,8,7.396391633568551e-05
addr_35ky49nc1q7oist3e4q2fk9jm893njt1dkdrts5sc6,1,2,1.7429492850260723e-05
addr_0cfwiojyn8xgfj59gv760lyb6jr758rk17mm3b2ida,6,7,3.2521857891420774e-05
addr_k3rmzm2tvgqr107jqnyvxcs690b2dfhwc2cllpgwdq,3,8,4.6181373686532134e-05
addr_8of7hnw8yle33qq54ro62b55195m07uwwju0c9k71i,10,5,7.750623633196715e-05
addr_l1j2vwy8umnw6l4m1trpuyd6i5ho9cy9pe0hdj7o9x,10,11,6.95314064601748e-05
addr_gua09movc3nmmwc4hjgywe14yqtzjt0zk6duaampv0,7,4,0.00016856864761202208
addr_5uhnidnzcwvmatwgrucheip69bqgi1matkw8la0skn,7,10,7.286841569086919e-05
addr_4gc4ryg9rdpxdfovd79c9mv9e40kzuj2xorvork1dj,13,15,0.00014964312796850372
addr_bljvg14ev5cuco66kyupxs3xhs9yrxmip416776uq1,4,8,6.009631694969058e-05
addr_u73ha2rlm9rlzifyqjwearobrijjjkq3l7046zmm4g,13,3,0.00014822149678542617
addr_n5a4fnb6ii1p2q7fjsajyk8ib4tvgxwpczvpqfxudk,4,9,0.00010159539385126224
addr_yvvwysv1bxuie8cd4zyqy5qaix72sc4n53ibjmlna4,5,8,4.305733988383628e-05
addr_msf9rxihtwikv49vzp6iuufg1u2hc6sjrb9qvxq6hw,4,4,6.489280822694662e-05
addr_w41m7qo6nmvt3zfwvnb2sr47am8w86dtq0mueo0f0g,1,6,3.0943281416093884e-05
addr_98qq64aerqtd8p828cegwswcdctya4zpuyx94aisb4,3,6,3.223963769487184e-05
addr_7whxclyekobshu7fg33ssim1t80fjv5qbiou512h2u,9,5,9.633195148326937e-05
addr_sv7fe2dibm0ys4fstp9snlrp7bhk6us8v5ckas23r3,12,6,0.0001525006312695629
addr_e31t3a1vv87syrwbhobqqoj8cgnm3gajskxc0csfhs,4,7,6.676945254168479e-05
addr_1dv7rjf2pdle71xe7wkbsqugbsj705hd662h8qqka1,5,10,5.638869852316598e-05
addr_f8n1dsd894xqim2p06t2cd5rmaitwuehv4z7tkuyrm,4,6,5.485927159123975e-05
addr_tai712odptwh76lvs26fux9ny5ui8n1qydyat5k7pm,7,7,6.818348770089182e-05
addr_0ly5g4a1ihbhf493pfxfq0gqypu1wvdjvua22slifm,6,8,7.893350521110057e-05
addr_bs7in20q3hecf61j3i3rnfx47dtjxj7upq5kaulwvn,5,3,6.079560976323e-05
addr_7zvnbi1cao8w81ayuam75psz1ctw689mw68m1inufn,8,10,0.00017175184095295732
addr_kx5y9a1ivs31eodw9jqw6stcmkjof8gsc7wo68xvj8,6,5,6.79990270345814e-05
addr_uecpncc2keivli77jzc58cu47soczdq7jbmjm1ft07,10,16,0.00017295898087599807
addr_ek5a0xujinhd5xzwbh80et4084w5pr0qxeb7c5ktsi,6,4,7.634834595537708e-05
addr_rufdaja7bj46n6e0e4fzbcie99sv9cn9f3uxqkwn5z,12,9,0.00017994996948195782
addr_06iks1nchln5bqwzmscm4vj1dfi5arkdewy0780sa8,15,7,0.00018512840576922706
addr_p3t53xr9d129kz24i11qjd5ln55ej1yljzccwxxdw2,6,12,0.0001045105639135417
addr_nqxuc1p7zcpbdtg0azdkkqahsu1giq05pmyfkzc7c5,9,4,0.0001255546670337096
addr_3hopzfd35rxz7lx7et41bznz2r63k7ijngk3z8x8vh,4,7,4.179684594533893e-05
addr_ke3yy8r6yd27wcy6fkrvj442vyr2jroo45il1yueti,9,7,0.0001062646003586605
addr_t7u5a6rshfryro7ak222665t9qmkf3wuwoq98m6cop,8,8,4.2699241267772056e-05
addr_mdj68lzqwr4g694jgpl9tsgzmsqn1hoayhm8cjy3kt,9,8,7.37569605449065e-05
addr_4ewupiq8oq9gdbmca75z65nkdfcfjxnuyy4c0nrl2h,7,5,7.502751049486974e-05
addr_4spfdrwb2serev361xsnbti22nv01zderi4k5ogz2u,6,11,8.576181187144524e-05
addr_yfb9lrdwpywi0up9f6oozgvi52la4v0ke12naic59f,7,12,0.00013137353307974718
addr_wrvujgqiarllvdtg3llphx4qfbd1r5ntf5qspjkm09,8,2,0.00014331016443613082
addr_qaj750dcvydn0m3togl1ly13a77feb2k7snzxgmkvv,11,5,7.649352313714461e-05
addr_ppq9oyn6uestfoquik7dpquwf41sfggpn3uf8ol0xb,9,6,5.505354722424179e-05
addr_2e14erdsn9y52ka1hcqhadv2wvx48tb9qhus9qh4rn,5,4,6.5238084419886e-05
addr_9qeo9s2cgcfm90o40h7011wauivnl118e202s3doli,6,7,8.247070171670975e-05
addr_54n0oqq8atyr9sjyzs1xp99w3bhub20yzqwj1hdlgs,6,6,0.00010062141549730431
addr_lesa2v43npi4ddreezhjq2q8gg57uyqhdq6awr4dqj,5,9,3.8286104204207463e-05
addr_t5u694kww4hn86vwpewb6sf1f4tzgnqlreylewbct6,8,8,9.204087421902613e-05
addr_tqt3rei5i8jium69x95p48i85qdss5oi4tokyi2bkv,6,5,3.4008691461661675e-05
addr_6febwwt8c5jo9ts6ldf27rgpk5lhad8y0itep2i6kt,8,7,0.00011479776361432235
addr_u22bznnysxrq5p31hxwrnnk8qvxl5vg33avgohct0i,4,6,8.768727358453448e-05
addr_vkznugq7qvr7l76bynwrx4ln4x3r7hh0si33cl2hze,5,8,4.616842778162982e-05
addr_bjo08292t7dx895sagti9xbs7279tzrwckk0bz7u7g,5,4,8.41449902335405e-05
addr_pqdpbi4xxq68z5eyzmiis2l7ds7c3mzdj7xfdn2jzp,7,7,7.395046560475985e-05
addr_fmevd4p9v34aixofloljhufpjiga8o3gmmdcjrls7e,4,7,4.3421126922198754e-05
addr_8vaobbgnm5jo5fqaywknwnqt2k27tjitt4l3bq160d,5,4,6.010077729351256e-05
addr_0pbvtj49sm9bhchp13wzzmgkaqr3qeb5abbq73wer1,7,11,7.009156768597702e-05
addr_s4rb27otj3vi0rrew6qgm7eqbmbhc9gjvxjztlwhag,6,13,8.865110895509956e-05
addr_9hafzk33w2fzly9yvij1zt7rj7ap14egfbao36cyl4,4,4,4.227899028040222e-05
addr_mhu82mkcsoyrku0uiv527dsx0x0x2ap6k43f54v5hy,5,8,5.387523933461807e-05
addr_36butywq1mwgj2lwsjw1f80g5ve9vontb310q1yw4j,10,6,0.00010838548407456713
addr_igpc4re0a8ltd34rugz8ce9qwdymmpjuavb794r2na,4,7,8.205956311612785e-05
addr_mc32kom9nwmyvwexvwm5wbjcez65y2tcjnolf83vf3,5,6,6.51261511020109e-05
addr_l4zklookep7y6wktakpuxqphr62gdswm31yihair4c,7,9,0.0001368429779854254
addr_gft9qq9ozo6edgs6faxc6y53qdnhtu631job70sxua,12,6,0.00015894862464071498
addr_rwoskayuf60vvxgkj987rkestyttb6kkscdtmspf96,8,9,0.0001455088140639449
addr_duvsc48j5b02zzxidownto3p25xhbk5fppbau3inx7,9,6,7.054417197207584e-05
addr_xwyl5whlmz3jaykoq8ltd7y9vmfsmofskrczx6otdv,7,5,0.00010576139341821752
addr_0vjkljfp4mfuwc9yxt4hqt97lzf1pl0ol8g5lera6b,7,6,5.684035804431616e-05
addr_qy5rod22k9l7zzkny85yvy0mr1ikfwalxcb939gdt9,8,3,0.0001025279816899169
addr_74whmrwmsv0go5305exiu2er6j8xs4ng86a0n87d64,4,6,3.0245513544570285e-05
addr_ehqgqkbcms7h154b7uq2aohnvwty88wp4v65x8or4a,10,9,8.541586995172594e-05
addr_udd8jk4f2k9tyoknjpxvqgrx5out91obgy5kl9b5ot,5,7,9.114188238769325e-05
addr_f2elorz3wzdsb5xojd7xr49v7jnr0drvcnigmmihhj,7,3,0.00014536090808900685
addr_8tp0rgiddvzz1869g492chs7sss3rqcbubv8x1a7w9,5,7,6.294154488698707e-05
addr_6w14e2l83kkofbdn2gwwpr1q9z3ig3nhrcoskpsceb,7,3,7.21455642830614e-05
addr_lls51piagwkr37h4kymhvkcxallssfk7qirjqr0u09,5,4,6.24765036596359e-05
addr_z381kjiebogmj14sk837bgiy1o1e6pn42unn1iz9g9,2,1,1.941269253291183e-05
addr_7fgfp2gw2kullkfbk90qg22dvx5uqin5ibw0fbwpv4,8,8,0.00011585088851580581
addr_0k44uv4s9rweh8s88jbzoj2z3glbkvqrmm8dcgi2nj,6,6,5.9570439853157275e-05
addr_ugw0u1jl4zrxxjtokmp4b19i3xd35qnx1satz738mg,5,10,7.2155697865914e-05
addr_v48x8re7e0yzzks4u95fwlgyguhzcfg6o5in4zyfet,8,7,9.097687098493552e-05
addr_qefnwgeengbmmf3k1quldgwqat4m58bx0xofwb6pjc,6,3,9.155457407400364e-05
addr_pf8n3bcuofeq2a5js8aioz81b0tw9wwmoyzvv0har6,5,7,9.914048446152514e-05
addr_tr0obq1v5m46ru4nyd5wf9bsty01p15bl3bsb9uxxr,9,5,7.338809070059635e-05
addr_1582xauya9sczfdhzr8k7l48hj42vnvg7zu0v0nkjq,8,10,8.950302486555849e-05
addr_q2p4lz26efr6u2xkk5f7a2ln7xhguodi02ftx73762,6,3,7.398757861254414e-05
addr_wx0i3a4kfocnqdqx6qd0771hll9rzrkbfqxlbvn7np,5,13,5.4878956050382543e-05
addr_15sicr5pkv79hzjtrz34rwtxbnxnb4xtm4rn5hoght,8,5,5.9343604559731674e-05
addr_3rwk3otzzrbyqgyiw59odm7k0nt95ost10z87wg8v9,7,6,4.748564020403148e-05
addr_880w3kwjbxtdcyrel3xfrxaw4ex8a685pjevylszrs,8,7,6.737703311955155e-05
addr_l06l8hgw0havo3oq23mmahicj1cgvd7exfooejkyha,7,11,8.736571926748669e-05
addr_fadyyeyjc2fizeemuyqq1weectg65j7ei916gyasqq,9,6,7.724888854377574e-05
addr_hlvwund47adbc8hzi0fpwxpjr9vrlf7a9zb8sij4qq,5,8,5.8723906903768954e-05
addr_vsb58zbniab2yu7yf9ul42m3zkn3pdn68bni976f7p,10,6,0.00012904421141329855
addr_1b21wijhm0gc631omc2ybc84wol9g57f1hksekn3xr,7,10,0.00010031834299121981
addr_6o4cgh2dv4sxv9hxiy4ylil5rypbedrgny39qe6smz,7,7,8.923772617258906e-05
addr_7k1qd8k2adq5wbxftnaoznt9u8r44fnzwpxw6n7iq8,4,13,8.389470191308844e-05
addr_131pyl4a3rlgz13ut5qxdlxuc61eqlj7dd7k2tbr3m,6,4,6.469839843239204e-05
addr_cvx7fkwzw1jklrwn193i51nyoflso84bs07vqo0tbv,7,9,6.650668926421999e-05
addr_niuq5nhwkpeusrc8ljcr19k0f5b3201zuph48zyqv8,10,6,0.00011542890014593619
addr_sd15651d2t9xqm8ivwhib8bmm45nekpzgqswigzvl7,11,8,0.0001413261830078771
addr_d6b16ik49eagcuca57fs87q0vwrgpiu6h66a3gzffa,6,9,0.00014612103734442823
addr_pdbnb9mov2alhkcebe36zsectvzd1gd8zmwkg0ekt1,7,7,0.00010565017413281237
addr_kxy4z9clejx0acamw3r5ceyok9v4ho57bzjs12xu38,6,2,7.043639116908631e-05
addr_7hg5jyu0uc8g8snm7v4j6x87xpr357c03f87lchjt9,9,5,0.00012128164142968887
addr_rnznzmccyc3t13hlozesjncrbvxketugknn520uprb,7,8,9.22586336977827e-05
addr_mu0m6z7j8dgcinsnnnbl5ito8vd7u2tv5slgl0vkoh,6,8,5.2650644152705025e-05
addr_9cbt3ztmbon24m3z5a0km653oov3rlrarv0gk7jvtp,5,4,6.890763233135587e-05
addr_2rgdjlh1pr5cwljdmxzmzowwtyxnrmh6vovjq77c7p,8,7,0.00011433325561414479
addr_pp5z90e497v672feb31hodnozyw1hc93vwysaghwlg,9,2,0.00010162549201236662
addr_9p3jpxgh30153sflse45bg34iq7zj3swebnvg5vmf6,9,21,6.407754551879457e-05
addr_imigtxpef6nrw19ifkgd90fxaiasg82ppp5iq8ebyz,8,6,8.245165632387371e-05
addr_2wl33jxvwog26a83xpfyijpi5mx1wb4c1kslatvd9o,5,7,3.256094812156804e-05
addr_32lwz6o98z2mf017fcde5e8nq99fr8qooege1gtdy1,9,6,0.00012709848143954613
addr_3nir2u2rjw2j5i08q6hketp4x3okv9f2ry0hbhc6ei,5,11,6.162403410418264e-05
addr_ea9prozw489n2iak2uj2tdfiqn31zp2grnknszo5yh,10,9,0.0001315689108634061
addr_3jc4biwypaq2can385po9wo7q85yznll00mfmoooc0,6,5,0.00010118178739637912
addr_5cc9zzc997h2hdxkeclpsrm3mh11d41npu65a570x6,7,7,0.00013856028081198874
addr_sbtwl6ozbd036hx5f9ay2ucoy922zl6xgy4dj4n4s2,15,8,0.00015794532500674755
addr_p90tl0mthsskcpkabbcz8cw6a8tn863rk64n4x4u8t,6,7,8.560606288115943e-05
addr_5hbstskzith9z3ju5kg5oyqtrurixfvjregeov8lgp,4,4,6.300340405731756e-05
addr_xrth3rymcj37zxz6tc5rq9g7f02hmpyu0ip12gnveo,7,5,6.162558891166147e-05
addr_wdv5ptt6ni2v83nklcu2tmzuabfd605qw3r2ki5s2h,5,5,4.586365638632319e-05
addr_iib380mxnux2aym5exd9nw6pm8u6p79hfo0bmoadnd,7,6,6.607568625812591e-05
addr_prwu1s19yo2qhnlzn02c2lt89s5qu3nly5qdkor1al,6,4,6.35489024679885e-05
addr_dhgzz0jkibu4fmpkxvhagkc4lorxdtg5nqjqijc1yd,8,13,0.0001254430323822127
addr_jo0wjqu0yy7qb5ddszrma91qfkuy7dkb4qptwnota6,5,6,7.687492872586021e-05
addr_he6hmviul7pymjhbfdoio0y0qh5pf0kp8wwybobkgj,12,9,0.00011097136178398091
addr_l9vtfl8rk4mi8iy5q2obrvwxjqw0mp1swdmqarogy0,3,9,4.9598502359827235e-05
addr_qxeodfwszejeis4hzgdjz3mhkwyz3j5usrowjev4j0,8,3,8.2321424313715e-05
addr_l751woj5fmw5cvrubipqbza4e2qscfvz2cnqh11bg1,4,9,3.293429993748516e-05
addr_uaf4j990dsc7mv0gylpe0aweg5vpfuh7ml9s4r11bp,4,11,4.4874895281617766e-05
addr_4znwr6e6ux57iq2nbq25iykkmfuxzox1fq6k13h216,12,9,0.00014499279279175348
addr_xxqs5hrjc82pzbah57qoyslm3z2zur0gd9ao6nbpoe,5,10,5.251812310585053e-05
addr_ijtzb08b3jtj03l2tfk2yx4wyn2hrzgyk5402f8x5q,6,5,0.00010938358252745538
addr_kgae4nv6vlfq25ukkn0scq04u2voq3ijivovc8wrmf,11,5,0.00012060688239463868
addr_0r2vthe0otk6p2pypll27uwc48931cowgtca8mrtvt,3,5,3.6817652397190385e-05
addr_2ds95eebrlgtu4l0by9ivtq6uljfa7nebr49bmoi38,5,5,9.04713898661172e-05
addr_cosp702yh5000oz63qqqzh6qu2lssqfjft0upgv1b8,8,10,9.151783162466339e-05
addr_dg3wolum0wbnzs2641sru27q96mkmznwflytkpe6xu,9,12,0.0001757113097491894
addr_g7bhx8o13lbswvh0our5wtm1kclnfrqsvsy2lmjhvl,8,10,0.00012648125145917869
addr_cusc6wnef1cjrh2wekb35raqyqkga02w0sxx3ifmw5,8,8,7.534355528849043e-05
addr_vv457gnvba43ijwef7r1bllypgw00jyj2dsaexmojd,4,4,4.0716663986450994e-05
addr_0pm4i4u7broixcofme9tia0rsi6tj87zzpelzf65n3,10,7,8.428624768704534e-05
addr_b0brhjdj4bpf08434ddjbm3obnmkukqjpfoo0auw4s,8,7,9.26418280694935e-05
addr_1wpxow7nsza2yhewu2z833axp4euc4kdte0m8902tu,3,5,5.189301238367213e-05
addr_gt3fv64qp39mop5m9jfudkqfpxj6q2wswsb3z8e4vy,6,8,0.00011223547280882853
addr_yh90jukl3qobbyyqjnxpzvf63836xs9wswwj4d15z9,5,6,6.297954222806657e-05
addr_y2o5fy5g13r586m7rwi44hvx8qpkij7myxb50baqqk,7,7,8.791832607420421e-05
addr_vddrmnyi8s6cu2lcmaanz4k8gwtuain7s6t2g3jhyo,5,5,6.238199357183872e-05
addr_ckrn83onb4rb042ogjitxj8ldu1yv3veco9dcg5625,7,5,5.908563646713505e-05
addr_ayhk75ojsfdlmjr4waug3cpi6z8i4bujn76o1jqapj,5,8,6.717055074124575e-05
addr_uxxjiqihu8jfqc2v6zlx2r36l79nypq9orfh0o3ujl,12,7,0.00014266105486249303
addr_8fk1qbbw3la1gqegzeuv0ygrsgi8lq2joz5ivxd28s,4,7,5.80835105011132e-05
addr_l4yzsc5n7spvxlqxffjov36hex7o7d6h53nli9kglw,9,7,7.874384880934992e-05
addr_aqkmq43zqk1lhzlzm8eu9zf2yx62r3aou3en4wf5en,8,8,0.0001028210227113853
addr_knax2tmx6i644t861u0ibqniicd6o6w33ldxfg4175,10,10,0.0001261257309231406
addr_z4cowtqp6ynxjd0tvoeulodwx83svfy8kjaqma8t9p,10,8,0.00012704174310819308
addr_a0bn977j02o7yyqbc9c35s3jsjbzdwsy4ngki3ngfd,5,9,4.413893057552529e-05
addr_o7cw9cum6sp9qoc8umfxhp9vgoz7jsj8eixxgr809j,4,6,2.733375907274466e-05
addr_09tnv77eo10vg1uk8pczakv9p2m4sr9dmga7f4ffa1,8,8,0.00010436080128978696
addr_15v2sb38bm7h8wvp4ugk6lr295fusyy84zw52g09lb,4,9,3.149386670139258e-05
addr_llm12zh8togmcchx34h2znit8tmy3v737xx0ge86qg,5,7,8.968386148647297e-05
addr_zk5f63j0qca24mpitb2q9imrfmmvb789zofknlx21c,5,7,5.048745777432158e-05
addr_01s5c3kc3mwibhj3d9a6kaq8sje4fmqvmkhbkuuof3,9,5,6.016069630250377e-05
addr_8lzkdeuwivivznn1d83142puj0cqew03x21o3ryffg,5,7,5.2126079829103115e-05
addr_dmtrgqov35vwwg7x78m4ncoa22vdkaxswgyztx69o6,8,6,4.3370512735179604e-05
addr_95s1c0d4podcu5o0q2k14a3k45k6ao0p5sac07j0np,6,6,7.109672063554746e-05
addr_60s9tk8h12jpcz5nzux5ezofyn8g9ypqx94fv8d2gh,7,5,7.736301107759312e-05
addr_dp9wbtu6klvpyzmbje76li57eag9tkkgv0cdwzq8cp,6,5,9.271497211829395e-05
addr_5k9sgl0ym7ki1j45jcmxln3i7bgs7hjjcsnjswrgyg,6,9,6.252367200405997e-05
addr_z9oh82c40m6sp9hi2hx4zllqvd3ehz6e17k6uk462g,4,8,5.422550485705774e-05
addr_a33xih8r479w60ihj7hc89iyi8krv1a5rjnjwits5n,9,5,0.00011332075646827179
addr_27ch8tise0lz99upwz0fi2u6yocakosmfk2xbpf724,10,7,0.00011170593965196664
addr_0rh61i036k9q83vus6hwub5zp8sic1kjtp3rb3yrii,6,7,7.802534414436924e-05
addr_imshok2zvozeihvtja6pntejrv3w39mznt0q7h217g,5,9,5.9549981722991585e-05
addr_i7l0oz63hzeeupisyjiy6dumpzbfks2zzv871qzjah,5,8,4.688782073045082e-05
addr_b4bzenkrtaea3rzzzfle6zsxgjtlme1l5gpecimzps,5,14,5.152930568047224e-05
addr_hfuez5lwdijvty93lv3c3k77jj6v0pmqf6br2led4o,6,6,7.958677704950096e-05
addr_zvnn6elc68dwl3ebb92iex1yvxdra6bdiovys6a5jv,10,2,8.385144225947737e-05
addr_e9wakfsue55oxt7srngdpxtpjb4ip9yceo653yfc7l,7,10,7.899479157263389e-05
addr_4cxh5kzz40s1reygw65l505kch6898fz6dahghdars,9,6,0.00011980558963673056
addr_9qeolidzf95gaxxsac9d9gpl7ngpdarrbyz328ppww,9,5,9.818552711731035e-05
addr_n3u1989btu9uu2bthifkvwp64x7zkv7tm2ovnvu8t6,10,7,0.00012073555479718895
addr_2y84f4g9uuiheort1vwlvxd9kpue0swy8yx033wban,9,5,7.521405512692579e-05
addr_puzl7rqcs8gnedohvrjqayzmx3p5kug2ml15g35fb4,11,5,9.682920021219455e-05
addr_b9xng9o2pb68o5ed2wmpyqcnprfkpd56g8amgoyxqj,4,7,8.1158900086628e-05
addr_u9iqdh5ehc6aft3zu61nvmc609zbw4dlvn3ktz0z73,11,4,0.00013874930789282665
addr_ndp3jxl039byzuqgtbdirt1p4pix0kh6gf9oj32pkh,7,10,7.322644474403097e-05
addr_bp05a88f4727gmcd2k3xik6nratsh9g396eg2teki4,8,7,7.994655551016838e-05
addr_q9pkl48hb1no6c6zh6du9zz99vmhvr04jcrw9a8rwh,3,5,5.695123089295106e-05
addr_ifdp0ujrqxrhnjagr0dvq5ralmwkpgsle3bfzn3oi6,6,6,7.699314371758041e-05
addr_iriiqus3t7c69bfiqo60a0ryqpfqqb5tnn41wc6llc,13,7,0.00016905957672956715
addr_i5u5fidthi4bg3uuegifmcwe7ksogbdk6sfegdtij1,6,8,4.989371765787738e-05
addr_8yxzombwz301ecfho90vosw82gbcksy6l1ucowke8b,7,10,7.398265403065144e-05
addr_rh7lay64yfds0dji9kqdgbk2l0d1b4xgmpw5d3go8j,13,11,0.00012065269594001205
addr_zg0x0jdrxn2vegvlsl5szx63jncjtyps1q0fxtvp85,5,7,6.481418565815005e-05
addr_tussjf6sf77k9s8i56u08g2efx4pyis9vi026cs5j2,9,6,7.471060216665058e-05
addr_ses1643m67j18p8j44m30qyfu4mq2984n4hniygx2i,8,8,5.0900822593415825e-05
addr_q6ur1e89cm4tmu0cvz4sqn90wsuagzil1qj0ve5tsy,8,4,0.00012868048164116545
addr_xa174phq2sagk64k7rb32rjx6bjkbhqc711uxwqc1t,5,7,3.838488117452824e-05
addr_jwk6z0hr9t9cd1lqjsqcz0n04oae7l0rcti8f34gad,9,13,7.417888595728733e-05
addr_m7qmxr0n9aiyuq96iczda7ijlqfnollb84g403g4tc,12,3,0.00017443604347655185
addr_fxlgqxhlcezh82mwoljalvrth5gr8daqpmbn3ax5at,6,5,7.488224490201897e-05
addr_sdwkc2ov4iflw9iwmyi548t4m1h0g2wp0g4z33b339,7,7,4.62119062541097e-05
addr_qg2kod13b61kpfiia9ude2l6jrybi8owgu0e6e58av,11,10,0.00011716992114594925
addr_u4x9651kn8rwbzns5dicaaeykyh53zfwqmdb6t6ge7,6,12,9.577305352981173e-05
addr_di3r2yiva8g04q7n0108r4zy8ku4muo6s2mi18sl5m,5,2,7.627064733665586e-05
addr_bagxkk36qsttgiqt67f2heqy8lbkyyt86r5kxsolvq,2,7,2.763368602139207e-05
addr_jq3kv29t8pgzfu494020s3nlombo5g1a85ysfs5o4i,12,3,0.0001470319980042195
addr_uqu8li2glud47m3ejjoxg4yzrqd0nifx3jh5y0xgqc,7,7,6.074704453817981e-05
addr_mgwa0mxfntna5a2u5eiy6yfmfbr560ygompx8fko2z,7,7,0.00012676731040712813
addr_wac9n4am45mrkk0d9pg0k5w5sppo49hq45bdjgreef,2,7,7.294301482328404e-05
addr_ykq27m7nmuepzegvhcxbtlb8bkfqk3jw7zvrnf5ba1,10,6,9.157426837129322e-05
addr_jviee1jjflbjcfz2ys5qnubus3h9i695jmb5mec5gv,5,5,5.091675763324585e-05
addr_ggp3lzi24s667a0efwjjo22l01xnxjus1bjhvekmze,8,3,9.787936605254466e-05
addr_uy9xxg3oe6fef043qo7kedjwke6y5o1ul5bs5qfy8u,9,9,0.0002716251959152659
addr_vnet3qmlr2cn89tf4fsb9izuyslxtnbz85rhk872kv,8,7,9.1716429705953e-05
addr_1zjhx8gx0gmnt64nkrza9vg2l1msnwip91oam1momp,7,5,0.0001291718437254151
addr_4hahkhhwy72t4t6l0hguxr5r5fscyxs31zyokqft8l,11,6,0.00011792492010440088
addr_x06tujo12gamsc81xv9tpklsknnyip7hg6g2ccjozu,9,9,5.783067845515691e-05
addr_nbvwgn26ud3092coy3up12la68fm215xk8vxs84iyu,13,9,0.00016145486666692735
addr_5vsc5yenyng40864x81o38k7ddbc0ceu19qg1cacti,5,7,2.6821689961392354e-05
addr_dswqx1spbimrrcy9y07jd24ah9joehwrhctn5xefbj,6,6,7.089293507520318e-05
addr_e8a6az55g6dcag4kf3z16p17x8kzcz22fadg2jpao5,5,9,6.518917954385403e-05
addr_rzf2139wb8z25d6v0ok5z68aami3z83oqizfhcnms3,13,6,0.0001987588502668885
addr_omoysvoohl7nbao45frjuwmvm7fogbm57qqdg5wx25,9,9,9.189454793831658e-05
addr_i4fe6fhh4q6e8nsu70dov8jsnvkd9vl7fc06g5gcmc,5,10,4.722314122136171e-05
addr_h0gi3pmyy0g52ra6b7jlh8larnn1twzvzwl222l4td,8,11,9.701155950240285e-05
addr_19vjwf0gwn2zou5tew1mabtr6z5uzr5giw8w7fb7q0,9,10,0.00014266908675196152
addr_4f0drrr7nspkets66m1gy2ql9pjwuiedx7bmzp6hkb,5,6,5.8084025355832595e-05
addr_hzuejep5kupfkqwdvc65hys7b1qayttz9uu5r17pbc,3,2,3.32302181084906e-05
addr_miarjjzityl4vmn8nv6w22iv791h5w56gajhqa4tz9,3,7,6.010262601006338e-05
addr_enm5un7d00ykgamyj4q9cs4a2is069x8plwq1qu1re,8,9,8.100791432711517e-05
addr_hbpqgchwyl8sikyupag4el171f8i630e2w4d4dqgvp,4,8,8.27146777525474e-05
addr_q1um2su7zkxcza2oa8jfovos7pq6jf99a9kp47upv1,3,5,2.3609997193810257e-05
addr_nrvvqfn0izh88rbywcybo1y97jylaqs4fusnzdwp73,6,11,3.5464741106958575e-05
addr_hnqdmxqppl7limi9imw71tbwp90ot7uhp18qift7mh,9,5,9.477999128302044e-05
addr_e76mn4vl9xmthxeoqvefnxgoklxdf5ztzoyllczldz,4,5,4.121982208062522e-05
addr_ulm44y1kv649l0mrc3kefhgtgniytywsko2rkdzpuc,6,10,6.154302258550872e-05
addr_xtuyl0bu1iadyw8wr4iji934qpvbxsm4nix4r5b92h,9,4,0.00018105987518024445
addr_57hrewgjmp3ksb4y90x88rr7fmv5ts3a5gk5c40y63,5,10,7.525978262779248e-05
addr_y8hk6z6bzld25geraguhen4wdcfukj8bjjl0qi4o2q,4,11,5.950140539877299e-05
addr_qr3hf2a1gjoqvxvvkwegfhzedoywtqxsfau08f0y5p,7,5,6.90648342670065e-05
addr_n8qb5p8vahrcpyrd4q98l95pikgq4ihrligdv3kjq3,3,10,4.058283748600352e-05
addr_kiau0kfiad70cth3zwchfkf5uhoiyfk8as8671yu2l,8,6,0.0001333022496586754
addr_p8ni1vw6xxxreax70m93xpn8zkuvgy6wizx5h4uo3z,5,8,0.00017454252111324018
addr_5hpmfhmgawoqi32gs2dcn8dmkj5qyihrglflitclxl,3,3,4.326340642789953e-05
addr_ce50tmkbtpd8nmmjkavv6twp35wndy8l8m835ke578,6,3,9.464029709836115e-05
addr_md3v5s7w0i1nwf45p3w9aulte7ebtuwyg2ybrco1fo,7,6,7.305024162878016e-05
addr_qmh1k1075yuugzzojqvq0uu3zm748v4r8mk9qmvr8v,5,6,6.953750786768269e-05
addr_oe5iomqd9anotqlv7rxt4qx20t2ncn47dvcfo9re3d,12,9,0.0001323970779381335
addr_rxvlr7xdhoge1ni3o6szhaqm3aqqk4aj7h9fg2a33i,7,9,9.563730259229677e-05
addr_u13hpi3y4xwvs3f76x2rmyj99e1teqno2cu7yeh6ae,6,6,0.00010577242377635905
addr_bxpfyjl4ykfjratlcezi8ubezsd1fimtb6t9by8nhq,6,5,0.00011248251659417779
addr_twvmg5fze7vx1nbin3fwba6b9tlh33gwcshni2rdu3,11,4,0.00011495054703004529
addr_msfkog258lzdloxvk9z8u34i6qvlc702m13o38f4a2,12,9,0.0002079793848444732
addr_qq1f2vo5wulcvozg6py806yy9d9gggkcv1dz4v6y81,12,3,8.982455106116327e-05
addr_f1625a3oip1jwrljc36h49izwpayzox5utsqgy00o1,8,7,9.010895199608248e-05
addr_hnt4qjp7d2o05g4c71iv13jt29t2nmfbaxj0ij533i,3,8,7.292038493670992e-05
addr_93gnfzmj727tya1ce6zow4lca4ze0bzoqrl3um059c,3,9,5.9172437169470494e-05
addr_3c2jey3ll7u2tpijz94an87kkxd31y4w99hfk1qn2i,8,5,0.00010245679531217345
addr_apoeeskr3w8hk47kpbqmbb81adcw6c6ex0ncjyk92c,7,2,0.00012605746413962336
addr_g403pn2a4ajph9fvx7s39adwl7g65mhv02w2y685xi,9,6,0.0001091861885114398
addr_5po4ag84n74f05yojmube9t8l9nsifpoudqqy1l04h,7,6,0.00010944213626769938
addr_on3l3nz3wqcnddpaudxl3lh2yk28d51n0d00c3vz1v,6,9,4.946603236699555e-05
addr_yad14fw3qesltvnf8g7txh0ukuz4ph10mau3pal7gg,7,6,8.148568347922428e-05
addr_s1rek1wri9te7su1mzcqowz643i36i7n6xwwjn9wee,5,12,0.00010349471725595726
addr_6jp3zjlq1bpfwsq7tfs2e2fozz1jpahrx7bnztahy8,6,5,5.478717466748434e-05
addr_03y3pawjzxc7nemcx655h6idydnrb3dm4acrpqnymp,7,7,8.360522504235682e-05
addr_x578uo8j7leak4rx5nzjpxtpviyi0irdleontpkkcb,5,7,3.817183002076607e-05
addr_l4jpzd8dizuybothwb3mxzeak3lt3dkj5hiav3le1s,8,8,0.00011591162587449947
addr_p355phc11ghrrt9e155s5gbds9o86o23n9kb2zrqf6,10,10,0.00013248358215645905
addr_hjy9qrbzu0axhotyuay7v2ikqjk2a4impihq17j3g7,4,9,6.9393020011397e-05
addr_zapuolxpouv75d3nmyb4bomzqb09uw8pdwxezihzvz,6,11,4.875671511153518e-05
addr_hj9imy2klgkqhml0ls6i1tzys83x7efvhwbny50n55,5,4,3.4594920318069225e-05
addr_xtw0riowsk62vrff18vm9sg4ktq0k6htqv584s38v7,2,12,1.9847448131764547e-05
addr_od1vqqgblgfvbq7psmi2r6mtc5pnasd1mqkdy1j4ch,7,8,4.513628901419871e-05
addr_3mml3yozwsokinqpdraxtu5v3wxec6gplp9l4t5ov2,4,9,4.8876822208175666e-05
addr_mgpqrm82sa2p3gqel4rk9tynjmf3xtumqcd1z0pmho,5,5,6.547088667789682e-05
addr_6iea6kc0ghb6eagjv8yg3qn0k1p1tbbrntamyx6umq,7,7,6.585247421723389e-05
addr_7kfhpotlq161uz6o4ksdo69w444og5e4b1o7dmpf4r,6,5,5.250350223910029e-05
addr_mc13ea57m1wg2gupah55olgirxvetliwbs8hwg9hld,15,4,0.00014367900447617487
addr_3cchgucq6wgsw70rvi0ica2mjoaz433be1283qjust,3,7,3.1606940173410446e-05
addr_tkpfas3l28ysjc9rxm5svc4sp0rbwzfbk6zcgc8888,4,3,2.855101221287448e-05
addr_8vuewo3fbc0bn2pri9u3kuzx2355bdcvo8kcm7v3p5,10,7,0.00017796507334145377
addr_qsr0uq5miauwk31h1dn0biz4fybk971u8rj3g2dmgr,6,3,5.939353966587161e-05
addr_umag40591k6xbfnltbgla0ogss3uenci16b0qxi5xt,7,4,9.242215917055613e-05
addr_hxbgof2v8c0h1e6331ls7tgi5gt51j8hgnlwboimyt,10,9,0.00013086944211510693
addr_tyfo5mbpzy08d7pwynmskaywdayhei6vgyld6c2ifl,10,5,9.66313402712163e-05
addr_17gyrztug22wwj8sspq16e4qxs5mupyvlpq1dwspur,5,9,7.696925118673766e-05
addr_wa3fquwa7maxfopwzmil1f22b1xaog5xfv6u3uu1dy,6,8,7.210414711162941e-05
addr_xaji0y6dpbhsahxthv3a3zmf8mdd4v30t9nt3w5uzb,11,12,9.914028517252703e-05
addr_5zob5xvljn02anbizg8c7umji41yl8t66i7ip1d0a2,7,8,8.00527545963749e-05
addr_dpiyjgzxtacyd4dsnbfdsazmk843hkhst96belqae4,8,5,0.00016064325408219991
addr_0w21pntxrihql4x6y8t6835d7rfswwpl7kmgil0p77,9,10,0.00011154709011084581
addr_esd0uusasub7htwd0h6iaogruocguae0cqikk3vvwe,6,4,7.377174546290485e-05
addr_rdmbmm9sect52495qvsd7ot3z4oh9e6zoycvnd6s6z,6,4,0.00011353623154203639
addr_e7i4fa968469twe16nnklwcgc1eeeqdznzx0q1xdjq,10,11,7.643128595845296e-05
addr_z7xu67pa3ljql0ksj7ivk0gooh6d8szi5ikzwkc66u,6,5,6.410060588256997e-05
addr_kq8sjqontqx45joqynit38cx5dnsvbcq7g4asmzx4n,13,5,8.587544898656708e-05
addr_zrfuenotv1b8mqtatest3sjmoilssnjxj76oyr4sdq,11,10,0.00011139571138884345
addr_zpk3usrrm2xxdd1moiobpuczqadtiqiwqulkwbb19j,6,4,6.222973129496437e-05
addr_fvbtro2fqtzgf06csmmlo09flw359kqo3455r8o61b,10,8,0.00016553876585905102
addr_a9yrxcgapdt3d4bwiphle1yy8t7mot3yiqj3nt6kzy,6,5,7.985151404100188e-05
addr_y81evgy0fypv9roqzwoy98dhfb0cqyiff4v6kcm7kp,10,8,0.0001406274465710406
addr_uco1fszf3npi9kurfw1mu3ve8uujfc1tqcjzjpz5i0,6,11,6.865838036892531e-05
addr_hsqoo7ci09m8tea3ua8xj2tkhau3wyk5iw14v4m286,4,8,6.032782865628826e-05
addr_hoqo4msw8igdjqc19xi40sxo6tiqjertpu721ye278,7,4,6.500140772625347e-05
addr_quvakswrzqe54pfmicx9ullp5ep3nq6fxypaydzzb3,4,11,4.501618479042845e-05
addr_3er94xgpd7bcbv8d7fpo94x1v4sew1kaue1wj592h1,8,6,8.253033212376389e-05
addr_9d6vjyes0blxb1zkvfe301bxfj05u5ifxy0rwzfg9c,7,10,0.00016328017763415816
addr_zd6aovl7xtr3gae9dr5dbdxbdehhd8wxqbilvm4jbu,8,8,7.958007496260083e-05
addr_cgcb3uahjxnyktkjwpjebprkpjel49vy9cucs11l7b,3,8,3.43660104281473e-05
addr_mo1i4t2812t8b81uswrf2lmcnfgpkkq2d6yecyfrsm,6,7,0.00010097189562524476
addr_u4bw0zlvyyo02rie9wglny2po4zmxga88n05031l7c,5,8,4.256807446940343e-05
addr_a8hjeqv8fyd7bohkn9j6ujv6yp9im6veovyvwvxmog,9,8,0.0001137291999929243
addr_b0b1yoa8os23sbkp1l4wfxfmd13ug3zj395eri8d5s,5,6,3.903411933796842e-05
addr_lwtscsjd3lwguveklr6v2esbnprkofjzoo7rdnsda5,4,8,0.0001070795105878555
addr_t3womoqgipumpa2nubctf75muyg8lxayuxnyzgevnb,2,7,2.957891645265556e-05
addr_xzi7xml7na1ip2kchyvvm5wu7nklp7toswkla8zbtw,5,6,7.43977105780536e-05
addr_3gxez4cizge9f33kshfoicj6y49istgsp4hivqp8hw,5,4,0.00010250080228416751
addr_tddobvnlragzc2ritvwhf9cekwed9cfa6ch8sc19nx,4,8,7.267030575324662e-05
addr_jsyvvywu6qxchc4ypcf6kfh4rmdcfxcxyz9dumt3n8,6,6,9.128617842714192e-05
addr_h3rd8wclaz7m4akgxh5fvpcn5vfa1mzploelgfk1rm,3,13,9.417457433579437e-05
addr_y66frkprltxsy5el0eyk2dz6orui0dg2hvjeguim3q,6,5,5.684917491495439e-05
addr_w6egwu69f1u646t84ylzbtjpaq7ebuko2o5bknxk4x,11,6,8.21598420932721e-05
addr_hr56khwgc655amjuwa0ql970fhb7j9ax0xn7e566e2,5,9,7.889006054673645e-05
addr_veimalvud2ggq6ozf9higjo4cy1jgevnqw0nbsezf4,5,4,5.744419057214449e-05
addr_ace0st0zt0olyw2n280ehiwa4rcecsu74i823855nc,5,5,5.486218253659364e-05
addr_m8v4pvkfn63b056dfrzhxka7uahpc63kj23ejm03tq,6,7,6.838958609624039e-05
addr_w82ju81e6j7s7hyvf59xx4dsdn3rkihehxol4w0wkm,6,2,6.225485068224993e-05
addr_7ocrvsf64adk2dbcxv00qbzaj86w7bzajghmkm819e,9,6,0.0001536532653295423
addr_rezp2z4ne8zr0nbho4b3k0wf4xxp7u06sciumi22xs,9,6,0.00010038679927713554
addr_isp06uwehloomfsqmii32upc86my5sw0y0u41ksuv4,11,4,0.00014112990253392475
addr_5ds9npqbrlck79yl12q54c3wyr4n0qvi096iparybh,6,6,0.00015634330713290933
addr_q85wrsh6s828vd70g3j70nynsyckkqc2x3vuavxiuh,8,3,9.653837548179761e-05
addr_mjpg8xc7vy2j0kcsdlsh88pfsefxwschykoh9lmjhr,9,10,0.00010273679981416467
addr_kfouw7cdbambuwxcq7mdhugejx32npdcydrup3cqgs,6,5,7.411683631013724e-05
addr_emukhhaybannxstx6z063o0rmhb24ddr3bs62ik2de,11,7,0.00011988042977651929
addr_ypkkqmu1l6fk21ym2odstounszy1c8ibuuwf5a2nt8,8,1,6.714695692692482e-05
addr_aumzcu5n8krkyxywqmar5wuvwo6ql4j8sud8h6mxaq,7,7,0.00011233976802622114
addr_fyroq2qivul5yzwp4tvdkzg5suui75yjf6j2tqwooe,8,7,7.747474720777181e-05
addr_9vqiet4akw6zlkw5e11dxku2k5ebdstvahm9uza9qv,9,7,5.992895847678345e-05
addr_hgcx3v56dazxh2xa7v6pdieeien6ulapn94vp1kf6s,7,6,4.303357435625831e-05
addr_r2lvarf9xkip0iyrafpofyumo5jgifxc5eqocfkrzj,9,9,0.000155724157970047
addr_blbyh6domtxqup6jualnhanf8t4tgy0bf6g5n5pjb0,8,4,0.00011313491661235323
addr_rmemgxco9pzuvtpof00aek9glhopoieip9amwthfe8,8,6,0.00016361107826495683
addr_tx205adkwz3kerpfyydit9r9q8nzf8e8xi4nu1kl3n,5,7,4.553225207792048e-05
addr_3xu45eqmq1iv5si1lv6uogyecwcxion2vij98org4z,9,6,0.000255984180501824
addr_pbniz0tuo8bfngm4thdqmc54uty02asy833bmpuscg,2,8,4.768912764353699e-05
addr_9hvo5qr1905lu5w0jb6o8h6ve5wt8i3rp3ha5x9vtj,3,7,3.653880723170777e-05
addr_zvr9d02u7jhqdxvniua0iral0l8lphykiz8v886n7h,6,5,4.800645554769117e-05
addr_029f2gukf1s5gkgifhvw6cdgt21ij3q7i2zf1hv5ra,5,8,4.03207619235853e-05
addr_i1uhc4i6hfyv0wx4b8kkjwwe4p29j1yorg7lt4rlqs,7,6,7.994466286839394e-05
addr_s1gyapnrrvxjvxgl1qgouo8zd0lq1mz9k33t9lzx8u,11,7,0.00010245211843450659
addr_7yyxxj6uvru0mm5gt8tkb7gtzmav1a1sirpmq5sn0n,9,4,8.789211066514979e-05
addr_kou0rrsfxk0xwp2nb254twike0sc8qn7x6jromkn7q,10,8,0.0001407924567151007
addr_bvo7dhl113dnzga3q9cgawsm549hyz05see5dfxybs,9,5,0.00017739885547742742
addr_j6fm4zjwgumfv86agqocpcc5bta17mjtmovgqfrd2k,7,12,0.0001290236484087176
addr_vktyqyvzulnb4x5aibdxhtf29u8urivwuqqea0s3e3,7,7,5.714223870870275e-05
addr_9dk1nc5ka2gase8oj8s8uuxiwz8lyt9th2pfcyzkqo,6,4,7.304417622172761e-05
addr_3bzdkcl7g9jnpaxxhz6zmk6ywgxqe74t355hss7nw0,7,6,0.00010276475186575234
addr_u8rbfoehfl9oisn5uvth1l8whzxez9j0mmcxga70s5,8,7,9.04862862969018e-05
addr_55eczxseb8uoyv1m2xb7os9cn2tb62zsfoukoh95af,6,11,5.412826007711957e-05
addr_0ec04hvwixbv6njkulfnwpvamgj710t4p6oz5vnozf,4,8,2.8594712211394262e-05
addr_s7xzfwsankb23jpmkrq2yvmza5w8vloyhdowm2hut7,10,2,9.71185529801468e-05
addr_66qjafbgn37ojz5re0892jvb0a68eeke1rz92wj33a,2,11,2.8383775284503462e-05
addr_nlpwfhleb1jvz0o5via9dyog6vp2h1svk3kkkfokot,3,9,1.7793163877291942e-05
addr_ak6fh33dykyztt28zx0q0whe2fc646d3pizog74eap,8,9,4.0793468036988615e-05
addr_cf6bfdka1jjfodp187i1l7vmcujpayg6gntl769v1v,10,9,0.00013444885644658803
addr_9lciz1g2rida8hh0t5iy394u6pfxdw9a5syql8r35w,7,7,0.00014454009509523217
addr_jbgteuv7cyzfrngkgutnzzh7qstz00akldtjst5i6e,11,11,0.00023901516106710174
addr_nlrjm91h60fsfr5qq69m73wy9ua42fpq4clte8ckht,3,8,5.382521235276064e-05
addr_02paho5il62ytqwzy1aqjg0nfgfajl02fdwr4ywirp,6,6,9.963080049113217e-05
addr_vbxtx0710zcw2mogez8tpi4x0n3g90uj2r1z6p74rk,12,6,0.00020053334035430138
addr_guk2s96e19bdj7dwtjigyyw7an9pq030xds5rwk4xp,15,6,0.00014301543685866602
addr_2gihjja2dfgqiudnv9jn3lxc0flzxtt28kjlnxexfg,6,10,7.225748005545705e-05
addr_qo1ovm4a2tlfegdoynydaosxiow7d1nuj4ednqkobm,6,3,0.0001093290262321464
addr_p7ph9d9psy5r66sbsm018xde2hbmwjtxdtvyovjf5l,8,9,5.724980153047285e-05
addr_f819aat5a5utud347vli8zvwpv8aetgzj0z1g9c38h,7,13,0.00011262258047447798
addr_at771lajumxuknv265jmdkt921e5meamaghzwvbk3r,5,9,6.686931995398685e-05
addr_vb37xtdnuxy9efluxe7xnoqcdqefn00yb4101nxoyw,6,7,9.493551413157836e-05
addr_izcwjqwv3uqep4vigg9rs9mqzgk3adb7gsdnynlxz0,9,10,0.00017470558424210024
addr_awqmkbulaf89708lbeyrn92jyhqu3clhnznlyqmtc7,9,6,7.893623423998509e-05
addr_0c9jus4k8r3vwr6g97ywe6oigz8ovks91pqyn4fuae,2,10,3.473725605799929e-05
addr_4si83zbtzwvwc7o5tlx0nw8tinkd9r8qk0e5zov2am,12,12,0.00011149580504315198
addr_kxtvmaht3wamdmsn0e3fuenkz8tr83v3atx0baio5d,7,5,5.790612419417588e-05
addr_zagwkvbe25fds929h3hrqgmkdedl2yxb8cxhc77bbu,8,7,8.788765638419192e-05
addr_7hp0vy1zlj2a5gbsb30se7uaoo2ohtt2ttd4sii6mc,4,8,7.953860746129917e-05
addr_5go04stis5ntt4z9xavb720njaaayjzevbdsibgwnz,8,5,7.093148591986862e-05
addr_la7svxl3mec88bxw8pf62yjlq0hs79fl6878e1et8n,3,5,3.293246085279471e-05
addr_ya9ne1tyly5i5ddo3yn1h3fy6a4myr0s8aw8qc0mb3,9,4,0.00010479056343849427
addr_bq7jcwncmn6la1j1ouoo902f44b6b5i4f6d4izilr0,7,3,7.71590123532891e-05
addr_e0xr0hx25er69v2a1og19ms8g45z5wfrb8sp0bgbyj,7,10,0.00011689959462872668
addr_orcde5cvck8o9inph331f180bj2tu1d6q389738mrj,3,7,5.726131459264039e-05
addr_1vjy0xsifp4yt3yffv5zi95kerkjhpk9f7zipirx5n,8,5,4.939689185697217e-05
addr_hzx569gf1i1q4nk7inrk1tha5y3s8em5xv7dq1kljr,5,6,5.483602983198655e-05
addr_geljyfcjsk9zf1j3l9r5qq126483dxb911x5xh5bjt,7,9,5.337456998739446e-05
addr_4lf3cf08p1r3cl4h9dato9bp12uj3a3tsazk8zy7es,7,10,0.00012822439437886355
addr_tsdftsxhyik9r33irjpdjbpq4t1a6fmbyk7pktnkql,4,5,0.00013905860185881328
addr_tiw375zuidvjps1f3x0r0mwd3p8zpfr2y79lyqp2u7,5,3,7.352487760019276e-05
addr_6lxnmvzm0yjna8mz0b8kbo3rpjt8pcocqbr4crinvy,13,4,0.00012783007599127808
addr_uqaaj84rx6pryiej9c0uu5wryesu4fcl5efjp6mkt7,13,10,0.00022139843963560744
addr_d2vh1cq59o1i5clw0pg4b0pl861c7j7ssdx9zn27m4,10,8,0.00010543255665881868
addr_r01kptrw6ii0m8arn7o02krc1jcleldlnt4cjv54pq,7,8,8.526532038202659e-05
addr_p40469kb1zm9y21pz2qrutuh3pqpqgwai4eibb825l,8,7,0.0001455224189428029
addr_6eyncl5xjly5jci7m8grcyn24w5hlgjkxcf2e3g2wx,9,7,0.0001281576668233016
addr_6x8kd1oz8tcr6inuwfcbboypist9383hloc9w89ka5,12,11,0.0002232416956944009
addr_2upganuvd83wq5wql9jvboaaja4gk1pjmr8j3g9rya,6,6,6.399997578956953e-05
addr_hxk83805wdis5ox7vdob4lr91tpoe65opdhpnrenyv,8,8,6.585063219735035e-05
addr_irjnwfx8b43vadgzhje51qqzq3h72j5weym6tvhnsr,6,6,8.67313082915966e-05
addr_9gjkf6ozlr9ggedig5vzlllwk6zxtpdthoo4ouaawb,8,6,5.735396737469336e-05
addr_jvf21f7z9tjvn5sjpsx9jol9n1q1zqlkq75clidh8z,6,6,5.188370670812517e-05
addr_p8pwn40e1jjdzcya1jusshu1bacxf6rnh5ehywfcdv,11,13,0.00013665043162109663
addr_e8e5tnlztwxol4bkuu5czeccfs7i19mo1rtsxof33q,8,5,6.517688769367138e-05
addr_pnrfuo8k24qlzdg1gcmz8drqc76r7g70vaqdc9ritu,7,5,6.470842506992943e-05
addr_tzjuq2v3h06snhdfaj02fpkgce46vvqhyou7x5yt7t,8,10,0.0001259965208702625
addr_lqkixeqbtimkg727nk81tnagnidp3ldjd1xbdyqixy,7,7,7.693851255225293e-05
addr_krr7htt39retodme4zgq8b103csjtlamyieqnmnpio,5,9,3.429896648958299e-05
addr_74esmj5qq2jdag8s0729iqtbx7awuywkfhf3kp5kg3,9,8,0.0001558540167248875
addr_e4zbsvbnl5dey3031bea0zkc45yzd4tohr9kn3vgfy,7,4,8.01404744782822e-05
addr_lle322kait695it5pto9zij5df7iki1c3ffzusdab0,3,8,3.232766343731853e-05
addr_vxn9hsf97k7gtgz33g6ulp6wzdy2ju8b5be4iune6w,10,4,0.0001293439120806364
addr_1tsnja57i1niskywcoq5ldl7nhymafcb3d6idlswzu,7,11,0.00010197247911548762
addr_7fo4udtq98vzol91kmtzy5wocrzsi0edoijh9dup5b,9,8,0.00010570944234457078
addr_a9j8zrdlp5pbftd2872ibvp93wv6k048l7dus8dp3l,4,4,5.271207205463117e-05
addr_vw9r7hz17sx9l14y2slj54vra3wbm6vtxpjrra3jyr,7,9,0.00014036388042969766
addr_6iyt62yq5o4qi1m3qtng1y3eefjyfn7f3wcm5a7gs0,5,12,3.100786413872801e-05
addr_ma5eg5p07hotix8sorhkjv2tt6dob6dbf54x2fc78x,5,6,5.185525688255418e-05
addr_z2qtmvmt2odlkcbyvud1z2n26bc21zwldbceedoio6,9,6,0.0002038967606150156
addr_9fgwi8uzm5wtkdhaq3kqc11w04vil35tg3fsa8jyry,8,11,0.00010167898285896172
addr_qbzkvcko3tb8kdbnmcrtdbnagy76huvmlwtjfvxjdl,7,14,7.058028063412624e-05
addr_wvn3avowz8hrjjcjpjhevr9x52j3qcfxefkpubhn1f,6,11,3.962017916977928e-05
addr_0ytsmuclvdk3emh049nuizwaul2g6mht00dieg9xny,12,10,0.0001385933303943291
addr_zgus8p6wklx2wedf43390f8nuix6ht3ie68po55qy6,4,3,4.959709571972536e-05
addr_ra0c8i06mdeanvrqtuup19ljudtnrisi9myvmittqz,5,4,6.0178352471637034e-05
addr_w88psuab0svqvj295jm5vpbuzd3p4epj6t2gqcqb53,4,7,4.157486120558295e-05
addr_c5mwc7ktp6yd6ijqadh9fakkhte2dbr5z4brmr689q,9,11,8.618609489885478e-05
addr_9vc3r9vys5z3kz05jdovr6zbaxmz4he6uq7bfjr8wb,3,11,4.019208737322277e-05
addr_d8kgjf5ddfd12ntxnarh5etjyljmdkf97zadyurjhb,6,11,5.99459132053443e-05
addr_w8o0of7h7g5mbql8ncwnjvayhnjl9xxw6juj3hxp1i,6,8,8.255427610946812e-05
addr_8b0coi500f1wr25ggfnky1s860qqryu5n9c7w8omrm,6,6,0.00010354154776024224
addr_2ae526fjlpyfit1jwhexdg6mxh5uzwalsf8eocspff,7,5,7.100139606484658e-05
addr_47hgbuhvsngoy7e2jncl8himretxmp4kf33xhs18ew,7,4,8.922570180445751e-05
addr_y3lxp4udxxfbqs6m128u9ah69wz9d1159rcxnqhury,4,7,7.484596675752669e-05
addr_wh3ew1bcndl0ixs9haksy0pcxhoqomu8yss530y3m7,7,10,7.969416455115437e-05
addr_gi46hm6lgj61ixvvbkd1tomblbq18uu40o33v6p3kc,3,11,3.982405982134949e-05
addr_vjtgluhwisgfehv22trtfbm0jgqv8e4m0t2mu6l8r3,4,12,4.09977410981156e-05
addr_xzfj65kqpat4k727n381x0vx3623o3whqbhih419zy,3,7,4.258066721337404e-05
addr_rnr9z07vi8oivbjfays3t7p2ht816zeikwkj5rm1c1,6,8,6.003806679186514e-05
addr_2dety7ifxizyrlnp9ap5ocy6jrmvlbdz8omldj3b0j,6,8,6.058522262951147e-05
addr_4kx07jll33hs9vqui9ur3sct2xee5tsxmzruap1bpn,9,6,6.657410878068643e-05
addr_aoqhvd8fbffheyzqqxbv0deoegezq0x717hw0bupmt,9,9,8.179804965225857e-05
addr_xb5lz713r2lyku6gbicfi76099oehm0kn4c5nnbhdl,8,2,9.750056991290522e-05
addr_y652wcsqqjqv47xoac0ihsx6iussx0rqm5voql5sqi,8,6,7.056364207168264e-05
addr_r4u4ekimekzgqcx1omdkpvikr4o4b0iscp2c8khh6x,6,8,0.0001279637877700982
addr_d8be4e4hl3bveannal13hsok1ad1exti3twaomkj15,6,6,0.00011436818428945513
addr_87jlgtvxjjdh2udx1zfmq6i4bhmyx2ppqla1g0r6w6,5,9,5.880591230646441e-05
addr_5uqqitlg2lc3bfpdbx52ni0d73nejv4dgg9wygxjex,5,4,6.307546586330612e-05
addr_fwci6omymusercdbn0mipfz6xtawkxv5zdda2aafn2,7,3,7.767311728122618e-05
addr_oi1mz2rprpw58gja991rdu8pyxh343iebv3d2uselw,6,8,3.9818647312811335e-05
addr_ecvq2hgdxy6wp6qlj2caehcgp8movqv3goxxx6o9md,13,6,0.00018274670551146925
addr_hpekjquvxemt9sqm99dx4wz2fbc1jvfz90787x71uq,9,7,0.00014376257066245102
addr_3vmibazwukfibe7y6pk0l5p34z0ko4s6wf3hqxu8c4,10,9,0.00014922538599916664
addr_ssl4tfvexylnj4qyb8zj8xncat74e7micl92bc9e9y,6,10,5.3711046990701425e-05
addr_52b6m0wvhnhft25gq0z83rc86qa3dkll6qndy3k2jc,8,15,6.865679017951878e-05
addr_drclbh43pw8nww6rrhe1mohbm1peekozxp9qfqnr5x,8,8,5.266460962892728e-05
addr_86ghznzev8729cij4anc8peem9jujqhh6bkdhynhy8,7,8,7.962356777204285e-05
addr_a9p5sl5vp6ogvc367aav1aqzu6qlbdpvl4le8g4vtj,10,8,9.076987650558716e-05
addr_y6n7qlbw66v3jr1njkiksmv4qqj3a1iopra5a5pmlq,3,3,3.64232964353583e-05
addr_kukyxup22ajo3movouczrxfewxleksza8g6wsysp1m,7,10,0.0001269889759957297
addr_4axhbzuwn2olljl6vj8so8bi9kdpiz4deeyvhaw0zl,14,6,0.0001579716095537639
addr_sm029xkf2s1jxsz3yx471lqj7qlq8b0idsbpge33t5,7,7,7.201840482911724e-05
addr_f2rfkrzmjs1y01xq6lf30l6568i54l16dqfse9fw05,5,7,6.387807950866837e-05
addr_n1storfh4n1p9u2grfaqqn64ewa6w37cdgw0ep2k8u,7,8,8.499923941635503e-05
addr_3589mmdztajfvn4x43dkk8kq804piu9uzgwc6qgfgj,5,10,8.166367342335558e-05
addr_kb7456bfyw372viuadj725u0332w04nxv50ot1k8hc,5,6,6.40575026157653e-05
addr_yhrqg3igfo0skujro5v01705sflyg6d93wd6ocsvs1,3,13,3.7497296774028546e-05
addr_d5b0z14uqcupooj5pwigo75mpx6r4kneue24smpd28,13,3,0.00010405582426853348
addr_jynyu8smn5ceaunrwai41qhfx2bpcz056ja4j5qu94,5,10,5.237764440314485e-05
addr_2ssg56993l3zrh7xucat7f6g8zjt41elv32hvlane1,7,6,0.00013732729747604957
addr_bhylsmj1i50nq2cqskh2nwy0kqcrvr2y4ckkmh1smh,5,7,6.209580267481146e-05
addr_ubldtbx085eb8gii1kpkb8nu8d6s4zwrh3i7wd40ht,8,9,0.00010897433092685255
addr_7wlud7p56esh5sxd1mhn0puscwaaw2ixf7kljfmgyx,8,7,7.198558000624825e-05
addr_8rfwbf3pwjiipd0ktibrotywanen695chrb16n8x2j,8,9,8.270905232456423e-05
addr_fj6ax0tardhig7qrcenlkbklkc4y2s7o50ebrdpvu2,6,10,7.297466873163904e-05
addr_w4o3jkeahtwfl9o0zkfsjkkpxrhxcall599ldpn3x7,7,7,5.373380193647606e-05
addr_mg5vs7ivsmmnvfh3npbd1k3k9wf2b2k0ruxipxvgsg,4,10,3.358808330269987e-05
addr_jh2qcooodyfjyqqwpws19y0316ehxl33caryjqtr3i,3,6,3.694936893315972e-05
addr_jcjlhjfuj33se6um4dj6sxsn698ftqlwdjnuhun238,3,8,2.4811353118999255e-05
addr_xb1nj9x416egsnywel2yftmk0f8jdldib4x7qm5o0h,6,6,6.937465798590786e-05
addr_mk1a2gxk0viv2ffks7qj97dhxh7oxxmgbfug4yebtb,5,5,7.734742511654558e-05
addr_4ir8ga8qqpqw4te1fe6n745mpolth39h2xsal9oe24,9,7,9.28593401570283e-05
addr_h405glxskt03y0ymnnck58wvbvj6y2qsvwnob7fhlc,9,10,0.00013191237973002255
addr_ae41hnt42cpq0rr30msett9mhrdcoq41gynmaa9g5i,9,3,0.00012701246519326943
addr_o6nzpw28x9zlod9l564rj2ckniq71rcaum6cwhmrih,7,10,8.43707782783403e-05
addr_n7m8k5hznlxssfnl8kyvej11pjyiertheak9dlsfhx,4,7,2.666306861623035e-05
addr_oiqs60qeyasr3ocvete0628d3b920mqads8f6qt7t6,5,9,0.00010472170575065998
addr_xdnopibbjyxr1qnjnil0pfftzq7ncr26uu6dfditnk,7,5,7.865074398585533e-05
addr_xk3zaa74qspi0gumitg5kh24hmgvf79dgdlnievtxb,2,8,1.9539584693452773e-05
addr_9j8o821cgrwji0qei83h05p69dc2pph3scugk76ued,5,8,6.589036651370364e-05
addr_q1xakmil3bkfsef4334ep2m05hgfzkn1w46os40qz9,5,6,5.713982563578077e-05
addr_hup30fnxglfi7gv5uix4nw647s9c6boh84qw3pv6oy,6,8,6.379558709443811e-05
addr_heuto1exwphyubw42zl60ctef4txl3ogyjaym7drrd,6,11,5.789446300518436e-05
addr_11533k4ka0dpznyhqb8axup5i8m7dew338oy3sqdm4,12,6,0.00023499049651765438
addr_laeuuff78ke5xo8gczg1pzrp7t3xq84b8gptu3va16,5,6,0.00010569616237217076
addr_7c90j81ykmw7ojxudz63qw7gu4ewpj0501wed3ia8i,4,7,7.624198163320799e-05
addr_bvolxc49z9fwna2o7bouysuf8ae3dhdbzwu3vkc9pr,8,8,0.00010482986196218622
addr_mjl5h168287sf1pt6trouwfiajijnlp2s07jordbiq,7,10,7.79998498023647e-05
addr_vh9w0cksgkoc2vp0nve1y5g9tq1jelirbc55507195,9,5,0.00012028569280179832
addr_z10vgp215krgt5sb65mzcjgucf1ek6op6xsa8rvjwh,5,3,7.744179095655616e-05
addr_3df4892gvw9yuie2k63a6lpt3piuksj94kzp37kzlk,6,2,9.582520612123432e-05
addr_qdrze0mypl3oh7q5e1guywvo83w65f3tba5z3fw2ve,5,5,5.0379098185153286e-05
addr_781hx4qqjw4syi8iq37rpu8gn9jsnmehkg6rhlcq16,8,3,0.00010322081760724314
addr_31kcg8e8n95z7hvlkwbfw6x7rxhcx1e6mrw8erh3si,5,6,4.7987106229840686e-05
addr_5v1gb8myb07642xg3dgphjiy5boxiru9zns9m7u55y,11,7,8.806792910375716e-05
addr_lvo7u40fiqjwjv7puhnneohz58zuf9l0adoqbsanei,11,8,0.00012832819038625603
addr_0i7yxft7sul3gxri0gkj7fn7tllx04bdzlc22kg9j5,12,7,0.00015572316249222174
addr_martr7tjb17f96bkwtns10ongvarwup9s0q756bltq,7,10,7.034289429447082e-05
addr_7mzakgmih6mv4xekz83y0224wk0yehvdo9khba5mf3,5,13,4.4922226560752893e-05
addr_ic6fa4fp1ogv7k5j3wrscjv4ztl3ood0iim69jore6,8,6,8.841200519894726e-05
addr_qtlothpix6752xajb0ywekg1nhz9l82gq46d3ae0bg,10,7,0.00013451692469195427
addr_re3wn01n81gr6c1it22uhwwtq6vwuhygbx8lg50o68,9,5,7.47405424623185e-05
addr_h3tt5063oqgroibqm05tvp8yoenq2nwzwjrtwr7r84,6,7,0.00010162207572124921
addr_3qa8nh0wz3oub93jsrzms1208wu55c5wbqalha8oqi,4,5,3.438495865222203e-05
addr_gyacss3fdaf86ya2tstysguntchkigrelkozm03lwh,9,6,9.309124594864067e-05
addr_h1dc0kasska6v4c69ihvds2rknxd6pzzgix0gcmhmr,7,4,8.69192580492835e-05
addr_0qfx7a1l1cegoynry6k7aylprsjj8ek38cjtqeaeq2,10,10,5.525584910495112e-05
addr_thc3vnqp95tr8poncewhc0d1o5uzgylfb2pv3xw9ei,9,6,0.00013712266174801526
addr_0r3yfzg4e95ooae1fvyxkbekvytp3iomhsbf2cryoo,4,13,6.436284402226333e-05
addr_4fi4hu7wu3rr57yzjcxhb6q6siibv5r6b3ejui9lyu,6,9,7.18758201121936e-05
addr_17z77m2w0f98m6l38l856cv7736qngjtpxdq3qfjhf,6,7,7.118409493076616e-05
addr_rrybnn49j4dgmr23qv7rr9nrufq83jlraf780uktwh,5,6,5.333873902464451e-05
addr_j99t9s4bexsnxdoe3bgy3hvat38528y2hizlddibz4,5,4,6.76810609822324e-05
addr_tq5qnhps0fvak8bs9hvhaxcdo11kffzyx9wqr5ert8,4,7,7.247854591533749e-05
addr_b0i7ajodjpffpi00apeb670x90yglvzatz5gxfa0ql,9,10,0.00010603271230413892
addr_ms6yafjl6v3lpbwfdlotzqkm6jbjuaplebnved70xh,8,13,0.00012703554033966419
addr_0tepeog9dlsa1k953hrxrbwe3a9mbvt0gnfol4bkfm,9,5,0.00010246181535856205
addr_109zdo0d3fvnv4kfq5dz53x1f8s0x7m2mm4p61nhvc,3,19,3.716972729382825e-05
addr_6vey2hwu26kifnz3b2ids3dya1qwxtsgp709r281ej,9,7,0.00011871943479593272
addr_nxcmocom0vercxaqph38bwjvwx9gso68hau96wikmr,9,4,0.00015687396221167015
addr_0nwm0exfpgikjjjyt3s6yzljq3j1aurmbvnrplxz94,11,1,0.00016539560061915913
addr_hz6fltycd68oo7cpzxntvbgucmh6mi0tsny2sbxkze,8,3,9.16777701764561e-05
addr_vhsrt6jc1f52rbffdtve10ha16xawelmlfivudemra,6,8,9.05543538956825e-05
addr_4oneoma9k0byzox30pajpp1kmeucsiej51il7jtbxw,5,7,3.19941584511264e-05
addr_bn8f19d8jobq6s0k7e64wwumwfbjcdgyalsgzliweh,6,9,0.00010471024299561204
addr_j02wy0ufbc16lks2dvgoni9hilznkq5a36e1jqqxf2,3,8,2.0083783356588666e-05
addr_eoyn1mi5k7tldt2aoptuz0d5ardqosmi3twehgimn3,8,8,8.837929795646393e-05
addr_6hxqbmj2rjbdn5idkxov8cc8ekw982uiaxlsgiapnr,6,8,5.925140026652576e-05
addr_puotcpk9beoj4gmn3kqekb8zdn09eq90qdz4wfm037,10,6,7.630241040610513e-05
addr_4y6d5jk6kfxacjt2dwl07ssnaoz0m9moa8qry4ofb0,8,4,7.232463991643323e-05
addr_qdd4r857uz2fjtnijiqqb4k53pkth1berbh6x3vsa4,7,8,0.000119123894973021
addr_hexanvzgzte0mznmxbfhdqmkt6h6ra0dqd29q3t08a,14,9,0.00020353956139464142
addr_6uam2p763dn1yan5dt8f20eowzox04f8ycnonfbhos,4,5,7.771963973762687e-05
addr_vwjxqsbrjmjiaik1tswiv9ee7af656ivzif4kjo8sx,8,6,0.00010007982865916496
addr_ah3qn21r91r0hrliagp34slqgbul1ot96gskbojaxn,3,6,2.97501747837649e-05
addr_ivx1tcjnk1gxjao93met8nklldu5chxkd4jptnkupb,5,15,7.125798714355386e-05
addr_vicrd7dbkmea728cralh9txznqe9o3omrbomk67e26,6,7,5.9354815383619844e-05
addr_4ratq5pfpyj493g331vmlk0aaockwc697dqmt9d9eb,7,4,7.613121149352038e-05
addr_8x4s27kqcaue1h4o8lyec9wbsm149ma21kcp41yb60,8,6,5.386523535594294e-05
addr_oh665mtdu1pn4nkelhnu0r7j5x1t92859td4vz2fk9,6,6,6.801117179688376e-05
addr_joofz4rz2693ec0rp0yxx9t30xh2ybiyru88nbxcs7,6,10,4.7416419438534125e-05
addr_pxlatqff0tzffdpg7gqzwr13dpz3chpw6g0rz97ml4,11,7,0.0001162291921012714
addr_4qfvw8la4sh90w9ka0d3pt8wse1q9fpo2kol8w9pso,3,10,3.507334239836728e-05
addr_js12qfawl86penhqqt7re6dg4hmazruo997mrk84h6,13,8,0.0001459745690101331
addr_7suc80d8gi26t7p7d52kpib26ukutkb3rxy0rt7nl1,10,7,8.948137605746356e-05
addr_yo6740zs3kpzbp965v584mpx8o88qo1anc5vnt11xj,7,9,9.341033256773964e-05
addr_i3ioepm2abnvpuzy49tgnyupz84qradmh3mlkw3gmc,4,8,4.4904408036248475e-05
addr_dadvrviknzroh1su730k81ivzjxbmd44v631v0nxl8,6,4,6.467455872524514e-05
addr_4wzzentt21tdy5virovgd1uv8bn5qhxpu76gms8olt,6,2,6.663948666709234e-05
addr_o1f54b9iow5et6zypo9e9b4yqycy7be362ltonq389,10,11,0.00011808549501789987
addr_j2u1wvt54zjhrol968ywn1l4lqxghziwx8yfqj9nlb,10,9,7.583606545688551e-05
addr_dt2hy97x9oyxa64esxnatkrh7dtnqru7w0frj4y5fl,4,7,6.278907360560677e-05
addr_goh35cuapr3og8xjtyar57ngc37rfgjpl04ojxee4d,6,6,9.34692316432819e-05
addr_3l5tocd8f786yzlibc97k8341932k1rkclk0n43ppc,5,6,0.00010233125987502148
addr_i5iamq4u6rags7aar01qiqflqr4fszr4k64e918qv0,7,2,5.212014116797152e-05
addr_85i9v0lk6148saygl7ka9b470soqi3c3ad5lfmzjnx,3,2,3.2880244043354044e-05
addr_5xiifszg261tcrqx003lax42c78whymaor7opbyse9,7,5,9.485875856911226e-05
addr_ev9x8td6fqxexu7tmpvvc5fzbw5ezze3eg3xlu8bg6,9,6,5.890632210345859e-05
addr_r2t97jq5k46fd240i2f87cif0s0w0u753ln5nhvg2b,4,9,5.9004911544476334e-05
addr_we61jiwo11txq4jgdkj6ojzi7eju0s1vf0o1zxemu0,7,5,5.5382427549179775e-05
addr_5imztsh2iduxmkluf28ga7ophrqzdua47aa60o4qaz,8,9,0.00021099773491010268
addr_niwc0s55in8ojhkw6h5pr2dq4klp1593mffnjx2xsi,6,8,0.00010602119219553971
addr_sk5bthukpcupeegvae4iya35hquz5exooxr35b0mi0,3,7,4.5609556359112585e-05
addr_ugjotq2pjiiwf8493eunmph6vbdvvrhrqf9bur4xtr,5,8,3.0176615504579972e-05
addr_aeamtkobiy2el6enq8hip573mclur4tuedzq62qxb9,8,10,7.697738825185468e-05
addr_8mntcfrhcbv0zvxemnz81s65inxgr8hvau8zy7ml0a,4,6,2.7997776558361035e-05
addr_q4b9pcuypakco0vjcvu7nnrdyke08h4mw3emz1kfv4,3,7,2.8987091858324074e-05
addr_9lg3u57v38dg92jbgst6xy9sllmsm7da11jj385a9g,6,11,5.0419115208088965e-05
addr_0ok0y0365mkri2k5esv2fk3qu7tg2myaxkeakvod3r,5,9,5.8760655936679694e-05
addr_r9xszzvvwa497owruw2zmokhompgklnm7srq7r1jhs,9,10,7.527679739603259e-05
addr_bji0lnm5i6l71qrgtlqnx6d0r16k9ro0nfflg0102c,3,11,3.9601882103134415e-05
addr_l0023q8749xe1vxdamgjlzsojp8c8urlb65sx0s48k,6,10,5.595490295715416e-05
addr_1kodnaicmudks6y2a8dp6xzin4xiek2t47vibc089d,1,5,1.8788480072802418e-05
addr_m5akxh7wtlqo0k8rvzj91jbq8gfitegpk124pp971a,5,11,7.132194679993914e-05
addr_uefr85l2piy5e6vujmgnjbyss5s3ju1h95ux8twlz5,9,2,0.00011211968225599182
addr_pwy0tuzg2vg35xdku6jedad38youge4of633bq6fws,6,5,7.830671831157505e-05
addr_owkixkwg216osojng3i7cl1yvkzowtal11rmgi8pp5,8,6,0.00011925636412099052
addr_0pq9r6uxtxqdc04be2k8thqi4vmttwi7b5rlyusm36,3,7,7.471506215095388e-05
addr_e3cnbazo9ozgvvvidnfne1b9we1qrm92a1juavw1bf,7,10,6.936808529039004e-05
addr_djkfmuzohzpdmac5ir9hw89a31vtx11ps72dfxvhuc,7,8,7.116648269109037e-05
addr_ulyc9oxg0yviye9xvfiz8a7kpp6zho6d0vubr7u76u,5,8,4.0791258491245874e-05
addr_egj5qc0ue2mhopqh5lkrl8sel7fyr75umlpy9bcutm,3,9,5.473931550428656e-05
addr_sbwfds5picrvnoccyht5j0fztdx9qboyqr2tl6jzwo,9,6,7.387162054302037e-05
addr_mzhj9mwh2wxibqiz97xsnd95s3opw658kp9tb633j3,4,9,5.5191652986444166e-05
addr_aot76y7dskeedgsnelicjo4s2bcopfq9o9iopskcrj,9,9,0.00012090338931601601
addr_i0lnvz2gax758rb9u46no4s7zlmkg7bj3j9vgoma0u,10,8,9.718064202245442e-05
addr_hyhp386fsrkq32q0iw3d1cz5u5mtxs83xew1zykslj,6,4,6.073477173461695e-05
addr_pxxiuxdv46jocpiotcoct8y286j750skp3vwgpffr1,3,5,2.5024208896764815e-05
addr_zdqmdgwt5jnyw4c16mpvmok9czttk42njfqgviyjtc,7,6,0.0001064399424472058
addr_ihikgmuze09oaj639pjjo8zgre38fdmcgpd15pejar,12,4,0.00011095696951140288
addr_dluxstb84fxkz104cr2xl7qguv6wo8u8qatq8j8g2o,11,7,0.00015396729171224239
addr_hgmvwbxf7e6w38plv0f12jxs5br131ujcqtbn3n160,7,8,5.677785532489891e-05
addr_vgi86tfod1z7xl7l72v0vfse527awfwwa79gr1nv4c,7,4,7.687743584385229e-05
addr_cyo8nh2abupcuo7i1ikfhz6t8vmrt7g450ouck2t2m,8,5,0.00011561227786699957
addr_1rwgnotc872bdauado3e5x4c157ocbpmsxmhgg22i9,7,10,7.839560164988722e-05
addr_lw8bdtlfdf1ebz7eu1u57jgd5622as894f7ba0n68e,4,9,3.192635601491693e-05
addr_vu1dbl95qr2bwi4ed1on6pu692p3ql665y0t7to8cl,7,7,7.464763067737527e-05
addr_voxv124g91tiqrw5szywlx2ni151oitv8jdw12hdj6,8,6,9.862777653388505e-05
addr_ufiuycpxy4pjtw65ygt7ix80214xp80bnwq1zl46bp,10,7,0.00018366905869635598
addr_3bbxkfilhr6yuxzkmiar1vhotr9zlsxkt3vs3sntn7,4,6,4.814616027383895e-05
addr_bugvc27dhj2ud8omkrdckmyf4j8yleu21t28polhmb,6,4,7.3200503742491e-05
addr_jvjaogenm4xfvp339hl1c2a9gzi8tljk1a3c9ovwts,6,5,5.97944969115282e-05
addr_203au6xs0hi4ayxsi1ajxhs721odsox2cq07f3m5ad,5,5,6.580229974943211e-05
addr_9a4md0b04zltob4agc00r2bn4j3pf85tmeh14smb8x,5,7,4.9466611639591666e-05
addr_bk6g3pnxbdzuedzyjs8wmws22adytatr6q26ebtnax,7,3,0.0001592400087622591
addr_sovmyh8wzmdzddq81gwgml364tcf4w6wn44vgzhuuv,9,8,0.0001063111939532198
addr_hiem6t7g9o17ktz7ltgsyikp6eb7yns6ootnvc245s,9,4,0.0001130086085190583
addr_2lba22focck3wh81rxesipbzfuck73y33eo7slwen8,4,8,6.459711835687613e-05
addr_k1awh96ljq05cykic424x6r9stprkdm2id2mxmj79j,8,7,8.360589616514072e-05
addr_2fs1o7d3y82fjxlfn7v2t3flwl91qjwnnhn3k7dd1t,7,4,5.8998375336376915e-05
addr_fpga3ibc5yhjyrkipg3xdciuyxnxftf2harlvcmy3q,9,6,8.405133780888721e-05
addr_1kj92erizfsjdnsibas9vbud9z1klrhbrxujrp2rww,7,7,0.00015426122448279552
addr_nuajpbpkvcm2cd1w6rud5wc9f2tbw4pyx3s63lc6p0,10,4,0.00011310316234978514
addr_a8ncxcwc0bogwhupof0hkarpkfzqfo5yvmtd503779,7,7,7.841738472136336e-05
addr_lph5aut0r5tzfo1mkx8n5rjlnw9fbcqa86d7w20u1t,5,7,4.490473363934565e-05
addr_n2drx5w52hqjbhr0lo0ct2je54nflxu3eo9t9eav4e,7,10,7.154502520658842e-05
addr_z1g5nxptdaeygwhtr1wj1mbdgbwage9wcfxjfv7c77,7,3,5.354164626895503e-05
addr_ry9u2a4slqr1iy053rjdunedk07t8hww6xa6n1yfvv,8,7,0.00014600869825378887
addr_l3o2x2xppv0aw4olivb8jsv43osogg7m52a7u9hprc,5,8,8.055022738325145e-05
addr_24a3mlwu1lrzhfx9jsfvx78a1ke705680mcn39pqg7,10,4,9.503884214640312e-05
addr_me930gxfhj6ocn89mxic2u3fnsaz1moskvmipk767n,10,9,0.0001118309949339465
addr_d0y4q9yg0qlwe10w7tua9gydbxe1bf1vgm3lm8fhcc,12,14,0.00015651889333793978
addr_ymg69ljolibhe7xrfs61gnpvn1dy8d0gx07i02kacr,5,6,8.887983410738584e-05
addr_1at7o75rh8lx6dut076g5g79or7875aud9k9tr74qg,6,10,5.15355151609557e-05
addr_i95ujqxu3bblc4wa1bar2zsin4sczlsr9g36jo7izc,7,10,6.183777823720338e-05
addr_8479r1133d91coo004ooiiuhti7f2eywpajo3jrblo,8,15,8.833966074816165e-05
addr_6kbtzwm02eh4r57yb8rq4xuoat3brs2mxd1656526h,11,7,0.00015607352029426905
addr_0uuaiw9ettrtdpbl5p40iasfg121bcnpxcfizs854b,8,5,0.00011691926134656633
addr_lxvgpc69m0k1y4feoslij9it3awpqshe9g1bmfxoms,5,9,4.785093846433714e-05
addr_wocgil008hy4ys8tjvlr937zj7ysne7xen0cos57b6,8,6,0.00010450635484957372
addr_4ms4h2pgxjeq4ay94eh1ewcf5yb35o0aqt1zni1mks,7,7,5.817715117968853e-05
addr_bla91jy4xmalu6qgcbjjuidce74ahjoysj8oyrhkkn,6,6,5.679559022971344e-05
addr_z9nggb6myix7qf68n7qfq6jyhw5g2m7dwm28srj2x2,8,7,8.136715036996553e-05
addr_5gfbpscgnr0mys3apee84i7sm2511tae8qlhizyp6l,6,8,8.676819687109464e-05
addr_zkisiwm9sxtqrfzuwlh74ah8n082jsjsxoiqv0s7rd,5,9,7.616396999455233e-05
addr_74e5x2vo8oir57y9509q1wjambslj9xp2yph8ttgio,12,7,0.00016949203171970822
addr_un6wp4pvh11rsb3270bwnfyw06a72brqa1f8z25ycs,5,2,5.778483874156453e-05
addr_nwi6jy42q3w7nugwbiz7z5q9t63bmimbwrcskn212x,11,4,0.00010354260106912239
addr_ow1zla79s9i992vc0didjbt0x8ws5b9hf7gdcminsp,7,10,0.0001084152784806905
addr_hyb7th34cuysg61vh0amxa6s0jeckou0hyo3hi0x5f,4,7,8.459872828061734e-05
addr_uejdky7pmihlzamih9a8acehys6r436tloacfhm80y,8,5,7.220638595899638e-05
addr_e75c7qxmjblineewkihpy36z6coxkq5p52dwhzr4ur,5,9,7.286449861106426e-05
addr_xyx7fnwst2cwobfceaadttqpzvm6kvgreqld2bmcgy,4,11,2.9787136360401436e-05
addr_tog1wkvu4bhzg8eothcw1kazv6wna30kk9jgeiloze,6,7,5.94292367628164e-05
addr_7r8ljib9xebgfzip3fa23c2hnir4dsmr9h8qiyv3hb,6,7,5.4784976481146175e-05
addr_tvjtuu8ky6e1ymse6ayfhl95b8mbx1uysbfozbrglj,8,8,0.00010974520779209972
addr_30ykpj2ozlg4ymt7c8r6sagl5fbdyqweekcpastbsg,5,4,7.134277069942368e-05
addr_kq4w7w5gq4jmna7kg4fbvqkol8oblinfd5sua4xkzr,5,7,8.470054843147573e-05
addr_pgvtn4ypkw7493dxwor17dpubkpiqnhqe86o3z0ani,6,17,0.0001668150378906649
addr_kry5yf7487xufuxmd4nqpui1jy3qvvxu6tcby1zftm,4,11,5.318705650934737e-05
addr_l3nbv6ro4beycbudagngf2i577crzm1dej3ne1d7k2,10,7,8.852276892248182e-05
addr_01gw2xhh8i8h1oasd7ivirm7z25jm0avx7kfirl8lx,10,5,0.00012524801283003324
addr_9riid4r3ashpcshlgwgq0bdxgrlid2brry67i24mpz,4,8,2.4498438735776294e-05
addr_zoo5t1qcq8mgcjyez62w5uab60j5e7pumthqwbosyy,9,7,0.00012075945001257834
addr_1ad6wzhcxvd2xt0yv8zlnlxwzvclnlc25juv05fjho,10,8,0.00015474784399630088
addr_rdjwxlz8lm7rgg0g29xxiezn4l1o747djcxwawbhxp,13,10,0.000159635048265523
addr_5syqosjel2vlq00co9jk1pu19ofp3x3bvb0awy6cdv,8,8,0.00011413969353936545
addr_wwwnzuap73nzu1t4qn5ehkcznvgx0b5kqr2ty9p2o6,8,8,0.00014431013220461553
addr_3st6jfrlraoy3oeem3n2s4s2nemk1wua12tyevckg6,5,10,9.083374476438986e-05
addr_52cusda50lrhq36lbzu7jdpb5w363lrimn9bwx07i1,8,7,5.964274475580233e-05
addr_xscaef0w8m8g5dm12ho2az88zd46vkj3e50ciiva9b,9,11,7.928275434452921e-05
addr_cifl79r9kpu8o9onsrhdvnff2wcfie6kn0q48gcnub,10,9,8.406876926161961e-05
addr_7wlyzfpp4xgq78u42i3p4lfdj2q8d5z85461bochtc,13,6,9.889734137379067e-05
addr_n3ucupu5yo8nm7l08xmqr6oi3323rudrue5gi5b3q3,5,5,5.206151374017438e-05
addr_09lzrk79ufu6py06ftlo4qdbxvh7katqydshlv76mf,7,8,0.00013023268944955377
addr_dh23lh58zn6jp97y381lfjy9f9x3uurg6wkimd6su4,9,6,0.00012146168901820974
addr_g3fye4hqgoxaiqusy2o33b29xz6uk18f2dxr6cj9k4,8,7,0.00011589072902470877
addr_zqvht0ef4l3w6e7yhfbid11hfad2fgux32oofubvmz,3,4,5.781712985326683e-05
addr_vldcpx22yt00mzkqo9oduxo1q7yqko2uz0mdhj9na0,3,9,5.595919066962287e-05
addr_6f5q4myixxja3wx6ilj42cw9j51kpsz6w8wbzo547g,8,6,6.273551637631484e-05
addr_ct32il36jxhgy26hphy4sqdcnrm87iqqatcr1hb080,8,6,9.443811612821766e-05
addr_exm07cwxjba0buvmz35eqo97ix5hbqdqn972forcbf,8,8,0.00013552228610388305
addr_bfdf8eptbrvhe1017tsx6s70hxzz9w48ni02qhi6ew,6,8,6.928413944155773e-05
addr_gk7t4ptcpiw4q2h3ki2q36pffyhje4m6jhdw2mtnu6,6,6,4.914736343946894e-05
addr_gqhiodilh4ebcdw57iahs3uc3wfew012o78dcpwl6b,5,7,9.162975800498396e-05
addr_ua3ljg9i0yqr9nkf8eda0o0jfci8m7ybzz3z84rzgr,8,4,0.00011362572247823607
addr_8vqeotiecbtophnq6yuphbnlmv562b870fzwanjfoa,13,3,0.00014821173309203858
addr_endz15locob95n9gzw4rdr8ftl8xt5cmevc3y22cs9,6,9,7.202124501515077e-05
addr_pejuae0ka3wvjx8youe9lolupfn6ohja1mr3tj5tfo,5,12,5.4255360751495254e-05
addr_7fjraqb16uwgewrx89gdf808bg2caqjxm4vtem8c4u,8,5,0.0001664557333393796
addr_trenr1fmdqq8if536lknd3i2rcqrs2burnodxawc59,5,7,7.422675438663375e-05
addr_xwvxpz2tu7ha7jypfdjyanawfdcd8yc4hi2qs7gw0o,10,3,0.0001107956661638693
addr_9mra6qplj34xg2c7j92ot5kf8kikogih4wjt4nkdvl,10,11,0.00011312905493605414
addr_kw34ng5ojlcnrova2315btz7o5d5pwyfl3vp8qsm7b,7,4,0.00012595220127803046
addr_9exx5z8tq31mx2yo59k1it49v5ckd2fcxzd3kz85ce,12,7,0.00013591011177157303
addr_eproaslaq2mlwuwnewq43zoewxoi3x5nf10648q7ok,12,6,0.00014164304136224476
addr_wtdwwpkrwariera13bc46z0tuk3uitj2qt9bzye0a3,9,10,0.00010997682643299289
addr_blf8bimhwj0brrj7t7wig6batf5omi2r7rlohwcre4,7,8,7.444459537763063e-05
addr_oyhinc07d1xs6lghpi2q9jofeev3izv46gj8u71p6o,5,7,5.523324100453308e-05
addr_o9zf06rjzpyytasdv3wmux61ifu6gbdclhz9vlqtnb,9,7,9.285001334587614e-05
addr_1rfruw5b52xppv56n6fd2i4wzogop02l1wgblhdexl,8,10,7.097204602858892e-05
addr_g6x0i07o558qjv39lqg1jgx0ulrxaos31fp6uv13u7,8,9,6.984689016116578e-05
addr_jlteiyzcotohp6vz41nam148p0tvhhpbmyofqewaou,6,12,8.995394690658863e-05
addr_m83h3v452jdk5ohujm4h8jqxw9z1wiufjkddezcmgw,8,13,9.345983636816125e-05
addr_3dyt9xyots6z0amqahopcxn09wp0fvkhkolzhlnseu,5,13,3.9028551675353775e-05
addr_o3u08th89zyj67fz8bua0hfsalilehknx6cymkja4d,8,10,0.00011103188376620323
addr_rrhf4abufwbucjg8vuazxkdq95g3v23gxj0mqvindh,11,13,0.00016253226117963422
addr_af3eunrhc94dxmg7i5ahjmh0yq8a4r2hro85pj0jjx,9,7,0.00012750385912289102
addr_1qt3n6qqvhp2g751tcj9t2z599h4bugipdi1enhv00,4,10,5.234639264407398e-05
addr_wuwfqwahsqd8d9d4cbvc2z90kveqztz4l2qtd7fkqf,3,6,4.648102367388852e-05
addr_if81ulwulo5e5ocko8juzywb7vqoz9muo26l1lhb05,4,7,6.395927553173153e-05
addr_89kslggg5el57s539hl54rf6u4sduepoyxz6wxby4d,6,5,7.017486823314507e-05
addr_79bz0bybhd0loebmmbor4weol1orlopdm81i65bedq,9,11,0.00011251515941449978
addr_b8ff5bv29tsgtxui8ocd0i42cqm9me8nqgh9vfjaea,7,8,7.001970681741805e-05
addr_nzjzr4k2vlbawq4tdkhp7jc6qbdekowmukciyccsau,6,7,6.353329895323591e-05
addr_qito3t1f2ty7byva1l934mvgu6bv5u921z6btgirfj,5,7,3.83568234608685e-05
addr_2ofv8ag4fndscysywjb54s7dag8ehstddvok65mtla,8,2,0.0001361510344664496
addr_uox549bo89beeglpuz7nn09d2ohh2ua4k675sqbx4r,10,5,0.00011621519532011926
addr_y50ucaih0z1euwezl5se9rlgdj7wodyd3uifdlrx92,8,6,0.0001147070901990602
addr_fekre3ntuxdvzrb4wcpnmuj6qbj8bnfob66j4lkx33,7,8,7.140998377734195e-05
addr_lbd67gf9nhznfw4z7ycjzccu28n0hwe33384xvxwvx,8,4,0.00010968564784580033
addr_im509kljvebynzejc8e2kezh7bhyddmxi5pif2933w,9,4,5.841898416712976e-05
addr_so0g5d7pw17qvtlq1q2mu0afoh0zjrugsav6voihop,9,14,6.700754087711391e-05
addr_06pv1bo0rp7fn727osu7uc5iqhhn0edxzruhvfayiw,5,7,5.428956538130112e-05
addr_xtc33j7yo3z0yklnv0tqnheavdk98cjddv44kizmn6,8,11,9.538878287299006e-05
addr_mv203tz0olid0h5bvljz29us7ww7tjvozufbcs1bfc,4,8,3.6987439726012984e-05
addr_x00kihrf8795cxuu07ov12e1f5qlo65i0f6y4ispzz,6,6,7.244813125664656e-05
addr_c2b3qcz03qnd41inljkj3n18daj5qzcbfe0rkd9igc,7,10,8.121116330442205e-05
addr_7r08hc1yf23g0xujyy3aaoyuqdl1uprzyx51859mkm,14,9,0.00020949448916012333
addr_tz1z7kufhly8mcv54mos1m7isr0efci7vkuamqdire,5,4,5.86368343429303e-05
addr_dcxqrzfisbyn2zab1w0zhxglauavvvxpsdckmpuxrq,8,6,0.00011739312001774336
addr_o2yaj5ffg5n8i0h4uzh6elu66j7jbhjjqiksspwtr4,7,12,7.115714399403281e-05
addr_iegv16sefxzfycb70pnrb1yypqsiq4ajeima72xgge,9,4,9.646364474951619e-05
addr_w1e6jdvzlsg5csoaazdjbh79ihnb2zf1yhc41o5ogi,12,7,0.00014397384039224338
addr_ijkuv2vxo3peoj3m48ngc4xaic0dhnhwekqdvnab87,11,9,0.00010987634646507038
addr_5krgy7mmssiexwwem4lspz2di2xmjgwb6hxrlkjt36,5,7,5.918024849853427e-05
addr_ie1g7v55zxagvyq2ts626marl20ccmrncigkcnpmwt,6,10,8.950955659900601e-05
addr_9bjksqabhjcfl7r0hjkiqmrrbu8f8lfjod915qedca,8,4,0.00012445000877650832
addr_f4n681v6pujddf7012dmnaow5bos40lggoz9jlp5nx,9,7,0.000152009613496349
addr_mqwq7nu1217aq15ieplceluqu56i8b3dv7ck5p2p0k,5,7,4.533149093128824e-05
addr_hnjye5d7rl4nq0nsb9jcwf6aemku69staaes3t2y89,5,11,6.581602676293305e-05
addr_v6loi5yrce3semzyg8cv71e4fmtcp2r7doyfy5746s,4,8,5.480499118295319e-05
addr_jv5rtfaaygu596y94huoqv9rvzppn6zfvpaypyfn7c,7,8,7.951421807310968e-05
addr_brxlj53mf7z3lp46e2v8qrciqmnbmkpf4okgihpd0t,10,6,9.597272670267839e-05
addr_iprsbbnrpf3o2y3vf2dbfhedir7ukf1j8zztec4b8w,10,6,5.532134321346761e-05
addr_m9nfi7ffsr6ds3amrrxsxhkp4h67400swlxw03upzn,5,5,6.181300089394811e-05
addr_jxx2bsr13lmgqro9zh5d3vu1hyelpuv7x4obgpgoyt,8,4,7.868624508495567e-05
addr_d5uv5ebwfz58ya5ogb6u8w3b7k17n9c82uj9gz4llu,5,3,6.668972142329919e-05
addr_jb79bnp2gkeh2gucvd0tnj53pj63cx1yoqs5qbmdj5,8,12,9.017963755976094e-05
addr_6oiqcozdjukgvb7m6j2nte6r8hmkvjuga36yp55p6m,10,5,0.00011186882495585896
addr_ysi0xwfdi64amgj2y020axevuo4m23f0rbms0sogq2,5,4,4.518363174707338e-05
addr_pgf7mvq356j0je3mkr4l2e4f4n3za0co76o8qhe4qg,4,5,4.150067417336211e-05
addr_umyf8k2kigqgqd8blzhj55p0cvvyj5yi00pfa3n6jp,5,4,4.025569640891584e-05
addr_lximc8lajala67pc7u9k2eyylv0862s18jvp6b42b9,8,12,0.00010497188156060774
addr_p1bif8smbfzp6kntycimomwxkrpeukuqhroinbq48g,7,11,9.451315803784774e-05
addr_dll1ngqdsc46ecqjqb5q8ivd827y1u2lf9ryr6iagy,7,4,6.818803941323318e-05
addr_bo5ey1n21dqtc59v95o8mm0f3a0fjpt2xtm5wratlq,7,6,5.6666668649416e-05
addr_roz6ric9w3puyy8t2tkx0wlj8ve8pj27fzxtgys2tl,6,6,5.712141522555557e-05
addr_9apbn2wg6oa78zd9ae4n0hwcqf6mylx40o6y7igww6,4,10,0.00010229635884126922
addr_zualwxrpmdetyink01r4reteccx73h58ps1uaj269n,11,4,0.00010700165369984478
addr_6lt02zqyf72kdwkjjx9trt4h95vvz4yi2yt3lbnpyj,5,6,0.00016492102172576325
addr_x40yl4ovd4hygyupdg52u55b2536vhi8ll7vr1kyjj,6,5,8.995845859088293e-05
addr_l2wb0s9tbiwhs2hz18u2ag7snr48x0d3lnzuk2kws8,2,8,2.336822457624126e-05
addr_nuw00tin9zi5780r6chw4cfkw0xiv42wyg8hovucj9,7,6,5.541648034756297e-05
addr_af9wkngts2n8nsy6rl8cmkuh73gi3guasrq5q6hnnf,7,6,0.000121013138876406
addr_tr8sb3ou1pacgyu25q0fom13vpayp4gzt9351b2ste,10,8,0.00013776444284275755
addr_9tkh7g1kudau7wcti1vj0abj548wnt27q2is15xh01,11,7,0.00016290930384238575
addr_bqr1nm0nhy0u8d15be0ezykw9si0284c5nbc7ga2l8,10,5,9.190553425150584e-05
addr_cc3f1ezlpti4me0ipct6c0br3ktofzr8964wp5zwoi,9,9,0.00012977328224026698
addr_lnkcoczjhs8v24cphkg5bai29t4dg09fza85fz1xfp,5,1,5.2056140758347866e-05
addr_6gkds6d8ebm8hqnxcgc5e29lgqnalg8o7brn9kfyc7,8,6,9.097385748705858e-05
addr_lj20vkmmen6vbyfrqg4qazaqqpz7mzmcy89h63175p,2,10,3.747668259219982e-05
addr_5rs7k310qrmuqxln1n23k4ruqh1cpmq5i8z3h34j44,5,11,5.1566405923536375e-05
addr_76lux3jy5xz0rcpaqkplvr0cchr9hdbff5c5slixuk,9,7,8.68462899144089e-05
addr_40zr6lx6cmratji78jldrzq7ancvuzyk7rb8qk04bn,2,10,1.8953257318009002e-05
addr_r67gxsfmm8l9gcrrfswdzeynhu1zei7lsfqu8f6iyi,8,4,9.678392048008806e-05
addr_c3a9yhbjiae4famsc9bcl9putmwaxqvarqeq60zpy5,3,9,6.102767796892203e-05
addr_b0vc20gy9o3oa6c2kc0dubvmg1tu1v6tuom4czh7xz,15,7,0.00013213003918866612
addr_m7mhdhcup89wd3i4xz016oz1tn6t6ppsx1mmpcm5ua,8,7,4.665234501296823e-05
addr_7hwyijrqop1dfel4pctg3hsa15p73k0axzibhbmz3y,7,8,7.956178475508418e-05
addr_tx8o7ii03od4jhrrrsuyjmic97szpl56gw9bejam4r,4,9,3.713814487087786e-05
addr_i8itjf74mdkel92tojwxjod2d39iy7ucexqnwq0k4i,12,8,0.00012025702952735805
addr_zkm5vgywi7zwpd1otxs3fewsm91kqzjqamzc39bmth,11,3,0.00013797731135777069
addr_cvte8i0wklnra0guoairggd76t04wy48yqv3h0buwq,7,5,0.00011021724450681164
addr_akvxt2fho8cc98e3r037odn65swsfl04meuulz6wkk,9,8,7.868818405998698e-05
addr_2wn10a53q71p6b8gmi6eib8v6qvyvdt16lxwdamboj,4,5,6.95617454664485e-05
addr_dpcbijswl3q0lxmlc8qlkdu4exuv8bsuyzfauhgu9c,5,6,5.9057766145785994e-05
addr_uk0c6i9guejrpl588f1hbkobm1k01r9ys0g7siei7h,4,4,7.096339314010386e-05
addr_mg00crz17a8rnxpwnua6tdxj1wqqoqsd8p4xtkxgy9,1,2,3.7537047416291166e-05
addr_inbgmcj4ncbszmtn5ivs35ohz7vm3kp7l0sm8bo4fb,11,2,0.00012607826519981635
addr_a1hb1vbu6ijx4zbtr8syolyfm4psqnp1k8urmdh2eo,5,6,5.939260433677664e-05
addr_vljtd8djwdr4b8ovj4r5te8e8pfk0ytk9u4bc9ojpf,10,8,0.00013836833273393886
addr_p1ldam3rmljnixu9u3kzl5ajrx17nk98xflgclq8pp,7,6,0.00011509468792279365
addr_bwtjlh1cnqeyecng46kqm092bim6bj6ohpynbik8nx,7,7,8.026341048374511e-05
addr_sw5m7kbum02sgrm9j2dbj5g96f8keg0x3kmz5yugur,13,7,0.000108957446148217
addr_1tb6bzdrkdxgdpcjc28uucrwfvdq79c0xipuvm3w57,7,6,6.573790701499902e-05
addr_la2k30jpqkwelo2v4g6k6pj3rsl7oumytpqwtnq4qn,5,12,5.753772824084482e-05
addr_yqu7dveafhxmydfdgyd09listcp6jkbtazujx9vku4,10,8,0.00014112082711540427
addr_llfzx4p9ttygs0xeesxk6zthskb7u7y7zz5cvcvecz,7,11,9.575109462124308e-05
addr_62w0fj7hlvtjyqryltdzvuh5bn23dbmvg0n7ibyawk,8,11,0.00013027910019152106
addr_d6zlsnv05aqbyum5f3qaopkss9awoy92p8j57597pt,8,5,6.84528095693493e-05
addr_tmvcbx38089nb70bnzrcjebztqgtgcf4sxi1fexi99,14,9,0.00019125057072570312
addr_lo87tqgdst7inudfz7ons1ngwzhed1t2bas5dz63mj,4,5,0.00010166976400213172
addr_w9p80rv1mwk2bbzp8ktt2lo9lqqkfkze9vidwmg1t3,6,5,4.8610739849877615e-05
addr_xyq1m65xzpcvgasx9he64akgr5bqalv1c0cb4fusui,8,5,7.630931935573369e-05
addr_munanewe64fvf2xicrwwfbiwwh3h7f0j7hjnfunesr,7,7,8.63663766080037e-05
addr_xiithb4geh5ylh9h8ai3darcrbea1lr1kbo8s9lnti,11,10,0.0001027067794706298
addr_2sxtjsleeoq1juoreke3oppvqw2lo6uv09j7yrhnfe,7,7,8.259960194653903e-05
addr_nx7p88528vlp2ts62hajmiqijktc8o6m556ywtuwl8,8,6,6.509493314309324e-05
addr_unazqhiq543vwop46z1uvbm5lx82dw8j1lq0vvy42z,8,8,9.907087870399997e-05
addr_bux1doo8rmfolg8rg7sxhlktooy27v89xrfvdpm0rz,8,3,6.158466931769546e-05
addr_np7w0ex2shcfcejyfdh61ds5mzi3c4jymujqpb1j91,6,6,0.0001311192763892451
addr_mrp6j809ahneffhvnxk8e7e7306rvezgr4f9w0fe2m,6,10,7.010145166235748e-05
addr_m42lqdaon4cyokbjh9mix0qz6e4ph7x3v0t335ow7d,11,2,0.00012077035321554988
addr_dgh1p3rl0ijjchy1utgelz0xrb5m4q5s3ah6i8v3ps,5,7,5.544816492234362e-05
addr_6dkggv7rgbo39gnxfk94w7u8bue0ow5m3awojdqi8m,9,9,7.802920411440721e-05
addr_r9y7n17lzg3rbei13hesh3pfi14kmry09sgwn0modp,5,5,3.533878469632533e-05
addr_yf8aygraw0twpwhvf8esdwh83316zfffkec1ochsxc,8,10,0.00011716321007470766
addr_ee7dqxwk5wvl1lctfcg1ulyq0epbnndjelfqja1ddj,8,9,0.00012042638118124315
addr_71guf8f8ykghmqy9zseneu0bdgprbeqxirxs2m77u9,9,8,0.0001360682127194901
addr_xkd1nxnucis6o0j0dgnc0fzuugzurptxcc11y1aohq,4,4,8.766127458116427e-05
addr_titkepc3fi3c3auusfbx40miducsx1s4eohohnsnof,9,2,9.987804857719712e-05
addr_aperi7csi54x0u6mvggzbf9tu2imjvr4p8i0bkk94t,6,6,7.095747179483625e-05
addr_gkxzp1n3y74w6nvqgj1s8gffod1vf2j0wl69gwiir4,8,11,9.200385483060396e-05
addr_iaxufvpig3yvr2eu4kb57l1376qwvgfri7fz5xbigu,3,6,6.701822227839013e-05
addr_o6b9rhtbvtnrrbjrlm62k96rxdg9h4mr9ggf7bk2yw,7,8,8.005029324510006e-05
addr_hdk4ym68v10qs2hk44opc43x8igtiottoymxdpok8g,11,12,0.00014657407731615734
addr_1jt02a0k4phbpexf2avhekxt1wxxd72pjrp6c1yu2m,9,8,0.00011737586519003948
addr_x2wtbv6kp5ofpxup52g57hv3kbje7hgumfufp614x5,8,3,0.00012957564231693143
addr_vltqra6bdx0sabu9z09fyknw6brmqz2nzbryui0ywm,9,4,0.0001382862574133782
addr_3ypq5lyyp6s0vdck1040vrssdvb26xnisosz0d3mpv,3,6,2.9354949829356325e-05
addr_snmtsfh29ny2781c54axylkzgvj1qucosp7hgpuo9d,8,5,0.00011071316397105819
addr_stbxuhk4hb0m8kmahmpdhbjtah50k4yi21gmjhao1r,10,10,8.884706220987974e-05
addr_1s6eqxxcx9knbz9h0unl0ut5jaysywu2gyiaw7foe4,13,9,0.00020357433803871075
addr_0slnhf8h8hqij3dqok73ik29ibzjwh5y1e6ez9xpw9,8,7,5.183065057585611e-05
addr_jsykzoq5ooe9wb8aqdgchnexsl5sjy5uq213pm18cw,12,7,0.0001503589710951503
addr_jmzjox9d6n2cgvpdg4yfbtxk6u33jna72fbp0iv8v6,12,9,0.0001142939012513892
addr_gjgdgip0gh6mbja9jg6i4ti9mba1acj90m2bb9p8jl,5,8,6.217656853337697e-05
addr_me9cg2lzvujtujm5ut766a3kdg9y67c90iwy2col1v,8,10,0.00012011206873827724
addr_da67ld4jn4c14fswneorahpbijhsq6pb8md81q08hr,9,7,9.797724099707015e-05
addr_6t1z6mqq70pcwzs7h01e0crq7mdfv844bfl6zv75jq,11,6,7.447696332319184e-05
addr_af9gltsp9jwotawxobun82t18xrz2su8zsb0fetxg3,4,10,4.8238861877262364e-05
addr_33tdoysavxtmllwwvvs0jyk54jnuxdjq90scqetpgf,9,4,9.362592374924409e-05
addr_t97zn0p64x6htzms0m60jknkecx6vooq9j450isigs,8,9,0.00010046105764429187
addr_erfephz0l5nhoef2n58im8gi1utomfgjvwuiywb2a2,6,3,7.614584051708655e-05
addr_y79pl83hj44gk0hy8v0u6iq2ifzm1y4xkysoyijmm2,6,7,4.9038891509738415e-05
addr_lonmbt8xoodxn51kbb7ui6p1m7ckiqd6dgjn8fe70k,7,7,7.28149680192762e-05
addr_wlxnx3bn6782co4u4j5g2l4rbvg2bx88yactia943d,7,4,9.417721058278044e-05
addr_cd00gh5wlxdlu50l7g3847agy51asu6otwpj8fv0q3,6,9,5.7699449727848696e-05
addr_5grwnj8782hs7q3d7w36oxo15nsproitw9t88ggvc0,13,8,0.00020474891007055642
addr_gv0jt3a2k4v5ystsxl62r7se5si76yxrr1z3nm9koc,8,6,5.032124622243011e-05
addr_e6jixub4ibhif5sl1ya1ryztbvhuazun6fht60kusf,5,9,9.771553585536798e-05
addr_wplncoqt2crq51etf273n3byafb7cqfajy401mnpvn,7,3,8.77171832272119e-05
addr_vhmkzgpotis0u47mvse1qckq487qggzd04riwyszzi,11,3,0.00012700995488240573
addr_887fgesc34aet38f16ek79hb82cm04j35fpzqw7esj,4,7,5.421781335218471e-05
addr_4pv9flpjo64l8ewnkff8eefsmlp7sit2obbemljr97,6,8,7.586692242385467e-05
addr_23rws3jn9xotenqzilpshix5thg8w0rapbxwol7402,10,9,0.0001407255340888563
addr_xt50ctmfdleuql6mgm1oceqspozkxgbndkrtv9l6gy,4,9,6.149993438518083e-05
addr_cvxp4i1uzdcm3g2ezwzfdh5j9hy1i54l17x58b1e4s,9,6,0.00012646285162510096
addr_ejs8fl6ru8fzp7wa5kuk49260tji22rww0r2i011o7,9,11,9.769234371975624e-05
addr_qsp3vpzyu0psexnxd2emfnf6gyggi6dwiaxn8vpc8c,7,7,4.548817920197235e-05
addr_18ds3eyo9aokyz7fdfu2yxccbta4lsuuypdth98wed,9,3,0.0001355260385897491
addr_gxs5q5c1c0xq08f0175a9rutob0fn4shu5b2ut1gxy,5,10,5.0785526807455476e-05
addr_8mcppzxpl0274lwkonqh9qg5x1uwcv6hfr5cc631jv,7,5,9.06387761205419e-05
addr_u1bzeqgzzs2g8efmzaohe7mp9y8kscdzrc5pgxk9rh,13,16,0.00018230802331434468
addr_6gdtgcg8zf2l4c0bb6pyma1t6sif6dohe7ky87q19u,11,8,0.00011880448790412747
addr_fe94s98o6cityaq35qan5gmugxfwcipfr81qq4695e,9,5,0.00010736030832390153
addr_0diaoiiaf43yhdo9rxenxtkz7bhtvamxmd7ovcla9l,6,8,9.25570897484303e-05
addr_pr0o4pe28wb4wa0knjs9k5pc02464qoe9uzx3y6g0v,2,13,3.1021234069126007e-05
addr_rorihguwam0tuucm5q5pzo0bogcwt09vf4m7lor50s,6,8,4.448536860567799e-05
addr_3dkx05ny638afa5v6kqoskbrc78ercsmgp0apxy5q5,8,12,7.082461505884817e-05
addr_mt8qm76287fdv21ndcs1uyszded8wge3ziexogxvx9,7,7,8.036311239136447e-05
addr_u9cdrrnkpnbk2lgxfi723j0uvnao4oktrwilrk364t,7,7,0.00011014961199370892
addr_34876ke1q5ms7upspag3jbrrd44ndvdxdf6yv2vp6f,5,9,8.216122780122302e-05
addr_oat0leupk9iphptmqk0ymxneewt8j2vo7iugrrrixc,7,7,5.8048234434690455e-05
addr_uw37j9ggfwj6jyidr6x0accho6v8co2jep91oxjcby,11,5,0.00010554771401420553
addr_unw6tivkkqovkgi0lio57nl0876qkcjxsufaexxvln,9,8,8.976707822401302e-05
addr_iyn62u8z1xie39zvyec5udotuqajelivwoe58oagp0,11,5,9.766210178267979e-05
addr_vaatonu3i1qhcboebu3q0l8tyzznev8obp4rlhvng9,6,8,7.210143309329648e-05
addr_063njnrc2uo2gsj8r3itshxd8mbtdl615keu1tdxki,2,8,2.7069370816269673e-05
addr_ks80tq139263c99jxp4ju0bt3c259ldbp50p76ewr2,10,5,0.0001221548009368677
addr_7edw3t6u513omvkejdvt65j4pq5221dx61fhhzygjv,7,8,0.00012876519561943908
addr_iocnw5i5virh4o66id7whkpbp4pyq609ojrw7avnku,5,3,8.110167047815323e-05
addr_e6hsg7bekiv3iszqnp9mmhwdrnqheesn26lxhnywe9,9,2,0.00011275942539929345
addr_1lep3nvec6yb4vw99bn2ci4umz4fd7ujjxuekgst4c,7,7,6.805259203051326e-05
addr_am8r1a5e4j5jkdsvlaikujtlsra88hy2a01wsbu7f4,2,5,3.1113179177337645e-05
addr_86fth14uh4vonxu6uboakobga9hmsjrpda19s7omu9,6,11,8.140768256271983e-05
addr_jk2s0mrq1gfdcquveeqooae2z09vjdcklmezx5b61k,8,3,9.462198949772145e-05
addr_jrpe2xn9txfjnjd5sloc8d6ji874u77w9a8lytuagd,8,5,0.00013480122652920456
addr_983yeq3fdi7r3oir71x1v2nnk6yh5fksal83dfn019,4,5,4.984934716919175e-05
addr_xoe72s23isyw2t9ls4r4185teqnusbgyggxaj5h08k,8,8,0.00011710786681913111
addr_rfylww0xo68h2al0dklfz2j29nm8lhvl8yavwdum0j,11,1,0.00019373096503947035
addr_0qdot39fm6sl141r1ov14guu0jtbvp9qndgplloda8,8,9,0.00010736356876525617
addr_5lazrrywv3vq6ky5x2a3om47v1ap90wq8oszmooegl,11,6,8.193309887850635e-05
addr_417l2r21q2rhbbsj4gehzec60blerokxj23si8zt5h,3,7,4.459641367761453e-05
addr_mfoxxuzw4le9nggnte0kyp38m5gxq5gbe9euuax804,9,11,8.999022390948894e-05
addr_9v0pq2lhmvfujic51miquy5ccbsyqyeffxjjukq22t,5,12,7.314720015330247e-05
addr_ab4f5j4x4p7za59obnnqt1phahd41nysqnpmidywfr,8,3,6.122478422901363e-05
addr_xi5x6wcz14jlhnoikiocm0qhvf6slownzxqespxjdq,12,6,0.00013054929629902548
addr_gl8ib5v6jbrs43i7i81xyy9epgnei6fr0k8qcxefp4,10,8,8.5154607380573e-05
addr_ey0ir7qou8ex8s41e7ze15irpmf4jbc4reqhcelps1,8,3,9.190156093205405e-05
addr_t5w7clsvoptnnyvlnzuqqn61fkbczew5adapv3gd0q,4,4,1.8684940354881656e-05
addr_tqwmd3fajqlw7uo13sno8veea6kjxogzw9hfsutv5g,5,5,4.347496191903437e-05
addr_l8yb96vj4jr013lo09fxlyh0x6jx8sg1j686kkom6k,6,8,8.000362067584564e-05
addr_x9bhjj3yk2qfhnxrih2docdape7be8hwmh1lpgyinb,8,7,5.278938022405004e-05
addr_r50p0w5tvs5e84lm0oht7aqpzvl8iq18lrv2hobk5u,4,6,7.662870339821893e-05
addr_szi2skf7pyq35fstwfp9ykklsci4c9mqekwr7mbz5c,7,14,5.539410756756272e-05
addr_zrin6k94i6n6vqaztkf24ugy71ctrsbxbdodxt3wtk,4,8,4.344054479075141e-05
addr_etl0oqdsrcpfdloxzxkpqkzwqnwk84upj3yo0m5a2l,5,6,3.080899053107566e-05
addr_zxskubh0y8nd2ylxdyqpty5x7iatmysjjefsrdkdes,6,5,0.00010888546278783751
addr_4ucr8vkt0fry0glr1rm9z2c36dtr3x64m0zhw0pzbe,9,7,0.00010638572562905006
addr_4eeo8lx7dxnta0f4wg1yncmup4mwrmaoo478plzsed,9,3,9.859466326143388e-05
addr_4x88m0h9s5i8p8bkv3e66n0ievpq5qz3x418b129cp,10,6,7.372924009055064e-05
addr_nbg0da5fe1oh066ekyto2qnng88xzgbcdtnas1kwzu,4,12,3.718512846819614e-05
addr_ix9aenfmz0cocmgzjkqdzc1px3ckk8dupkwa14gjnv,4,6,6.981004672923285e-05
addr_np2ea5qksx95iggqagnnneuk1hbh3oyby60n7eg5ek,10,7,8.043009770241937e-05
addr_18iup6y1rnl82uqjt4yagrmii32f94ovbu531ckvtz,5,6,4.509052927241468e-05
addr_law61v0czt7wlqqq3t6pgn95r2aqhflxzwof7yqnyo,7,7,8.635788279187113e-05
addr_ejlwqsyf1ikivdc1kwoht8nmssln56u6fq6gjvavlu,3,7,4.426491422173094e-05
addr_inuxwai20avu0l6uhscqd89ujsrf9fhjzg2n76lj9d,8,9,7.95552929338741e-05
addr_3j8eh1ow7uq037w78or4wjvehwsd7pvc02q8nagjkt,8,4,9.752328362286849e-05
addr_6tq4d5j9ihd3zww191k8l0e5l5578gbvzswo520upo,4,5,5.870261146378795e-05
addr_tg7ckr57op5q5wvga6zhusl53pzcee9yp90sgs440v,7,6,6.608224977067346e-05
addr_ldvvoc7p2f96cxb9vrd7wif5q9juulunh2zn4l9ck0,5,13,8.245426432050393e-05
addr_gk3qhtmkdv96qi0xej016kou9mikgby7n63ej2jg0e,7,11,9.688670079315103e-05
addr_gy7ns90i5nvekft0uu6oo4q4ztzlf0ml253u5swytj,6,7,7.126008863609394e-05
addr_tlds1mi3on8jt7c5t02ye5kabkq3wf5z0nkqn44tpe,7,4,6.987271477689048e-05
addr_tcyccjzsoe7hh299naz2zj7yuxjjljx9c9zfm0wguc,4,7,7.29455162319798e-05
addr_ps8uo113tbrqogf6fmyzuzg8swk268rxm8afencvna,7,5,8.130183180506339e-05
addr_te1lrdwub3vsrlji6rlh445825cpjchk0ole9zfd3e,3,7,3.856715903525922e-05
addr_hknorqf1jwwdiem0wn9kz980hp0opuhdjad4sfa0r1,14,8,0.00015291194000165446
addr_ugy3rwrb8kbptrb2il056e8lgk8d98qyy6vz3p3lzg,4,5,6.169700296696344e-05
addr_e4p0ydl7p0l9axl29s20hp28bqwgzhcm9ipav3dmv5,8,6,7.681388204842484e-05
addr_i6t7xnbklokrlz5bxsasba6ihw342s7eeeegpku31k,10,10,0.00018350920708252327
addr_2m7ezfxya91x4b6npns8xsksqghftc9gfjwnwts35t,5,6,8.537019389091955e-05
addr_1co5qzrg0nq9rqywqgz617iaq6q986rd130lr546g2,11,6,0.00012686245350015165
addr_v880e97nabuo970uchsa218wfnyyrbhqs60a4mbf35,9,10,0.00010756911532754711
addr_h1ygqnx8u496h9zarf94h69vhq4u631s4flx6atvqj,7,10,0.00011522386642862301
addr_lzfph7dv2t4jhd8w2zhzlcxenrh3qigc2rqr1a7kzj,2,6,5.629466229097844e-05
addr_ijvnzr8nnzbiotywxdz4mt6e15xcqrmrl1svv8i3u4,10,6,0.0001380046313133172
addr_bpb2dkve7vjzaor7dg3jzpaijmrhbqgmlht9eyrmbm,2,10,4.2055119933994535e-05
addr_zvz1xnj01v1pjzl7a0yzc7720uszskzk96nz3lgvwf,4,6,5.452569283195057e-05
addr_92yofponjh4oqcb3ohcgo9cp0yih5c1zxdssaaygt0,7,10,6.42751049106487e-05
addr_rhoi5emu7s7gf4pzj2rcx6e5j6rjhzddl9x4i92o8b,4,11,4.5567241765618626e-05
addr_tp3174gu65s6y5h3o0sw58611gqit8d9gx2hivdts8,2,8,2.729296011726413e-05
addr_pe8bpq5mr3cnwqtc2n1ksql7v2ubvnr064bls6bdki,6,4,3.276327000769423e-05
addr_cozctxnizvbsazi4sgs8cod7ye4azt41zupvr39qv9,4,10,4.473979066649362e-05
addr_j9hvr2yc29d9ei8m7qyractvbtrp63vvldx9dj27hg,6,8,8.227571040678003e-05
addr_1vj35yrg29d2ff5l6bspxlseunnrlst54884z4ur2y,7,8,5.201375166463152e-05
addr_fpwz3sgvgfg78ezj3ejdmbgqlh67jfa8oxafeu91mu,7,6,8.936146200332866e-05
addr_bjh1klccymt4pl3gfgzcnj61smpxzbqprfg9br89hc,7,5,9.783301864373296e-05
addr_w296nth5w82jys25wy6x1v5sgbhq34k6cs82xs6f6u,10,4,0.00012752042779099146
addr_gg7co9todvfg63ovg4g9tw6terc4a25x4ja5rcsif0,8,5,6.598452601195379e-05
addr_a60zdwokykf4y3bmy9dveqf0qz17bvzaxpuqwhxbfe,8,3,7.581885770162748e-05
addr_e25i7dmrq7kvlsjrfwp6b9fwnhipln20gkqqlq5mp9,7,6,6.987542907414746e-05
addr_5vh6nhip1uqktzsrenh5b4guux1gmf9l373h3cot9r,5,7,5.5245455343662146e-05
addr_eonf2mufarl0gll25pplegqkjaxalnmpwnq2kvvtlc,7,7,9.266795998847672e-05
addr_ktsg7fxzv4u3bbxux1oxrwk8r2ykccprhvlz049enu,5,14,5.327274637708718e-05
addr_sra6wb4kpbunoq4gnw8z48lvc9b2r9k9lj3lsjkoqz,7,7,0.00015557079017221
addr_z8vgi0ftmv0ukwdhmjjgtosp3e7n3ug1mkp7sb8ycs,13,1,0.00014582595575423607
addr_w5ak88un8315hrsf88wo24gpegsqol3sfn02yizpqu,8,4,0.00011675613838014067
addr_pey5fw2447atvs9dfijsk2vxmk7jmphfozn5t7eklr,6,6,7.13538433138442e-05
addr_70htibhg3larqtjc0r417t36fhhp570mdhy6fcx1vw,9,9,0.00011998020463571457
addr_5gndpvsa3x3k9iy7nvm0gnaysjf3fvnekvj3qngwoe,4,9,3.181426563015404e-05
addr_c1n1obl7m1go099av4n62yeup6gtx8z7qhlmsur515,5,8,4.480802894399161e-05
addr_r6xup5wxuxv04s012x523qrp9bhkfzdrglufzcyr2e,13,6,0.00010693294945183368
addr_rtt73pac7w438771vbtx8dwf8m7f2sb1xona1e6yhs,8,4,0.00013672501805647665
addr_sxq59h5ji5gfj1892advuhrxyxw1q8g5ey0hiunidi,14,11,0.00010989379871778499
addr_1or6dk3z5jrkled77wb7zlqcf6zsyuf5lxcz6yznvb,3,12,5.023525775517267e-05
addr_eravmhmklzq7jz1jxfojknanvr9zjldr9zu17d8h82,12,6,0.0001976553104630673
addr_kjfvbui9n20iaam0eu2o75tp9wi7bfp1y8gbtjdmmo,9,6,0.00010140410325488241
addr_he7ur23gdppq0y9dom5igqpki7p5tb94874frhocn9,6,17,6.583397196686876e-05
addr_14bubfu3nfkqke255sr2y6f67wivb4kx8r8uuvephk,10,5,0.00016232622830647896
addr_geplju13ymql4xwoh6glaf48qszrx0zeor8kshk4rq,8,9,0.00011452465692517759
addr_r60kjeu4y7tlf72spm60dzyahwjyjqaru1nf8vxe68,9,5,0.00013160790372401858
addr_gxotsnuwqwticnfnpttvv0djbay55v2x238gdi261a,8,6,0.0001143800588646864
addr_ccrbm4h5guoelp9mld8qduhrdu9lc35b0nbj2ivoeb,5,3,4.854525749100136e-05
addr_gpl1683t6lx5ijt9uwlb48z4mq42e4z2pgcgj3b3nk,6,6,8.61357651261794e-05
addr_ytz6aqwvzf99mcmdwy479kyvy7irds7sm8ps1x76j3,8,7,0.00019160897577145784
addr_19wukeqq6rwffis3cykj9br8xgprybf4iswzvxv3ed,2,6,4.565662976513448e-05
addr_c1jm508dv836eht08s7bouw8iuzo49elir81staj8v,6,8,9.963083958725025e-05
addr_2w5ni7y1yqg27fo6sbn7g7kttkq0i6q24qywm012h7,7,6,7.896811830266265e-05
addr_x35fl0hst2rj0b43kez8pvmikspr342zvmplpsud7p,12,6,0.00010781810746372825
addr_vxbd85xn5aprm5eq2zxlhvsylwv2yql1zfyl3f67un,3,5,3.6751236447538084e-05
addr_pbwmpqmh5u8c2itbbuwqbaxrtkmrv7hexod0bva707,8,2,0.00012816948952410747
addr_9vswuu2nf1fk29g0u0bkxzu2k4cfgn25rhyx3ni189,9,7,8.875190174473135e-05
addr_mww2o7m0ryjjlv35qx7k6kujjcecuhx6n89nhmd51p,1,5,2.0975689173613558e-05
addr_88r29fmsh9ycr0upp3flc0zo9vcezrlxmv2z9pwq7f,7,6,6.534289841117404e-05
addr_bkybg28nrrt8ciejyed6usaypx4wne51vhbcqx9x62,11,7,8.528871730075306e-05
addr_a48cxqtk44ouy25p8f1feyv1z00kit0od2k0wgfghv,6,8,5.95094766136128e-05
addr_yo8pb69uiqya71ve6gq0fzmfzlxtyigu9dlwh5c2cj,10,6,7.932375322743011e-05
addr_4f4fo8yfxv4elcfcna96nfiwh9syxm7adhspjm0ksl,14,4,0.00017814358466699802
addr_rssadocv6q0iln2ltx8h374djzr0z7xxkfwd0ot7ma,7,11,8.971102960320115e-05
addr_b8sscgy41c6f9we9vrx6uy6s807bul7v0lqvib1ms5,8,9,0.00011464024740418857
addr_qpk4f7aguu97m1i1zi3hngpnup5isnp5b39sn3hf9c,8,8,7.465116485373827e-05
addr_r7n078819ylk0r36yhtzfcfmncem4lb1vab4zadja4,7,9,9.067745470547221e-05
addr_kofc405g106jc05295x9unuqbevb7cqephkep1gc3e,4,10,7.247108833236183e-05
addr_1jft18jfy7kbgjh9dsphl2lq446jjqtinla75gt2ut,8,7,9.805702477970434e-05
addr_7u7yzj4l76tbrphvbp9r7oz7p1cfqb5vcpph77rn29,4,9,2.4737679550018894e-05
addr_ngb20bzsl849ax5bzjz3d0g0rcmyd9i23s2niox4k3,13,10,0.00015753473713132145
addr_ok3lcii1g6s74jp3zayyknufaibwg67a4xp9ko2trs,8,9,0.00013379122785350876
addr_apsl5bgxsv58s3e1ofucga0y6t3sdpm31m2gex878m,10,5,8.92193631128965e-05
addr_u17hqli19fkcbfsb9weiwdrx2eqm19cwu77t70vzku,6,14,7.748132263927708e-05
addr_4gk1gg9aomtpthxkmh53psgh44b7vclhy8j2eai92v,7,7,6.231982122164038e-05
addr_6442sihxodlctt058cuij0yxiyqbvtdg3c6scivuqt,7,6,8.079396132706108e-05
addr_j4ipfdqqfidbhgflmjyynfocosvhuce78kgt7ayulg,5,6,0.0001029526641733964
addr_76yf72getvarbkabl1y2y7u8vp06m1d2jv5o30szsy,11,7,0.0001782140448775372
addr_2kjbi0fhia4guev8pm8m0e8y0nmc1ntkp7lyuqqohr,9,2,6.698813790925292e-05
addr_en94wrxea9gx8wltn202i84krj6gng1ca17gkm0snf,6,4,7.782105324149381e-05
addr_tzk22ijtb7z5oyoqebmgg84yy3aic27q6gjg279iuy,13,4,0.00017153205180258567
addr_31qx4q7xolxcy6fd627dtq9ruj3np6w30y28zbjjac,8,6,9.982564359517076e-05
addr_hrnakaydgjnc4jsylu4ssngsfdax0kdblt9qfjv5lu,5,8,5.1938275027004686e-05
addr_p6ca0x4dh0v22qcvroph0k6aoktpzfa2959z9dbe7j,6,8,5.443392028932693e-05
addr_6il8a5ub9ztj8pv6ts6427eho8cqqxfcwsy444q859,6,7,8.630244554111281e-05
addr_tw9vbdjqjf3arx4i6gw2yj28ebp8m3y9fwk8gkvb71,8,5,0.0001891072929413537
addr_xy9zfh9z2fvexygt7ig2pctd6rr2rs6mhch8uy779a,7,7,7.152411420644435e-05
addr_dn0n9in1ypvzy4jlc0vjr0lttkg1l4jg4ysjhsn88e,16,6,0.00017543513593390645
addr_ws1zl7p72l4x5bwaen7yjf30kh5840acuhgpjnvwrx,9,5,0.00013997694035281804
addr_lto4rq3q7gktmqg6nx9owwew9v08liuqdn05xt54fn,5,7,5.760395276708282e-05
addr_yuf4a9nbac8n5pqvzsrqbdglukosvifdu4077qjrbn,5,7,5.376768664479685e-05
addr_h91uy1bmge8ekohulvoy7vxaxnce8y42j0c0zy0byd,4,9,4.461635947934308e-05
addr_eigtbg7crrbihth24pqy03n6675tg94jnlmk3k6zxs,5,10,6.129943030569659e-05
addr_1n7gec07tngmbr5p39cp2eavbr40yazk0hv1dx7x30,5,6,0.00011799587904293397
addr_42kam6whwop7lenb0r84ujmkoghc99hzyzte8btq78,7,9,8.096556977740979e-05
addr_vrk9s2v2uxkg7h4xbsaj5qt71x730ulm0rhmirxvnm,4,6,8.901093612740459e-05
addr_16gwu21tfbmjxrdklu3ftbchog6c2cwlbeuecy36mq,8,7,7.999677132340173e-05
addr_6xcnb1j0cy97l16wv8cta0o2qt6ohgd229pdx7y9qe,7,10,6.130812278154593e-05
addr_nezsoydrbe4e79th1xoznc4s4v57s7d3tz98ltppmi,11,9,7.600967865827573e-05
addr_h9lml1mxhk5k3hmjhwcso05uxnc2zjjfh493g2pwow,3,7,3.2707811974954217e-05
addr_0mq06lvkxhv3q7ilzxq6cd9i1nbun2oddslvvjl57w,7,5,7.620045082313126e-05
addr_zwwcp8tjvq52ip1ww0ausqaa92ibkwgr8cuzvx9v7b,4,9,5.6433195756026955e-05
addr_sxsrfqt2cxdkot1q3etf0gs6oer53sca3brmkxglfz,8,8,8.512859067470686e-05
addr_oul6ru1tj4vsoqe9i4i9efkcltlt0mdo3q8sa1hwd0,6,9,4.895040879815589e-05
addr_el8kg07te07vr3ka6q6rlzlc6de9v6b3qakenwupia,5,10,0.00010054054778879282
addr_qke2gjr81bmqf7zk94yxfiblejgublmntfk7orfqla,13,14,0.00014469960380556447
addr_wbqbul8muo86k2wkiofj88nsiwsxk52w8g4b0hsno6,8,10,4.635928241233359e-05
addr_vubqezqjpal1dsp7iothieht1sem5pspu69cmnjtul,8,10,6.42385762587132e-05
addr_kz1kcaecrtsikkw23t4tccmoh6yj44pc76n67d8dm8,7,10,0.00012863907887136135
addr_lb6jogbfk3b5wxnhumakghao8i3gvh4c3w4gnmo0bz,5,13,5.7140120994765725e-05
addr_i21e13hyr1ru2arycc30p59o6yhuiytcwswmje0cex,5,4,4.656028499438975e-05
addr_x4o1ccy105xur7hal7ngtidm6a7ug3ix27ka6o1rx4,7,4,7.784573022047824e-05
addr_8xvfjgxjmn85srn4ifn6hf1xrvs67lkgibpoic9zsx,6,9,0.00013239576667728716
addr_peu5tf2o6obsflspqhmx56xq9f53pi2w0sa3e1u9qp,8,5,0.00010943938284120308
addr_8wnvb7oe2p49a8ygumt8cjj69eaenws1snhnie74er,7,5,0.0001338471570211512
addr_9jfcoud61vaawt07y0qnbewq73f3veud9lvhw4e635,11,6,0.00016262405427780864
addr_35z4l98jbul6z5wwz93ut9yb5cmvxlg7t3j4p6n19z,5,7,7.816612672293126e-05
addr_grm1x1meaml4u20g6p046uim9chzi4dz5dqjrmptv4,10,2,9.569225357509991e-05
addr_vlldofld3cbyuihbkrmaavv4c32ujfb8l0ptbsix0o,7,8,0.00013504741410619935
addr_v8wxsqgu5geb6elmfkyc5et0ssy8dao5oxlck2op4e,5,7,0.00010453793418155875
addr_39zxxfxjfzbst4q0mea0cqcfmmprewh0cy9n7uvdk6,10,7,0.00017212211456742627
addr_i83ukt16787dchqgyi0npu1p2mg4grgwecc27tl9w6,6,4,0.00013749763943832433
addr_o0xv4opcj4nju6ej50ruroycsg9ntc1qc4wh55k0f2,11,7,0.0001365528878535431
addr_m1jpjag4qh172d05b62iw9sownqypnfvdcurmjfr0u,3,4,0.00010375679006814864
addr_lnizn078ikjswyih2t5jdork82ppbqpqje03grfjvc,6,13,7.111288930047195e-05
addr_paol7i1obv5293zezgtl58047hnfk55xyytegva0da,4,9,4.215482667788707e-05
addr_qyk08ne13fgohb9x4vewb0l4kuyikjh5gd07ib7lwp,3,8,4.006619608498601e-05
addr_qgtu00dxtqwilrldyiah1qht88h05xe2ele9jquw85,10,7,0.0001515573350995078
addr_btii0qbjt9t77ve42sev0cl0ww2zv1sxy34xiuug97,4,9,2.0070224484769385e-05
addr_w2wgav8d0jntrkiy2op677wnout832fub7ruxf7age,7,7,6.943319310868598e-05
addr_zygpxzoowalkibrkfvyewrmnis2wwbgqmshudspd3n,10,7,0.00010093900982972941
addr_xx8wf6m441uwdv7iau8vzzlcm8lffcjthlvmz8kl0e,7,7,4.940298528646807e-05
addr_yxyur4sor8wm9lbb4m0a6mdmmmxixv6ckmalq5u6jz,4,14,4.8245116041389845e-05
addr_wtcjeg6ggq44a374c77g2nlgze56u10w9lds9ormcu,6,6,3.366137517825476e-05
addr_pc9gs01ch7x0bqhucmxd3ulsdu4ft16ptbojhn87e5,9,5,0.00016273304230939064
addr_vkrs0g29jqvrcp6ml7gvikaiitdvr8otkoper4emky,8,6,0.00013474060508117177
addr_427b6lt6ja8dxge0qy9dlgl7ydcpj5lr66iaelxez3,8,10,6.36643004378679e-05
addr_h6ujmrt9x0q8jrnq5hbogbd9s7wr4j759xokl2lgue,6,6,7.005584031310476e-05
addr_j9396ngnv13lksdkarauhsay8gjy2pjqwah3z2x1fc,3,8,6.321248822668631e-05
addr_5i3eoqd46vqmp3pyev4uottylkmbvdw4zhveoudh0m,5,6,6.708785069237405e-05
addr_r638pzl41kyltfx71acbr53yfzgxlllk171htjxdcm,15,12,0.00016993806866722654
addr_3y681ddt8yk4cuc6jzmnrpnuzfhqdr0bkn8ye9pn93,3,14,3.423712755668274e-05
addr_6nlm4gl51n5xyod0r450f1deu3db8acr2l6bgrt4lb,9,10,0.00010014249035321668
addr_naqcgqb8p1g0b2draaeswr0pnghwvesr959xxwc4k7,4,3,4.525483006008283e-05
addr_lon439myxebsx4otyqn0j4zn4x47jjpxzg1gth7isq,5,8,0.00010578273506439994
addr_h01cjgzj67ekx1lzsgert5cudrdxm633iu7uieaiuc,8,2,0.00010280501350374885
addr_xn5hplr8lyvovljep9ij3errfwl0mnrt2t8hzcjlzh,11,4,0.0001057040997853313
addr_jxlpmqjj6jlo9jnoe0hs0ci2y6w15v4ebx5nppiwh1,6,10,9.2363594039513e-05
addr_3xkkjlivbcnkf54srnj62sqry1eyn70w1pfxmbesb2,8,8,7.699143719279971e-05
addr_db9tgrp3f407717pz0utyi1eyiy12k52n6bkrj12l6,5,6,7.729427736347107e-05
addr_wtvj8smgsjp72bagxkyu7morjykx66542yp6c7gto3,6,7,0.0001190889575045723
addr_lp6nvt93yd7k0fvms4dyf7y3c1i3d1k7ll805mts69,5,7,4.60576473849654e-05
addr_ghaq7ju7julvutuhxo7q3mmqo2k5c74pwnned4ghzy,6,4,3.853528536707879e-05
addr_qspok5d5rqa89jygso0uc4khdo2mb0r5144i6ts4mv,10,6,0.000143230366879359
addr_5fnyxrps31k6lbvttgbepapq67icmyl6gfs50a2v6u,11,2,0.00019597191711987622
addr_3kjsgs189ubfeyavzjitort8bwol14gi6t0t9eyo5t,5,8,0.00014146394307700498
addr_wc6v2zjvz2z0ypvlhn39uz4s4htbb8kqbh12rmf1i4,6,6,6.803547697397004e-05
addr_rj7duab7bh2ov8exrt43zbsyb7u1gi7iou8n10q3v2,4,8,8.044348585366617e-05
addr_rw7dgb3j4vdtx4y82vl19sjbd902lpoovctu1ty9r1,10,13,0.00012225812956970784
addr_ddkkzntngpszdsd3h7mw8imnklwaf23ha630jo4zdx,3,8,5.750206690504011e-05
addr_wwn41fg34ydjhqkyfwfk9isu862pfrn2isq7063xmq,6,6,4.5866322328738886e-05
addr_ico9p5qpykpknj2upy2df8zxlqig5fd4gmlvwuz2z2,5,7,9.217515475251845e-05
addr_4wdscteqef7y0ip6l8czyekmpo6yv31yztlntvle9f,6,6,9.034393222610069e-05
addr_fkeagz9nod6hutoo3vp6a8935zxoyesdvsbov3lh11,7,7,0.00011967376847363976
addr_yz3s8a4hv020sicwzizbp5wiewnxcteqmflyanddvc,13,6,0.00011103656159342172
addr_44h8m5lhbrgs9bzmjk1z2e3nsj6s015j0iw4uu2wgy,10,4,0.00013599393323961286
addr_mv0cbz7tpvvvnlgrktqfmc4pr1sb1fz4y648fl42pt,5,7,0.00011258918784109737
addr_lazz3qmurvgpvbt25dizeyh26beapk0udvvz2hxmqv,7,6,8.950436570338727e-05
addr_vg85byulb4ste9xnb881r8s27n8s4aclstto4t65mj,4,7,7.468541289429847e-05
addr_ow0fr7v4gskvrdhc3s92eizzs39n0oapbv608u2e82,7,6,5.856166871514197e-05
addr_gkqo18wzdis88tff0smzdnq6ahwsq6067emcvopgs8,10,9,9.633570787990818e-05
addr_10vr2bkqg774695ia23o40a9z1xed6awj4scksc63g,8,8,0.00010414010722818118
addr_n3mo76u1myzyvf0y0yl24x1bzdtcoht1kgaljesh9g,4,8,9.076455781780875e-05
addr_h99dpk72i3dd1oiib29bpr1si75oezie2su2tl0zqd,10,6,9.804373018165884e-05
addr_9huhy70d1n0d6877mduzoxt5395dh7aglkgyk13q3h,5,5,0.00013657711701590101
addr_csk2dhqoocvs9ryqcubodkktl2zzvmpn2ttmuywlxv,8,7,6.752489485415509e-05
addr_8lkysxpyj1vvmybxbtj0txojg80nzhv2wz1p4abslh,12,6,0.00011134609167924283
addr_v3wli4uexryqkgzkkwnqz5y23a5rs3fhi62ia7upwl,7,4,6.867525590443614e-05
addr_8kj1wjr8ybn013m0u1ex754nteehkrue7rt9xojv1x,9,7,0.00012981111369223238
addr_tm7xl8wqm1wt4a7ccdmbgmuvzbfauysr6vtb9kojw4,4,6,8.822362082456747e-05
addr_7o9uqtd99uj8i0wq89v94wyc8vwbyqllml3vkl5cpi,10,5,7.424481612584127e-05
addr_8ccvakqwk5qk7wughgrwexdpyrpismbto1cgfqsph7,7,7,6.962912661642608e-05
addr_4ztfmerb5m8p8klt7de8rhx5s2lsuqv4pv82an424v,6,6,5.022278537791894e-05
addr_wzuvqec7dxe2ifr8h6oww2r83qsynuo9rt4yr8judw,5,6,0.00010554834548944695
addr_niigpk8umqf511h7cyzt5ye4v61ivxn7eoumwo7lp7,7,6,0.00011498590258175868
addr_kks53xasrqde6bk3k3ftci7xxgscw3xtwpnsplu1vg,5,7,5.6747505695249236e-05
addr_ibxd86r037wrv6riju8btxsl40ohh9p1ni5t14duhe,9,7,0.00015346011269394615
addr_nr4j612w61p2iihkn9zlwhg5plc7j6tglo18mupipd,4,4,3.2504215121269816e-05
addr_pv7xcujrxpgx5cccwvfy3i4nq9or6rq70i656nya4s,11,7,8.682611298997406e-05
addr_evdhlyfqn5yxgmyxr14mgt9hwlezg0a5xzx7fbnezx,5,5,5.0853211999955984e-05
addr_ciuxae45qv67fn3rr20mm8ke61ys89vyymec5od204,8,5,6.865940781073173e-05
addr_cvpnx4yk1w031mpyynq66q73smql2tber5xej2vbqk,5,7,4.68625406351468e-05
addr_tdongjy5rqnxp2n71on35kmifpdw5t5cxwdcla9txg,11,5,0.00012627617954186302
addr_3woa00s8mjo36ncq79gv4dab2w7ia7m1vtjpa225a4,6,8,7.03736483123632e-05
addr_jat0ffe927bkn29zqccqqz9bhgj4vjnpall52tkox5,4,2,3.766889757176343e-05
addr_fh8fjfkdvitltwaui8nxfx4khizrgoiv7an0c1cdfn,5,12,4.916762041905059e-05
addr_db232l9fb41phsy26evnc0a9zvyktuamakrrm5vlhh,8,2,0.00016366853652988723
addr_r5epkeki29jxq9qse2qod2anu8ihm4zpyfnf0nscar,6,4,5.035806359161286e-05
addr_bf6bli8ky3quznukqoyuzruwhsqqmy8sr6uq4a52yq,6,6,9.366398764632532e-05
addr_vhbnygehfx4jz32mioiw141ebaygpbxgiiorxlugw5,8,5,8.045389132819727e-05
addr_qlpdl78d66nsxk2gtwkxof49rg0bz3rul041feudoh,7,7,0.00010581672212603683
addr_t2numbdrvx71ty9hfr1cwzmytk4gago2w50hhnesc1,7,6,9.715533122624404e-05
addr_m02xi88utqe9ahgn2pmuvanxahdql5dll5p8g8oef2,8,10,0.00012104267332743397
addr_nrqrs9q253kmzuzyojlm14hg46wqb9gfedh60if0nq,4,7,2.7144537110669305e-05
addr_dcgf90lespancoefpd4imk0fvp9h142ilpkkqh6sxg,4,5,3.071162313952267e-05
addr_8a906k37e4ey9jvb6hpphpm0d5wlwjojafi4ckom5f,2,8,3.478347839911931e-05
addr_u88a5ttbax7mkpfig8cvcmw8tl3zticws9cmbr98cf,7,8,4.8236809605532134e-05
addr_hqfxclq08jt6gk3lv323xqpluyg3hd6oi9di53cd0z,11,5,0.00012156029291797706
addr_67b08gf5gsugx3sqqoqjnop37jitvl3otxuvc02r5s,3,6,3.473520226802178e-05
addr_0wmbscn7o8x061w2m6q8h9spckt0vun7lbltj0mpw3,9,5,9.880712198514722e-05
addr_r1h89b6m7lelgk2fnqd75f8p60vltfjh69cyclf2mb,7,6,0.00011987390362697798
addr_tet8arli95ri3ypbqhvyx80eyhgr5fxijr6xhplurm,6,10,7.394303953686515e-05
addr_ygi57ina89p49hy5lo81r86lbxitzyvndntnq5y1ua,6,8,6.071561314366448e-05
addr_e1xua0afkd4jqbvvfcl3m8t5vbcjm5b8vjbj9g8tri,7,3,8.903687742161984e-05
addr_mwql87920rqj1pdr2cxobzdjz71jnyk7fauscg7ih4,10,8,0.00017351113182428958
addr_5l02moyqj3izbt1kt7ga8sr6yhtxp25m9ferjxmzwq,11,3,8.276732836644415e-05
addr_dy0k8049vbw1i8jq9e5u9fdsc31its0fxwm60qlaeo,5,4,4.727345049190476e-05
addr_zadgsz14h6qg17czut4gpixbwy1dvqho55uwmp04ra,3,7,3.689021209786788e-05
addr_8fsamcnwtxrs6zokyoysphhu7fdxl89p4o4v21mtpq,10,9,0.00013380340369164258
addr_6hmjmq7okpmgroyl0ffp73zaz25eoz70pykk8tebgg,7,8,8.056056193694072e-05
addr_d9er94tevwlq6exnwzr04hhe7icdo5digxl9ysu51e,7,7,0.00010635781289480236
addr_szqhma8b028fb8mn4z37ywef1qyoban1hr6xblg8dw,5,6,5.445945546123436e-05
addr_vzq147g5mq4hllo573n4rkps8hwklnbj1xvsphorez,5,7,0.0001144361407609058
addr_6irf1rcepwsi7p4s7jz4dzinle7godvyhqzf2ivehk,11,11,0.00010780292344468844
addr_vaw365dtf934l84xibelwqdw3cy9oznf6w0qm7zwvo,5,6,6.540927311655678e-05
addr_a8ody7gbwbdvqw43nwqos5xt48xokavmbjl31uqdgy,5,4,6.353859390079137e-05
addr_3spufvpqwjflmi37ifoq28pdb6meih9jqo6072ecgr,9,7,8.850453265986888e-05
addr_wa6sjll96sqwp7fm5bezupp3efu76oijbq4ubfz4ka,8,9,8.493363185079698e-05
addr_wbavrfj70vnpd0qwz3126w1xnyt3qqcxszstt72fe0,9,11,9.091823916176609e-05
addr_7rs66g1x3e1u24jhkro3m4xiyxn9zz0uvyhifezpze,9,6,0.00011210231438157331
addr_xk2lqqfsl828yc1umtcb7hq574v90i8qdag4ygqx4u,5,4,6.0962636688360105e-05
addr_y7tm07ho5fcs4yfrnyym6hls3nzdjpm2daacjbp5o5,3,9,3.999565377131669e-05
addr_r5lvwtg9145khj0mt5zy0hnk5xastgdkig9lxl2999,7,8,8.454972948043792e-05
addr_cw6i4xeyqjbf4vxzqhjoh4nq8ig778ed8ql2f5g39j,9,5,0.0001225032316405281
addr_ybrv2adpdj1repbp25i4gsphboteguu931muey054z,8,7,4.962751730996416e-05
addr_na9perhe8kky07nxsc9ywfe8o3ddcss3qcoto403b8,4,11,6.050712881125989e-05
addr_nvnt2qfq4cnr1uqsgiesf7l8s612itx93pfiwpj50x,5,6,4.638218396656597e-05
addr_wutoftodomf5kwiyl1cf9cplxej6b4w2y5pej0oy0t,9,7,9.29022723722092e-05
addr_e6g0fx5og8rf623u9vh275h2disnp7kdmnfkudsdpp,15,13,0.00017049985547618198
addr_izcs9w419zchhfr9iultqdw49wq2clhboqc8g2uazk,13,10,0.00019135795347571152
addr_fiuefz1c25xnofg7803g5dfrlw6jl2l5b56bnvsfa6,7,4,6.580879986105821e-05
addr_9ru9l7a00ygds0wwxrpn8u5rnmydspp0hhya7bnta5,9,4,0.0001856778686979917
addr_k48m3m0x3r4al9b5wxypl6wqhqkmysb8m5ygo7pqtm,9,10,0.00011689231692421055
addr_ddrgt6ee8ik128odwex6yy80ijfyoigabiv5r7scbt,6,6,9.470294376204973e-05
addr_059o7aw11dionjorb0mrs1diwij82fpj1xbg0tl277,5,2,7.464300510307917e-05
addr_rx6ymg48wd7o4b8d40lvwuadr6boo6hghh4n4mibdi,4,6,9.577048175810574e-05
addr_0ludz7qvzu7hfjfyll6q6nrtf5ezie4yyamr5ne055,4,4,5.640115449149592e-05
addr_vevz9biywe1im60yvvntjpnirjsxpr4jsq87pjhahz,6,7,9.582237914908672e-05
addr_6k2u7jp4mpj331wmph730mdte5n0rpym18bobbscd8,10,3,0.0001829140670040886
addr_iie80ypg2mirxc55l1p1dhdgdltggd08kimgkar9ow,4,6,4.2505820748507766e-05
addr_930ism8swpeatj9he8r6tim2eqb9sxjiueovjshsh4,2,5,3.071756158298788e-05
addr_tlabs4xcm0a8yc9rbeavmvjjavsj0ij9g8voljjonv,5,8,4.707585473734386e-05
addr_by7chgp00f3iohuaahl0fkkil99own0d8a7a5q2x5d,5,7,7.769625717004177e-05
addr_volady0p38d66db1wydjwn2nkevvgmk36w4m6djolu,8,9,0.0001851917448618064
addr_abgucgo6yppuc030e8zq6aendg9u1ztm5d83fddrq8,5,2,6.841005051010675e-05
addr_q3vrf8m2xlegw63x5grn5yunlayqlejp8fwprgap6o,4,5,6.71369644489547e-05
addr_7mzzx828kb9b2z5z7kmyh9cagkr56vnmaapzr9otq5,12,3,0.00019967741290272882
addr_fyixjin6ptnut0hljycd7xvepir3r0lm4cohn1l698,9,13,8.415440315029549e-05
addr_fv7iaxuondbd9ys4v1xtw8xysoivserrt8k29n2p3o,9,7,0.00014143911715965439
addr_xc45bnccu3fg00zkom2zkf5b1sa3y5t37szpf9s9eh,8,14,0.0001239315543546152
addr_1nzsxpefj31egom62hdxc6rijkq2zuv1fkhnnk8fwr,5,5,0.00010285471230014582
addr_h4hkr3c0gg3afa9lck1ejuy8ybw722ohjxti8fiew4,7,6,6.291019013873503e-05
addr_ntbz3m55izolnntxrgn74f9yecazrp9dxoq2vpgstq,5,13,7.080344243879316e-05
addr_c5b1vrok0covzhpnudb49ehpn53qye6rgil6tta09e,7,9,8.688576318800333e-05
addr_utsu3w90dpimrbzn59gmucji7ekvzarhdvuspqyasy,10,7,0.00013224001223069803
addr_4clv2oa2c0t2toki9bd37iydo7ll8pnjks92dxo21h,5,11,7.70982307995308e-05
addr_8dhexhigd6bof4kan4010y7twi8hyryi0c3tw3vtyu,8,3,9.501671741361117e-05
addr_c8a1w1m9mk1op4vg6t519uiu59yimm9bhky2pwkqaf,13,12,0.00013741228424662627
addr_sdcjmo3oowv6wk6xxirm1rwq2nln1g21a65k1h0ce1,4,3,5.218670016305822e-05
addr_1i1ubgvtdd9rpaq5xdlnhcykdjk71td5dbsbtpvu5o,10,6,0.00012276348787533162
addr_8ki4c6l1b00t31xjdm75kscnlxj7hime3bzw1d8a3d,14,6,0.0001882545878143121
addr_dety82vzcxsrknv6nzt904v5ytsg1ll26wpib83hvv,9,5,0.00013072065218673254
addr_b98ifhztd033lm9mwdmd3kr96hr61hycwjnjrleqhv,7,10,6.839734284269074e-05
addr_mgmekhbczwfais5m9huqqb9gdcd62w176tdq5ccyum,6,6,9.544306715061618e-05
addr_liqw1apvtl9975nv54e1fpqqg06e5409b0obgos9k9,7,9,0.00010417548019520335
addr_vq87jzf8wxleq4xivyf8mvewtvdl37wmy47v569cvv,6,4,5.9574560061358505e-05
addr_1pheiv6ddzv7txx6lk7iazgq095egvt67k37foqsr4,2,4,6.99628070895327e-05
addr_p6gba4mfr6vf8jzasow7tx7zdofzr1lbqbvav9a9lh,3,5,4.784237259422809e-05
addr_ptlj8bfsfaoawk4l4dw7d5vg273p8nvoqk1hbs4ylr,9,3,0.0001270038988522162
addr_bvmftm9e13q0wr6cuayz4cmu30x8uc52cndgntl7dh,6,11,0.00010300893285786791
addr_x9arzlidpk9h4917neucy7ywfw5hld2xlxvpu0swhm,2,7,3.81666572502498e-05
addr_424vrzx7wgk82s3c0ugdqu9mbzibgheqc3khdkrgjg,9,6,9.07090260657568e-05
addr_kr90fl9ov8wgibnsj0rfjdw40tjaek7v395g63rapz,7,13,0.00012122647384060213
addr_q8ej75hsa5ra2m53ir3uxsqkbxcsi0zgbfnkb3i3zz,14,7,0.0001481846013472447
addr_q5974ltvc9pa4kh4rmd2vfekgv1o2eqfzmwtumvayx,9,5,0.00010137246144461112
addr_ooy5e2zcp80e1hrxaiwsgnigf6airuk8svgkfrn72w,7,10,0.00013012724488228083
addr_8k4ul9ci26zl7xd4nwxslc1tj3vu00fhajhlij2966,7,7,5.258643132329429e-05
addr_2gyzoyjm6q8tnw0cj95gmtzxn8vgx1xyhefubtf8w0,4,9,5.2569632677775205e-05
addr_bp3x1au3wlbtdt2n3oflbbktp7aix39t44ioquwbjx,8,4,7.889760166283332e-05
addr_k9875trjib739syied48cd5lxtnjs18l9gj4anliob,5,8,7.121891797214882e-05
addr_c6v2bpdioau5xi0bu3znian9aqymqfoxoztjzbncba,10,10,0.00013152363758293074
addr_o11k5056xoyyilwwz0iotz4qqp85coakofnikwd0w0,8,6,6.280405589341468e-05
addr_k4x5242la9x48w5i717fwt5q95ug7n6nnctvsrr775,12,8,0.00014293287302714617
addr_2c6apw1famsdm1ghf0vstic2s0gpawxqnmgn5zqtq6,11,10,0.00013068622502492694
addr_b9yw88eff96tr2sinsllvb05dunvxh9ofp4d2kbsfz,9,5,9.72871927659288e-05
addr_5jr5r39zu5nvv0i66cuy5sq3zmnsvdaje5p3s6339d,8,5,9.03986815013078e-05
addr_a63jl3sq6v0py7che61bj1e6bf0za9fz07kecird90,7,8,4.751383945777765e-05
addr_1sz1pazafpqiy026dn85f9pj4f4d19fih1ayvivva1,5,6,5.879658499329608e-05
addr_oy3neie1zys03xjr7e7ikaxp8z70r9ew2t6h8t3mj5,7,4,9.004342130943865e-05
addr_ndhxi473x4u46lry0lbskyemu806di3bv3xqgb44gv,10,4,0.0001041854063431793
addr_xvv0bk1j7czn90uf4wyuy2vcq7q5ezjp3nfblqpj2u,10,3,0.00011871340292736081
addr_ortuevzif29dj9e4rfftaspqt5shw5t11k7oikwx1c,7,6,8.303588711814149e-05
addr_xm5mecr5g309eqh8w0wlqyl2j7q91hmyv25410xo0v,9,9,0.00010488081874884166
addr_y660t8g3l98tqbw4x54ej398f44fmp5uquh2e6w87k,10,10,0.0001374625362993272
addr_qlweqitz6ej61x2j5akvgm59etw7uyhq2i952c9wq9,10,8,0.00012554758924640357
addr_pa5u7j9unkgcuiif38yqz0rvdip4ttl9rkxxfcqrgq,8,10,7.37741732558273e-05
addr_5vnwflznb413uls72zjir6ux8x8xp65lcy20ur6ygc,10,6,9.218955939488365e-05
addr_fycn10k6hvilh71ut739vo9lxezwrjeb7g4l1w84ny,8,10,7.570910139782406e-05
addr_kgv1bbhg5zmtga46ayn2d7ki3x79955cf72gnnv9ib,11,15,0.00010849888918062001
addr_tod4ph93q4lazdtoerukvscjtzvad3ktyuyejipnl2,10,7,0.0001443709629067155
addr_pgd0vwonwfjx71hr8huvtpf5tmkuskeoxvqt2jq3b2,6,9,9.69021013852145e-05
addr_q0s9ajygzcuj1u5xi18t1500eeod1vaa4ltv5lx9be,11,3,0.00012141258647785866
addr_h6qnf2gkue7v7x7oj94di87x7v8e2ddgmsl4zm50d6,10,10,0.00011912707502774571
addr_8t8vlpcnuigegr7omj8b19redg4fqgo8ryww49uxi9,8,9,8.312777720210585e-05
addr_6pekh6uew6l1rkmmrpkx4luf6v5ki50ooycnjvjwet,8,3,8.448654861371291e-05
addr_evc4i5mzvas9ax7ffl95emesecrmtulznx4g62m8bp,9,9,7.801501160911778e-05
addr_u398yzkvsjazpij3f7p6w8iwfa5ysizsxsztvsqofx,4,8,0.00010077894557480876
addr_e0vpcwwotv44tm12j69xp3vy25kexg6yyheiprg7bh,6,6,8.950039754410333e-05
addr_wa1cudq0owsx69c4rxi9goqj7jsdmvvrxg76vhedi6,5,5,7.367462719566793e-05
addr_gr7zjljqjxynsxlbpao5e9iynesx31ik44qwr79gy7,8,5,9.973858650144711e-05
addr_vtp7c05jyuvxrbei6vxshf6e0rofiax1yovyjb0wvk,4,4,8.786400238077796e-05
addr_6nk9f73u3s2zpr38u4s7w8gme2x0l1ybyqkcqt9b0l,8,4,6.981504705715386e-05
addr_n8nf18stiaqfly4lkvvdbaermotsvw4lsd4x22d9vq,10,6,0.00012614502367667052
addr_c0fmvmtok8410a3924hw8lfk1nq8hs2c39z32hfe59,16,6,0.00019144177739089215
addr_w2qivs2xdp7b89aascm8uicm9s944k51b3lk6j85kk,5,7,5.907065078732412e-05
addr_iti32urld7fc5h3sqkvi63ehx062k0mvmhmfts6f1b,5,5,7.624317585019624e-05
addr_wlfkrxyvbuudp9l6yp94frt0i99b1qr9erlbv5tb9x,11,7,0.0001744817805192104
addr_sjj9ni5x71hw3pwgxbeunokblyl4qcm681l0t3rvy6,8,8,0.00014867293285971512
addr_pbt1q279izv51q1pab1jrvi91m045v7wyh1xa0h6ip,10,11,0.00010574110316716471
addr_e2nh4qnme0tx0rjehdkegn96wunmdz4rlvgnfw8gif,6,5,7.120328019981156e-05
addr_5dqetiek2rf3o4k5tt3o53ldn6dxmqgz6ndv4nvjz6,5,6,2.7752885051446137e-05
addr_e9zwvihw991k8bki5p3vu58fs9x1e2dnhyog3ssl57,3,7,4.875850187908911e-05
addr_gr6e7ga2iz5p3vob5apo4ljedgfjdlogwlacololn3,9,9,9.66804379509123e-05
addr_1v7dswxjzfqs3s3xx03co8kh59lzf7y8d32wat9q96,11,10,0.00011748986304226816
addr_b7qpizj8hb3qgdfjx09ti8vk2setb95mg9d80a78p5,5,6,5.92589488614966e-05
addr_gisybg67r2alnlsch7ii66qq3fvvgvtu1cf2b32cbp,4,5,6.732251766569926e-05
addr_r5dyx1xxiqiarxxbg8kows5ikay8n6o6wpwofzkvib,12,7,0.00010490834068989979
addr_mjpp0l0p48q7drqfd2pcashtvsrj7m9nmg56k4fvtv,10,6,0.00013148198513693055
addr_kx0jjupk5s3vkxsnpc5dt454pw1vaotfbgnpq4le5h,7,8,0.00011637508045267948
addr_cnxr0mmy630vxhe8z9ex2erbyd1o3cysjjcmvtqs60,5,7,3.2990546029162566e-05
addr_20dmilfqka6wg2ahnx1gmpdazjndr9ps9pgapuscu0,4,9,4.727014058135199e-05
addr_xutq47pmnjf58ex1xvmeveb5ph1g2qnn35ber6stnx,7,6,6.377052822910654e-05
addr_p99wu1e2m6e3n7pmzyd98lxk2qc08rqtnbadujit93,8,6,9.556818604629477e-05
addr_9pciflwdr3vwmjdimbm271w1wudcbl4ce7pkwcyukn,8,14,9.243947455626414e-05
addr_vzps3l5qttt5os57k2h3c1omrhgq3v7aatgvetn0ta,4,5,4.767565067481173e-05
addr_4rtwaz1cu1w3bq8zgaaekp2z7igc9kp2avxryxdhl0,9,5,9.872167436610155e-05
addr_2qw44xriigup30l1r99m2kktbk5p24t9n44fbv46mu,8,8,5.663085115982943e-05
addr_ix6lzq131mo748067d2iqzw0ghj7zmwvwuyrpkpbgd,8,10,0.00014057252205491516
addr_9zxofq23esykh85scx8oz8xpph4umiqpig4el6d61j,5,9,6.218857403862181e-05
addr_rr7u6u6nir6wglvsdr75e3f6i962pp132x4hw5s7jb,9,5,0.00011858639183829889
addr_d4486ahx67gcul01x34ysr5106oxbmcmhrk0e1qvnb,12,7,0.00014713312375710117
addr_ipprpz1mdnpipvhwah27y6msrzeu3votax9hauxc3s,7,6,9.568033128553769e-05
addr_vof7unah9rwp1xkg0mjaiq5sts2kw5owd0bufttdqm,3,10,7.48171333806125e-05
addr_8tut64taoylbalx7euy4l507xynuaqvyxqaw7rsjs9,6,15,8.40433327331348e-05
addr_r14vxevc66lg7kcvmfxtmddnod18nxjfjjdz5l4lle,7,7,8.043800832327865e-05
addr_94yqw5slr91uqnkk1k6tjtyw5g66m6ljtn1lwwbd3v,4,7,3.684501756775931e-05
addr_sv46sz6o5ryju5vuzanxulacd9jymgklcwsevwnm7k,9,7,8.67792006002255e-05
addr_fnqfljtvfj1oktsf8t8r0ifej5vkko7i2qtg33jq9b,13,7,0.00014026298528768195
addr_ig0gjve870gwds779piwo4ocd44ofc7r77kwkqq8w8,5,9,4.940946271904823e-05
addr_vovb9gdsccz6vtr7wbyhl411mp6ya0wi7lui1ijrqu,6,2,0.00011297428237875083
addr_tzgkj8qushv7qi1ye2rtw40hkd8epym343703uzqhr,9,1,0.00012334721809764823
addr_0xn61aqfhbbl4zwn7radgsj2x0chku2fovcy3z4ql1,4,6,4.491436699945369e-05
addr_mflfoy43fuib3zo6ryxjcqnrvowrt3impr5ri0vkwq,10,7,0.00012064119164684027
addr_a2sqmx5bj8x8fgtuqnasks1wm1k79vimofmaq73xh0,8,7,7.763601781725315e-05
addr_vf0jqqnvceqfgas0r778nrxvob7nugpj60sryzx70i,3,13,0.00010130025342337893
addr_0bdy2d6ymnwsbx04rahla7bvt5vjay1aetzeqks4wm,10,9,8.027188741428503e-05
addr_7uydz9d6sxod41gbfskjmfdkoew3t9pqerja4gv8wg,7,10,6.53043040624405e-05
addr_wfiml6t4cn8em0lmpr5g54iq5p1vbsv9amle13um4d,5,9,9.55783018673791e-05
addr_8loh133cpcrlleg2akvxm77a64e0qv2e549t4b1qcq,8,8,0.0001238138059978114
addr_yt2r6cu3ldrdszgnpjoi2xzy65pymty669q7d2c5eg,4,10,4.123217468830338e-05
addr_wmmjn52hzz2sj8xxlwh60ue5c9sasjy2vjpnfiqjtg,8,3,8.327817099791511e-05
addr_wpw5v0oiwz1guvcpyyc6ufbqvb9qab0hhiwgj89bt3,4,8,6.952088944693945e-05
addr_nhwic9lobitkrb4ltx0impmb8mod7nthjhykg38s30,6,7,5.3876185257822236e-05
addr_c11uh3dr99upsrgi9p8tfxsw3hcdi74kzt22thw9p0,4,8,6.545549211593496e-05
addr_2bvs3k337ov9wxhvy3nukondhkbrjiglg08yvu69qa,5,4,5.2057384905569236e-05
addr_6itpdusdx9587151k8o7xnsfmzdlwrwvnmayixwozh,8,6,7.49007559913436e-05
addr_zccxwi2thbn2x32vv8mqq8n8077xavler8m90gnvyg,5,4,5.646338487089997e-05
addr_53fv3aazac8d0r7el7r90a8kqv9pu3ztixn58amn17,7,8,5.87284492099916e-05
addr_ljqkcjev9zuyh97y8pzl99uj6safk9kkvp2me59o2e,5,4,6.323044938032706e-05
addr_wjbdsh1dh0izvg51s4tjtwc0kcmlmwrchym29q1hzf,8,12,5.6751423025064094e-05
addr_nz2r944jqlinvts2hzrqd1rsupjdjey27ltzqrx5dm,6,4,6.927412779287803e-05
addr_cvqyikqpng7x0aey9086dpt3ry6mxt7e8188btld41,8,8,0.00011625420089494962
addr_dnpht4yprtndjni4wxz8mk0hl63ofy6efsite7wovp,2,13,3.756010170500973e-05
addr_9wpx4y4lib1x56wyfnabqhkrsakel4o5i6cf069q11,5,9,6.15728238958304e-05
addr_qouhpdq4fwdm2h3tx4i3clk6pbqp77xazr3slvrqlm,8,8,0.00012812514061057232
addr_i6v0xtfdjxq3lteoxmh4qi9p051m6dy0us8suihg7v,7,11,8.775000161133223e-05
addr_ittzal1ei1dgskgobkfgojfc718f8uvcx87zzg2phh,10,8,8.554353979390919e-05
addr_vg0subwg1zsm8rlutxthtufg2k6c28urowridfwiwy,5,7,7.798366288053462e-05
addr_lnk4id6y7o7atl77r74ko4q8eyp9kd77iqkoycyks2,8,6,5.8984270885998016e-05
addr_wh32hjm96spmnvlv69t96y2s5e8lpqut8d5zg9737y,3,10,4.754078878026525e-05
addr_4dez9ax5wl3wzsaef4k6p95qg7ks5e8e9kcvxyx71v,4,7,5.845786981163907e-05
addr_o50vjwwedcr7qq5edh2kmp8jjqsgec4x49bhwmi7vx,11,8,0.00012719878949366117
addr_pn3rqb1ijcg9pxwfgt9b2ocoyviotmneecm41zu743,6,5,7.545725163107602e-05
addr_0n0oqwjs5m89463e3hkyirkkbsl2g34dnriiqg94ir,4,11,8.251683788097274e-05
addr_be0osdu2v9nh5jkgsnc0pkbbm14fav0a44v0b4j217,6,5,4.840549478833731e-05
addr_tpwe5ze9h3b6rut31w9d5a5vbwkwi4nd5g1c1nx7rb,6,6,9.390858318422401e-05
addr_75vv0siy5yh14gxk740tj3czv2m08hglj0h8pl4hg2,7,6,7.259812811098796e-05
addr_icwts4bsz3xgft5rhl6f6ctckj7209jtibg5vfdofr,5,6,4.5907091244534504e-05
addr_upo5b4uki4rs2hepqqkaden33nuqpfrwyqa6thjx75,6,4,5.742812995895507e-05
addr_p2krckx58rofm76efavrmtlvynzzcgmks0con2rssd,8,6,5.7613015994481644e-05
addr_mh5lbm3xdxg2ar2byoy7gpoh7ae0i99rh7ab4knvp7,11,5,0.00017045321089563796
addr_x0ubhuciju0rl4e3h0tyrdcm455lohsv8dn928f9l3,8,9,0.00011674382699462338
addr_8exw778nmsz0k26kpza2qcx68svor2xl5zp24hzthj,7,3,6.813958187405628e-05
addr_powqxaksxgwjfyvt9zg6gpse7a2stc6b8vlkyjus5v,7,13,7.233594769771389e-05
addr_6c2cu7onz3jbck88d0tgsiwg0odwmqx5ggomf9pml9,8,7,7.936084248443245e-05
addr_fzhkdyi5dfc5nbewufl10o9cr69fj32t34nw19bsla,5,12,8.845834966211464e-05
addr_mqfeeyzhwoo3xd9bcux04n3jgxnmhpg21ofv8xsdxr,8,10,8.828307082588136e-05
addr_oyitqdl60a3o0zmea12tfxfxyhfv7xvndsbi2ctjrc,14,6,0.00016844450537320893
addr_84wovaj1ki8qlvyd9dn2potymhiap02rdl826fg1zh,6,6,0.0001379969821911437
addr_ppf4vhpap87x2jojskaycgpyik46d8tivmjj126hq1,6,4,0.00011219124800406432
addr_dx50xj6iugovjaxob2htz53rcfj9j9lxj9j8uswhf1,8,10,0.00012887468980015895
addr_tk1qybqi6wp6jy4yj2yaqj7l2fg06x2mfux6mzpq5g,5,6,4.4818766766214734e-05
addr_uuvgz040y8j2mdbowpyz3hy73wvf10pj3t6wteqeg5,7,8,0.00011690351288301563
addr_a5g1o9yvcapmfisd3nrlicrk75s6ddnvhrckj15j60,9,8,8.736856400209296e-05
addr_3ih66w51ob537qo4z533zsmv30qabxw2eowlcfs831,8,15,9.102125750137138e-05
addr_faxqoseo4j1nxs0kcw8q6ju7u9d56tsyi5daribeln,10,7,0.0001359495049775958
addr_o38a2mqrbny0qeh726p07cvdeknkoqc78rk8w2kpkc,10,12,0.00010441862340625385
addr_lwk5hipiub7y0im1z47oqa5yp90dmc6a29ytqlwutx,9,8,9.669310443779927e-05
addr_l9hmstngtiblshabbbxhb4pxbu4hjuted221c2vs3s,6,12,0.00011121588808904193
addr_5vi9cxpszu8lquhgfwwwcdktr0qpm3836tor664x19,7,6,0.00011318574835867904
addr_ajpbuqrprt0x8eqm8k73ezmaxl7vos8jcnh554zrt0,4,9,3.391437835528814e-05
addr_obga4sqlak22e1erx03pljsp6z4ywbp7irj9l9wmo1,7,6,5.573228559861174e-05
addr_ameftoxd7v8kugf7p1vyyx7fhhi9izteq170vd7y63,7,3,0.0001142152711874378
addr_d4o9xqlk99lhhtre3dcums7nmjstjyt3po78hwds4j,6,7,0.00011021931418421701
addr_23uam6g40w1ytab8vvu3mcxvxa4qj719x2jd3jmxgn,11,1,0.0001151667662685523
addr_89uxc39mfw5q5kcd75x1ybrck21bzpqct2fzthlq14,8,12,8.52759111834858e-05
addr_zl7lpmdd3uhb77hy1yw9zr1kfvk8wgd0naavguhzw9,12,9,0.00015258854539777157
addr_c0tw4hmvfcmq0ob1n6qwa53v2e5nb7udbujhbqi1ym,4,10,0.00012373545667361858
addr_f5xk1syf8z1r505s34cgspfrj2nwban52v58ng0dlh,5,6,4.0367489868452546e-05
addr_ggsyheko2x59a3q1gmv2mes4hhhhtzkkxgfx5834cw,10,5,8.882751766065529e-05
addr_goefirst2pow8erkf6z3cfuu1xlwmbu7v531uzqgwc,6,5,8.533354956637359e-05
addr_ol341o1zlbwy5wnir28mahq5u1d66mbcxqipevwzul,8,6,8.250388577124359e-05
addr_fu2ipyuy83ht0qhk9xcpgvv4xqqnq2ic1w9xpm5c3t,8,5,0.00014721725144614228
addr_dlg7ap5pvakdiaf02klnpzj0j0n0hb8xbc2j1p0knl,8,10,8.507628193728471e-05
addr_rfw122kij5b2ud2b68xc989yxfk32cqge585jtebae,9,10,7.243991108150728e-05
addr_n431kibnchn18epc3uzh8ro14ba0vag69xnzmu732o,6,5,6.423455266343552e-05
addr_5gl3l2kpxb5ck4j1gwl2ixawooyk92q1sov5fp7vmr,3,10,5.9701482551611886e-05
addr_14il5a1eywqq62s70fpyg638yim93abugoq5r4fv1n,6,6,8.94752491729528e-05
addr_ekjwrani4u9menhn62v2tu2zx4219xpa0b5jh3kkjx,6,3,9.380727045382494e-05
addr_cq91jg9hjlituwv9fdqsjrdq7z53vn8ke5jx1gcbhx,6,7,7.454949959050659e-05
addr_wootj4qeg51d0j2i8pkt4eeygn6xle1d5c4tb9tlnv,8,10,0.00010788772523306255
addr_s86qsacb3mh9u67vsxzhcwrx9gx7f67gyzfpuxq47s,12,6,0.0001361917179779339
addr_wl370azjbf2hbdoeoxkj97i0rwb9a31yh9sxnv400y,7,5,0.00010294129821029586
addr_cioqg9sh86wjcinfi2cs1fzcgyw51wyduaywvjqw50,10,7,0.00010444547087248053
addr_nxvsrsmwffwq47ur4ygzs983ml9839zdifpafp4arp,10,13,0.00010770036470550279
addr_0mtpc369abusd9sz9acqyrhaiecq69rpqj8d01rdtu,7,11,0.00013468115614304036
addr_nksw5b90qcbcbe98saox7d0rzxajcb80pzy037gbuh,10,2,0.00012521302180396542
addr_50p72g05520eaktxwxkhnr502zzqzbqtevog0xn7jq,5,10,5.4114173118691824e-05
addr_wy0x8o0pdveqpbxwzsmbdfkj7hjx9kf62w41ac98zg,9,7,7.803688672927044e-05
addr_vwvm4w3zkwdeekgyspengwyx9trflqbmae38sryo4r,6,12,9.63037759033169e-05
addr_djzk5vuodyoij2h4x4hjmol1wm2spqb9570ux26irz,11,10,0.00015114890793191933
addr_kb15nc7i9qi64426bkx2gebczto6fjkbq8r92ugex1,5,5,7.288069380890473e-05
addr_6bxhnztvb9wbb5bavotvzg86dq8g2k14ibmm3uxpae,5,7,9.10263075998283e-05
addr_s153j4wofjm6qbqsyecxal1rwhtvxnqf3rsrz9jt6d,5,6,9.487168528318943e-05
addr_rdwwqgh8p8z7me7toi4w8lftdc1uksxliscr1k3pu7,6,8,0.00010615268370237771
addr_nunjz8jlg4ykzt9zlo8h6l1xw3zs1bir89ub9su4da,6,6,0.00011434391415378155
addr_j2m96tf5dbe7kq6kuenf7xwmooj6l79jvtwv5fvxsn,7,8,0.00012439005962306226
addr_089emt0az48c05hqbqvdbqj24vvhg2qmvma42f3k4b,6,7,0.0001127373333055277
addr_c4pw8zw7nhpgjx19emf8rsjrrw24ivsrlzxww4huds,4,6,6.72157795112326e-05
addr_t16qbnrjwo74hzzobudkbd0e5tc27mmmiuzhew7qk9,11,5,0.00017859985175568046
addr_djm5gooc0dbornxmz4v9iply8en7r0gv2p1trkp8l9,8,3,8.559983451743956e-05
addr_ii44fgzxze5hux6txg8lh8zs31lj69wr7iyi9e3n94,6,6,8.341962417744406e-05
addr_86at45lpdywn60pgxjc7o6ny1gfg1uo0bw9yxy105h,6,6,4.8194337743662607e-05
addr_7t7ic8wx0pvb7yn8g1k80qy9hz8t8dxvicdr4tv2y5,12,9,6.919878328621208e-05
addr_erojr19pz6b4cg2r0ni0jpuw1yjgz66q8i2ayubdlp,5,5,5.3211546012455677e-05
addr_3wzm661zaq4koxopwk2th9sum5ctcyopkke4hb7ynq,6,12,3.1377976318639725e-05
addr_edobc5vlhag1t6hiboy7rryvorlfoskg3v22w1yh6w,5,5,4.7625995157279335e-05
addr_tlk87n4unffqi1hf2ykgicx7fnba3vo6yvpdkfeeko,9,8,0.00012961317186605678
addr_o7ds2fjqelbnxqljckkiip4puzvuu8uclz3b5xzy6l,8,2,0.00015376390218135126
addr_weq3p4rkm56zedcdea6rchokeqpf2e87sycucqyczy,8,4,4.3768894310062154e-05
addr_fqgdm1iyku9ivw7khul0opxnccrbf4af3qhyh0g0xq,6,3,8.377992879770354e-05
addr_xap85xfx65uau5ogtw3a0rlqopp9dycpw9o8wu3uf3,4,9,4.5970450897006915e-05
addr_uw4fmz5fdbojnza3padrowhq6gixnvhlwslwi2it79,10,9,0.00015440931676786004
addr_ptwyas6kdl5gtdylbdcuv9djrqwwrxwe8en3xjttc0,10,7,0.00018163644023786487
addr_kumgnojqx48625xv66sabjfiknzy6zm7xkr3gofs6w,7,11,0.000106883367785421
addr_xgqbdjxtbdltht6regx9e0exkzkm0fcy2nga8dfue0,5,8,7.641969549694948e-05
addr_wktt4nu71c0mwbugfizqi65tprvkkrd0p7p39wds6w,11,5,0.00015062369124183134
addr_dqidiiakem1wuh9bxi0plt6lan0j61ews8gjc7rh2l,9,6,9.594116895352589e-05
addr_kqm7i7bnrb874h6ih3qv6pwe8m8l1q8885hb2flmrg,10,9,0.0001224585302107661
addr_rorrvu0t05vb5fmfs9ukb81jy7sbzaol19y64ec48h,7,6,6.009816687759869e-05
addr_jpcqsq3hupsicyzn9rhvhfdlxdbfr05kuuwlfqcif0,12,10,0.00012987696983247975
addr_ighe7627zv9zh2uhd21xem22lu5w3nyjez311xqd6e,7,7,7.789542883549629e-05
addr_xk5tu9m7tga9r4nx5sglaxdj437r177f9iplxoobi5,6,7,9.508397234904245e-05
addr_cx2kj92bjwoc1hcst629ejljzkvjfoi4fq7iss1jy8,11,7,0.00010003462832522743
addr_dh1oyp130wgn5xa9g2ob5tnr3gok5xfzkdidlgn9ed,6,6,0.00010376532446416035
addr_mfzbqws2u3etsdbia619s2ko58mbix8k24699utvmt,3,9,4.71206373648413e-05
addr_nia7xfgcl0ct322gekh3yxqcd53vm54tybqga1j6im,5,5,3.692617287603545e-05
addr_x4cfvmqgmafahfsjthbpu3bc41ajizdw1mqo87fgfm,7,1,4.929160290362368e-05
addr_f555sbzg6rawjii4ycj31a18snunfw4a1npgqux8d9,5,11,7.393116988884702e-05
addr_5cd3bmyu8tn8fqmj22oigkyojb47zpo0llqixuce5y,9,6,0.00010465716750402114
addr_98ut6d7ec49hndgj1abzzuysuln2rz4wcd2684o8cx,2,13,2.5861195236916486e-05
addr_1bwlatrofsyhrn080vwqegn4lb8dd7psac341fxxpr,9,5,0.00011168533311217857
addr_x2pahkia4rl038hpz90wqw2clljskh6onr56re9w4q,9,11,7.214114429046532e-05
addr_xndgkog3kjz4np95qh1176z6tw9cjgqzlrvn34jhaq,3,7,2.9524060703429795e-05
addr_uopzgwj9uk4v425e0dszx01nv3jvb965gzplusqrvp,6,3,5.1291221313310865e-05
addr_0vgnxb5jtb9xxaypntrfzwkxxjve3dzeedhhjshzkb,9,11,8.185955746736901e-05
addr_hrg5g9tjfcvgxprekdslnbrh8jrdvjv6bvc0a2gzqi,8,5,8.588946518037239e-05
addr_nt863tac3hwcarsvk5zbtirdl5719mebza3550sjsu,9,6,4.3811945839687236e-05
addr_24iq93h5ywl94mopa94d8xerfhs2qjed48q5h2in2b,9,10,9.793984059363598e-05
addr_hp57ani3wk9qze9x4d700jcankdttbas5v8huxikgz,7,7,7.41244968937965e-05
addr_wt3cjaqv36cfzupl0i6ien295hzqb8698skviridjp,9,10,0.00011961051993981404
addr_g6trkwdxmb296s8i0cpc6zs8s5pqlxdcorivhqiqxa,3,4,5.0217399411489516e-05
addr_5awc7b8uxs1zq5imuem3oewuac34ndqvsez1aimzt7,5,6,7.325923185691707e-05
addr_82saljrc474urizw3pe30xioj1qftfdx0ug12iau1q,15,4,0.00016096348723698722
addr_ljuktxe12vbss6fqylgcdo1wdslwfj7stad0aiv7bf,7,3,8.576367997736968e-05
addr_776ot4d8tlhq9vdi6fejbei2fmyosd49m07ytngcoo,8,6,6.624131481341898e-05
addr_uopck5fig55c34tds5ohjruubojly61oqz27yyw8yl,3,13,2.7764704780533705e-05
addr_phi88ar3udhadys73vlzrappdiqai8662ox6fftaes,7,8,6.624743768054432e-05
addr_audvxgft2lh2z6pmqhc346tornexljqgnezyayvwti,6,3,4.530469659978061e-05
addr_woxcf1pp71jgr0q9bumdjp87xdw0haqfs3jadzu4fs,7,5,6.295780754697691e-05
addr_9wxn91tfrsa8zfawty7kfghpas0zbtbop51v9nxmkt,9,5,9.975714972623749e-05
addr_bs3vopp5t33jcn6cyo51kw4hwon20cmpcbhbxflouw,9,5,0.00010054193835910689
addr_k007ywuhkolfmb4p2hx6u68cisjq5lt5q4gpoakyph,3,9,5.802866905023666e-05
addr_1klu2ryialp29kiz6qk1zox2hx1kayt9j1ucmjxyre,5,6,9.47934097436248e-05
addr_g4h1d60qjw19bzuisparlwekz2tm5oou04welin3i3,3,5,2.680679308608733e-05
addr_3ddjszp2lxy868kjzk9cujv1sg6glr8i29ut79mc5d,11,10,0.00017975172940337903
addr_z6wf6b3isxhvt1kkeqvi0oyeic0oqf8rm9iilaof4o,11,10,0.00014611320245441745
addr_9la811bi3pqltvrmysh9wcx7w0b8p5yiulgb4ik3my,9,10,6.134317799240457e-05
addr_zb1edmbjhy3m2i3qm6dtecafvo5y0qnv4f0te2j403,9,10,0.00014891924109841878
addr_f3w1fmgqsak4ap2blnw5yzj61eq3y8ewm6dzzzhtam,11,9,0.00011371781933776275
addr_h65jt7qgak255gzagb7ualsw82l3fp0rgupsf261v3,10,2,9.74037018955632e-05
addr_061atm13qvbnk0scjwsh3mokbmjluupgnifpvdeycz,4,7,5.472514235875327e-05
addr_g20g7zp6u9v1qya0lsawq4zkpmuay57btyfpyylehx,6,6,5.7670272453483726e-05
addr_tqf201icqforymm2y598pu3dtwlfwde6gwm0lja2ek,8,6,9.227427213861955e-05
addr_o8q9htu45179u4dt115kiranp8mxh3c75cokfrk5q9,10,7,9.501637618595665e-05
addr_6y1w2pp71zg9ohy1c3rgzcd7c1xjrefz8ljsn42t5f,5,7,5.8983980907055384e-05
addr_oikyy3fzgehi0ekxonykrgs93sbipzvm70p4tf7iur,5,9,9.432315802602389e-05
addr_lzgrejkwxt669tjuzw2st3gwz9xkrrywrdkknefv2g,4,2,4.9242643910628004e-05
addr_5kx7hfyss3gsp0f11bmlvg20sfrhdvyl0m8v70xk7s,6,7,6.594308472880983e-05
addr_wcy1vkn3b4ofi26nk0d5jmmliphz5devea5pq0elii,4,9,4.797341440135454e-05
addr_j21w2kr6pvpz74gbm9twejb9c1ufgz1sd9ezj4hio5,4,3,6.143253610850522e-05
addr_uz3r42dwsum0isi3j0ubz90xum68un6wu89tmxw680,5,7,3.572678019361557e-05
addr_30bu3pr3uhgfai4mwru4nlgv1of6bcwfo7rdj9lcoy,12,4,0.00011262047136333839
addr_b86zu042dwzutl991kaccrnciq1hxgcfx3nd7svcll,8,6,4.1394347327837177e-05
addr_nbohzi42f8kb5jkro2shunvkzxqgofnkpmaypfw1ym,6,8,6.36928583905914e-05
addr_fen0b09zivzg92sjp753k48oldc08fc0tr58ps0rs9,11,14,0.00019232314193409698
addr_clnarl8tfyteea5ussc0kxinhkjvvtkhl2ifakgdzo,10,6,0.00012017361490396266
addr_6xr4cyjk1u6wzgxb169lpidbjm1y9npibn95wwty3m,8,6,7.651792750312304e-05
addr_meiwf8dwrhvg4xc0zhfjjf1vz6i41l8nhurdk3b06m,4,9,4.465392849981133e-05
addr_zzdw13697fhua22208go7toblnqk79hqc82jdrgrds,13,3,0.00014842363332914855
addr_kvphyszxrwi3jy9yu230vz13v88cy3aam5fakbbp9s,8,7,9.627012930380764e-05
addr_qp4rznqb3whirsekedu74p8mtjmma1elwl38lxp4y5,5,4,4.525208427538006e-05
addr_yquccevdc0d2jxv2ov5dvwgw4zgxtu0efbyurv1wr2,4,8,7.721318760539133e-05
addr_a6s49atr6z2619dii8u42atcrcr9mn8kzivdds9v4e,9,6,0.00013118547485368854
addr_ssntiv16zasmcgc2ggr42c1j6myn8qro2zklamvnfw,5,8,7.831397890720461e-05
addr_u8hck29yhzcjpask61noo3vvorygsutxm7j21tenfx,4,7,0.00010577188799958553
addr_v56bzwfl30k2ipj58ca12w582q90id1atujozx32y7,12,7,9.585903750398446e-05
addr_avm3gb5wlnye9veyl20f83v67ux4bhnnkxspa8s33n,7,3,0.00014596043218115557
addr_x555c053xhmmt1x08f3fjpvssr32giem16ajppqiht,5,10,3.959745163053502e-05
addr_p6j076qhk16czrm7iavsbaeu72gwyobwpvrmo3ntaa,11,10,0.00012712170853525312
addr_k4i2n1vdajg8k7xhfipaku9y16tlpiwgdtbxdthtfs,8,4,8.81296249257214e-05
addr_rhu0ctd532h3yl76jwhh6n9ooxa69wrvlwt8eha98p,4,12,6.735922162113376e-05
addr_ucqy8nhf9b3zlktp5thr6qvc1el598whwqnh06akfo,4,8,7.38841852348198e-05
addr_mheh8ihmxswm47ikn3n4f35vgzbrip30ijyokmflaa,6,7,8.101963825914839e-05
addr_69ubfzhckfw6p6yogweflgwv1zfwhhfh6ky9lf8d2j,7,7,8.445403709859635e-05
addr_8fn708fofoz4oq0oebql31xqpo1hlx0noixvgxwot0,6,4,6.056118021734507e-05
addr_wxb5xbgi1xw9fwvhevuit3fkktstqf7vgycjlcy0sq,6,9,9.887975769023381e-05
addr_js502uib3qlnk2e3b8h5epsevzr8whk3n479m71np6,12,7,0.00015989267836017887
addr_p630o1hqzj9bn5wypj5yaw0y7bbk0y3dq9gbv30thj,6,5,7.208158761336286e-05
addr_54zcqxvquxk3k0fsc1lmzhc3xijulkj8qkf84emz2q,7,6,7.612516053753747e-05
addr_vjv5m9uwurik2qjv8dwaz0ny948w1qasoyfxz3rv2z,5,3,5.5939142546274244e-05
addr_m3ehobosr384eslklkb1z0isg5m2xdn1laz3undviy,6,9,9.02370309843028e-05
addr_3x1jife90p53nfgrd2hew5fkr482ifcxav4ng4yul8,7,7,9.246725233970036e-05
addr_8ns57xnrwaox1ixenwbmftb998tbrric9pi24k2eta,7,4,0.00014842732509352444
addr_wjvy2gqqx0z5ljb1rn8e6fzcbd38ki0p4e0tns4a96,6,6,7.167067474676495e-05
addr_ssila5frf1l3l7y525zgxetclo6zz7r2hscovitfhj,7,6,9.297105827361545e-05
addr_fo8hbf5jcdz93i36de5jamslslekfomjoqjq8hcqut,10,6,8.55326475611137e-05
addr_75k5z8pdr42ows6ao8oau80wxhxe8layfuv8v2lg7p,8,4,0.00011049961268355655
addr_on9rrw1cwm6qotrh5hwx5igehh6fxpn5ednzkaf9b9,3,3,3.0104201179780593e-05
addr_3y9fvq08nruixxnx33cmx3zh1t1qbs17qp1hnhav3y,4,5,5.809475212291142e-05
addr_ffbr1iud4zyp88mnqlx6dwg6iqyc0opn4b5ng78wsx,8,9,9.53253002001246e-05
addr_622mrzrzusb4tprvnspnk1dllt5woa57y5axpu9awp,4,8,3.115023408490677e-05
addr_9ngpcivi052u9az3cegbmxikvrecjtr0m6hz72kxsj,8,13,0.00011308916368624604
addr_0l879w5dy4lre7pi8weji4p0e4y5x6zie5apcbflun,3,5,5.8056152016700004e-05
addr_8fwhlo534aou1rz6p2iv9m3sofb1fobd5m2xf6y0uh,10,9,0.0001472913543811204
addr_u6575fup3ebdb91uya418ubld5lji5rcigoi2xszkr,8,6,9.613699112197788e-05
addr_l2kszipshynnkb47y7m8mrykn8a280x30f0q8rl6ab,7,9,0.00010634476450178811
addr_8o6c2qhx5iz3lj8s2b7gvzfmlbgwnx4trjqoop7xa9,6,6,5.541299039421297e-05
addr_3vom7i945cypce009mkg18u88kxz1880e2if1p3nyo,6,11,4.249049087702577e-05
addr_57jeorit5sw0py4tghyqq709m1l0kirm1tbb5fbvgd,2,5,4.388115280208582e-05
addr_i2zfzpxknr00kbqntl0fw1f8kma9ckl14m4ot80xjc,7,5,9.759847157785723e-05
addr_ad2c4x8voe9tpi9itj1fms898ce4wco1ndcjp91ik9,8,6,0.00011082021483422169
addr_vj5ezrbfsxid19ojhsxfqxuolax7j98dbwmz1erjao,8,9,7.43708682103131e-05
addr_04yhrpwskv4w6vcf5yye5llx2aq5h6vsb4sz46t0rk,9,6,5.780400325080639e-05
addr_fnui9jabf0h0t5yscj4xw73cdq2cgawaybq0nv6sjm,10,13,0.00011614404341051435
addr_2kx4a6x78mw5ohdij9pp2dgkg9qsjne4irs81kjl4w,8,6,7.743831687079177e-05
addr_79qjveuv7t58phn75cw8xnxmxm0lmk78em4xrr45gp,11,5,0.00012576692295952974
addr_81xxwsi1coxpy5j3spsqeqt9oj4x9ov7ys1yzmzuq8,2,9,3.871213519143054e-05
addr_panmicrroif47o5e5pctegiac0jqb0wmenvm0fehny,14,6,0.00012292366328196368
addr_gybgbhi76kvvdki77wfut64454c4vu4omyp8oxf475,6,3,8.595528679267945e-05
addr_rfvrm8kpxgvltn0ul8ptgvsv0gvsyfdei3iha9jvzy,7,5,5.4096446219186375e-05
addr_agwtx10bqr3hyi0cqjyz7ftdydl3afqqo37nx0d5rl,7,6,0.00011954822486652595
addr_9age9ny3mub6lbu9w3ggo9dvws3kcvjxzdvyb4xz3m,5,8,5.320778561034729e-05
addr_co4kw0fv2074zbhdcfoi5nv1r097lw6s8q8nx4ln1u,6,3,7.482612377891293e-05
addr_vnf21usloua2hhkfj27jaa94zrzrlq9wclyb4switq,10,5,0.00019823016993154955
addr_49pl2ycm54u1l9ctnl600r4zbivacoo5a0egp4ohh9,8,7,0.0001186577253550492
addr_x0ju9x8qga10jhsm6agus9vlmbgcn9l5pmrau5d6to,9,9,0.0001230964218308441
addr_30ysxpnngh8riec4d145bm1enf313fpoyipk0qtl3q,3,21,5.647736028659113e-05
addr_0a7yljm13zrcz6xfemei2hksflnswya3b3v6t3ggxs,3,14,3.140095486916725e-05
addr_qnntyaz0x177vuhroz6m7nj0orloq5s5jjwzpcd64z,4,5,5.6220493108181926e-05
addr_gcuonz7knx5apn1idq4q5ybf68ejp0t54wl3cv6fcx,7,7,5.802162934841383e-05
addr_3zy5sro0l9layke3zcxu11to0bogcc1u86ag3u1swy,3,5,2.36244072676124e-05
addr_ijetvqom1gtlqr6fl11mcajytpudeachjzl8auc32l,12,11,0.00017085582495665638
addr_wnsb7t2oadjgc5h2oqh1xymdkxw5dthamfyv1doqoe,7,4,7.948124403253227e-05
addr_wshmlfzkicwmpeqydbpgvv4zwl3zyt91qe37qqyzqi,7,21,7.632725737605949e-05
addr_x9wi1fmaqkwma3skir2zea7nspbib1sws21v3ul6kf,9,8,0.00010544720959559012
addr_be67z0cb1fb9npqww3pwxove40io57aulaqx1uszfl,8,12,7.929958324586927e-05
addr_488pkwtzv4ty9ykrz1y3n0mwfs58bqzacgbvqcedni,7,7,6.942415412734475e-05
addr_vj733h3itgvrrxbsuutbrllm1wpe00izbnmdxx6vvw,8,6,7.836125052888302e-05
addr_dog63byvgzky1y8g3hdii51l24okp9g469zv2442i6,10,9,0.00010759579465071805
addr_9695x3208rfafvylrc62akvwvd1pd9ue1r5vdancpg,18,8,0.0002691411401222821
addr_zbjiubduk08gzy68c88yglxjby29gfv2w2lb7gomki,3,6,2.6882297868176106e-05
addr_48dgdqrpebmhg8rwyor4xwov4lxwoaiv30qqrtz1r7,10,9,7.11330876265194e-05
addr_azfzaoxulhe27gq33sso6pxppqhr3epmgeae73i6op,9,2,7.575716733731783e-05
addr_ar7ywmxktng5nvdnuiizj23k560r06fsu5e3q82gwq,6,7,0.00012608605732983876
addr_u6f32qlac13minel37q02bk8qkzte4u8cdc5e8akmg,6,6,9.090301774482335e-05
addr_06mtmwkhm631sttn6p1gdhf2opd19mncsmol7tscif,7,8,8.361589378475972e-05
addr_pp0klx5ryiaru4hs7xm7idp5srk6m8r8dwpzkg84yn,10,8,0.00011496715403485225
addr_nygia10p32hgq7idqqchqks38krwmdbtyk0miwlfj4,9,11,6.97055482353088e-05
addr_tntr78p0opvvukzch84610ihu9x94tloib71wed1wh,5,9,3.5829791584526137e-05
addr_zhdcw0pe380dr6y6dsmiecu99w6f70b9workplltvl,9,7,9.609905956084407e-05
addr_yqjrh1kp43lzfv6f1fidl9i1s94wdw6dgxpqfnkdm6,13,6,0.00018709142138531015
addr_u5712qdhclj4f4s7sz8uuhhx4r48kqxcllypc97c9w,6,8,6.150578744537598e-05
addr_eqb3wbwl7w20pm2v1rcw6akb380wu3d1bc88nh106l,3,10,3.429554474853353e-05
addr_fpm4ur5mvgj4yza6n9y7wmpeqtmbmeawlo7eiguzhq,9,3,7.733030900793143e-05
addr_wqp9aont7yfa1j0mn7vx4motqkh0pk6fpasu9i3o03,10,4,0.00012573438381361542
addr_3jzx474nq6yp27b0jfynkcudkezwo8ptbt6xolydzi,6,4,4.76172283594343e-05
addr_4ssb1pbzvr8vbyezd43w95ch4fodmjmbfogevokqy9,8,6,5.9960213810844824e-05
addr_wirl6nhve79zuq0l0p0vwwkgl3c2etb94ih71s55qe,3,3,4.878577450963125e-05
addr_fafcsdz2jo99rueuwgpg6sgoxvbu474363tmr8i588,2,8,3.439964327704039e-05
addr_s3iwfm2azwtdc8az532l9br7gozzjqlcgi4e3yrx8h,3,5,2.6774447408705917e-05
addr_e0blp5o2izz6uyy77yjgecdchxstn4i25kn6jnx768,6,7,7.360572024884922e-05
addr_kcaz8rr1tao26mku9eoud8ujvpjml6bch4j2lfq5kn,8,8,0.00010836368183990364
addr_nfgum5epcul0xce3bfd18n99fntvm9rhlws1tc11dr,5,11,4.673747958448282e-05
addr_0mknnx5zkftwjhwzui1inmbk18krg0v6ww3b4hd4s6,3,2,3.122594604804799e-05
addr_b91m3nvoedvurkxe9hhzf9se7ip0xey4qi6kkpb32e,5,6,3.0186903826176444e-05
addr_zb3qf35d0q2ovzgqhzjlcnjh768lyp5tsyh296ql5d,4,3,5.4853959977731766e-05
addr_7224y87be2f7c431abnadprnntru5akahp84mv3l33,2,7,2.95743193886553e-05
addr_6k4asbu16c5z9fwgdy0pwp1olqqpv50x4r3lc4z8e1,3,3,3.181656689201814e-05
addr_nxonrpxa6k56p0n6dmk89l1e891o72u6op23bqg3e3,7,5,7.778947085505713e-05
addr_5tnr14bg3kimmmwecw6rg68fl7gag6cbvj5xv6zrvw,9,9,8.720920577940694e-05
addr_loyfwj4rvqcx8mffzo1dhg3zoztj8nzjpqxkwvd6j4,7,6,0.0001349403923354697
addr_qu1v7tleqwffyzgggj5eg2gfb6bngws11h71pfd9jm,8,7,0.0001324177840640626
addr_05pryewhw77y3nmjrs49b1akl52gmejyk2zyuf7jru,11,8,0.00014371895737125102
addr_avpm6dysx9ojwudrgtz6ql3e49yws3nc62ahnwgu9b,9,8,0.0001032722641935336
addr_4etbybvls7unb9lbuzqswrkpbr4nkjrf976nh3st9h,5,5,2.7229877146741572e-05
addr_3rw3bfpm5aywqwa4sdqueprkrchg1dz4lg84gwsi5j,9,3,0.00010195440998757276
addr_wntydojsrza02560p7fexmcjf64znf3zf5zsn8ecfk,10,9,0.000112621411571695
addr_jagxlq0s5rmjpcza3sfgho4qhcg7fd143xrv8df2f5,8,5,8.288605144964189e-05
addr_wjurrk71vxc8act498grupbot2ypzk78lzx4q8ofch,12,5,0.00010879991394720553
addr_2c5pud6ku3p88zkphk333ejn3g2x8xc31dost5qqfg,8,8,9.335262172949315e-05
addr_6hpzphd82ftypi7dd1ckxoe5vt8nte32zpiru9glsq,12,9,0.0001441251857848565
addr_p31hguej2qw7m4v5de3bdzmelt1ohk2rxq4e3j6wcc,4,10,6.122512935124321e-05
addr_ewnyeegixwoiew9kmd40clj8opyjqi8uzobbz9zy7y,12,11,6.994703175950009e-05
addr_6p5e1qg14nsxvogw2vuuzv4r22jszrjgov8jp469x7,8,6,4.847638597309138e-05
addr_tccbsutily0l1hnwk1om4ajxpgf75y5t6ozu639vep,9,9,0.00011197337086753435
addr_knbd9o45fg3mlof683mjozgxua4dqxin67273jyzbb,10,8,0.00011069073889446387
addr_vkoi13d3l5hur89swto6xf0vnb1nn4pnkmnhdv5gly,8,4,8.82555952048678e-05
addr_tr6hdt6dtgh4h9lfz13pbtbafptpmcsb0p9ikybo31,8,7,0.00010606697014508282
addr_7bxcd20j1oulwozq48enwbbadlypgg6n6975j2d8cl,9,8,0.00014435436533866554
addr_8hpwd7v9ffwxnkyz583p4rgiet1e5gmackcb6upab1,9,6,0.0001672973972031376
addr_95e4bw27tm2zbq3e3vrpujhwyidg9rmtzs18c2jx6e,9,9,0.0001479386962553329
addr_owrbbng0n8j4izzymqzmwm7mg11dohtvx7712wch17,3,13,3.218384680250168e-05
addr_qc9rc7k3nre9i1ykorz87suu20wjipe69a1thw7ofj,8,5,7.426453899053892e-05
addr_xq0co9s1tv4ir1g3m9i7o16az6o4y1bjp5dc39ujw1,7,7,8.024180049230736e-05
addr_lhymuqyoem97w12a1gzdk8nn8l4k6q8wc8byvq7h4e,8,11,0.00010161483713889478
addr_xha447cgl6xe2fce7y9pafkky8qncc6czqjmdwoykk,3,6,2.405299969159402e-05
addr_28ikdo57xsulhnelxyb9ndz2e215mx4pm4o9sxuhf2,6,11,0.00011225886880297174
addr_v2ie296t8aavp1nn5vjnppfzaazqc795pwcjqp35c4,6,3,0.00011692243526627225
addr_szixdql1h1rhq46p87o4kzczxtsm36jklfvifg28op,9,11,8.171279195115295e-05
addr_meakhgrmqp3vn07wfibgfs6rij67llbg7orne8k9cp,9,11,9.72631409095212e-05
addr_wwhwvy58slnajxi936l599s9qck3p02deu8awkn8xw,7,5,8.911096673458935e-05
addr_0rkw7cife5opli41udtyzhihipq187ok7kyckn6dyl,7,10,6.627026142108193e-05
addr_immcofembcafphj5hp8v53k612pmuouch0qo4ibr45,8,7,0.00012267619927161343
addr_scfvxsfodvc23c5vo9wruzdnej5pt48bpqyenmx2km,4,7,4.966143212583593e-05
addr_0uhp2994gvt0njade5hd9mxt75t0z20b5txvz0f4a6,4,7,2.475743546201754e-05
addr_hxjqwybn3kwkx3r11ykq4g8mgkfcdrs5tapwi7pr63,9,8,0.00010282531124013239
addr_56btchol6f7g9vpvafopwj5bt033y7eytwqjwno1uv,13,9,9.921780009637481e-05
addr_2uonyljx8gglamh48rtfajqn5nq7dylwq7ya5645oe,8,8,9.606639058327061e-05
addr_1xuhdgd23wrqsog68zdopto9nxxklua07fmn3wz3vu,4,10,5.006566296905588e-05
addr_2zbzb411ij85kzu50efxbs6bl6mw27lqec94ftwrmr,9,4,0.00012262507349777255
addr_vw7pxbnb19e26g08kht9grjd97ii8ch4jvebdd99aw,4,9,2.597819474574497e-05
addr_84ttlue9uhzqfyx3s38bfs1ldxje481rvi08x1opkk,5,3,3.3774815085820384e-05
addr_udhyg58dp77ktheko3s85evrpjy5162mwvzuj3l41a,5,10,4.384110806887147e-05
addr_w11el3bxhelssl6o9izvv9hmw4ifsn2s1unpf1317p,4,8,5.282250643491546e-05
addr_84j5ruz38r760mpm6ui1smpuq3n0l9nw7w2axwgxlz,6,7,7.321765282661537e-05
addr_pwkwxxw62aian1b9dyq8mwoiq45sox931woi93gwej,10,8,0.00013333227992431667
addr_3tsamv0vjvocykjeaoujz0vs62j62jtc8y2j84jy7k,8,6,8.780893330130563e-05
addr_a0vw2lhujwnlh3s51f0qvwuhdr4y5ti6sea3a4lnjl,4,1,7.454989667483792e-05
addr_tx0gg0n0z4sbezelfkfm1tizb73pik4vzwdwu02hw4,7,9,7.231554562143913e-05
addr_hv614ziqic8oxqv8230bs4ye9zrrofmqvb9224jkok,9,7,0.00013964044806193644
addr_tqe42f6adbov6mrreb7u81m15w31b4zudlx5k2qyph,6,5,6.088526376686787e-05
addr_uuhukbr3pt47xxa6bmla4qry3vvvf70ujgvcvue11p,6,7,6.231263038376322e-05
addr_ooiu5ttkbq54hm4vds6x27xg45c4ed2tz711hrt8y0,6,9,7.370104321148702e-05
addr_qg45o61g8ucb2zv9txotf4g3mi4cm9pmqnng7580je,7,8,9.503266714063574e-05
addr_0j44sf2kpmjrok2wl2my4pljvlu1olp2lcpcfrovxc,7,6,3.757234448515393e-05
addr_r2nxyztbivhfgca322pcqoqrnqykabwffdlh0mwwip,7,13,8.52566283416271e-05
addr_90kp9h4nsdpt5dawlws2ezqo8vy5gt9fhkk8v72zti,6,7,7.307753024342216e-05
addr_i7b0hbllg79612kzgz87msnrdopzpopa98bnlsvxdk,8,10,0.00010942606555927543
addr_zvwe8g358geejgbjxg56w0mqa1ccyy4jufn24xcrwd,7,7,5.0349493578600336e-05
addr_ra5mryutlt734523o98nhsgi3szczti376fqx1ybp2,7,5,4.963309106685091e-05
addr_02wpkqj39qzj9yr33ikuzu9sh7n1bqg3dcmyxbd07q,3,7,4.4699068441490546e-05
addr_dtpi6xi24z28ae8lqbqeu2gst7xuzquveri56x4s04,12,5,0.00018510346088698073
addr_rjiedlpdxmxvtzjr7ckopnruyv3b5wx438njpx4194,10,5,0.0001076200885262627
addr_i8mhhu8ww1508fqru05798ie4ty2f1boi2sr496i6l,6,2,0.0001403585179257293
addr_ffsaifauxz8ku3qp3wq371fdtq5dyv499fs8p935xi,6,6,0.00011891460749820358
addr_fn8u8dh4j7o23tl0yhv2uev4nrv6emvkd6wtwhf18c,6,15,5.7218129345579664e-05
addr_0m00pedg2liiaohqd9dz9v3796mrt44cdq6ivb6bqj,3,10,3.710930740927426e-05
addr_tdsvit7j1xqa1i0ltjoqvnpzo3squfnpebvxkle9x5,9,5,0.00011727512828028576
addr_y5w6nzpieq9o23mjnt7k8p6rcf4jhfuqrfbjunp1ws,8,8,5.019941884668962e-05
addr_inqjrnlbnc4zr3sglcm9s4nui8wx12qvfih5ux3yzs,6,6,4.279441825921016e-05
addr_45j63nc4m7pwuz8oyyp2t6syy2770j1bhwud3hlemq,3,7,4.291418239821635e-05
addr_d342d8ui8966h0senajejzkeytbq7887kjy6i6qotg,6,6,8.161187575520734e-05
addr_oplfr1roixxw4l4tqy9dp2yzo9wq2mb5k2gameekuv,7,3,7.487369721579989e-05
addr_jvny2qi5l4gw58xsblyknwqtaf4pe3j3qgsgvsfneo,7,3,0.00010119770880029724
addr_nwec3pjqpvqftfpy4n531g558kl9491b0zw6hiv7ml,5,6,5.2141408143992196e-05
addr_29gdbmnithsb0fkcxaqjr7h22u9jksn19yaw201463,4,7,3.67441993256673e-05
addr_c9s902a0nw60jsctolqgasgk783nc8mq5s45nmtvz2,8,12,0.00010055689796472057
addr_ft2lenjj811f70kzm7pwqdzjelnep099qh8r39xkja,7,11,0.00010332741419798514
addr_ym5zq0nudep6wa6bluz333e28a2uib6uwwcb8902wm,4,4,3.69992557405455e-05
addr_xo3tszmijpnuzdanu3ec5oq42s2axqwsxykupbiinw,2,8,1.859555720879761e-05
addr_tyezkjwgdsd0aszeie58g1qevvxpmau8o75oetd2k8,10,6,0.00010085883229611674
addr_12r5dp5pe1yf03dcuvajscwo5bnpagbdqny0x91iqh,7,8,0.00017154682537938183
addr_k22h8eqrjpo6q2wk1abzboh5m8vj3uzo3zmy39fsr0,5,8,5.662658483534604e-05
addr_avh0zqplwaostkwnaqu24yhmle6cxeq1sloykeolhs,5,3,8.408508356637523e-05
addr_xm6k0r2nzem9md0yigv644v6qn9o61xhmg9rce87j5,6,9,5.469862050970746e-05
addr_2t4bwk712u222rtbg6wgrpireaig7kzzp40ul0q86u,5,9,5.699933542835091e-05
addr_k1mf692pz0a14qkdfgwqd885m3eq3x7xkkvr2sovsa,7,7,8.315260666011127e-05
addr_pi4jm77xo3522mkoq08cjed8p860hwfs2bam6jo1q4,9,8,0.0001107610388680035
addr_xyolhe3mtqozhill9l044kg0lurzjmplxm3uricg8e,8,4,7.581577767363215e-05
addr_6vgtvyfyk3md6x73zca7fxloz2rcu8kd9gnlpyo2m2,10,17,7.952161749575634e-05
addr_yxadlussh1z97ytxwcl7xg33y6y7v62cup5rb9vdx0,5,8,5.881171334445834e-05
addr_v395zdhz6m9bjudl3af6kkfedlbgkbuoc1r601ejt1,9,5,0.00013481935698580861
addr_8v1pdoweh8pwcus3vn4pxtufaseocfm3q877xt2pwj,9,5,9.317588326570065e-05
addr_6qvpevkkvkrdjjy5fe4wov8leich1oubfk2sphuehp,7,3,8.527721665576736e-05
addr_p9h9iksa33i1sn8xd1wh50agaesfhhek1yi1lrzo9z,4,4,0.00013901146393727968
addr_swek3oy70lwr5vyzod1kgmx4fwa4jowtoc19inrm34,3,10,5.931177933179691e-05
addr_bd5dk26b3b28h9ibpjpwwdgzy5snttxkjoy1j0ndl2,7,5,8.874059738772957e-05
addr_jxs44duawzowr21w2ognqroitbks80jnitma55a9ui,6,8,7.062968994319434e-05
addr_3as7qnim41aexd6zaw7jl1zvi8jl8cztmfqy3kw6w1,6,9,4.925268467398381e-05
addr_byhof8clut5gkv51bfbkeki55uhlk0l9nq1ctxpnhk,9,6,9.324406872101543e-05
addr_5jscydnf742yzs5dg59itnrmgn77wf283c8gu7tpt3,3,17,3.1736139469879794e-05
addr_7oei5dse1dhq2hbdqeadkuu7xc7w8i26owat2ufocj,11,7,0.00015070115182127982
addr_ebwnuxy7039enfg5nwvj7uxmz735219sahi0qr0ps1,5,7,0.00010638341440908063
addr_qntlvde3wx1jvc36dniyftqfgnku2tkvdpr37hgvzu,7,2,8.058245154330185e-05
addr_9e3vcvjf3qtcq2rz5zgtidssj2w6bzw9h5plpr3f6m,9,9,8.045137128738401e-05
addr_gpilerekjs7yucf6wxqgldxzflmr19ik85encce4ha,5,9,2.9091473419768363e-05
addr_ls8i0fz4rk9m2ybe56vvb3ixsxjrh9vpbeeplmv2fq,5,3,5.183146139845126e-05
addr_ekdl00cdtjudvy5hsgg0hl8w8d0ata8x0o39pxyvs6,4,11,9.00205164652082e-05
addr_j55rvtcnvvy5dcw0n2m8pla8xqxnz5nwu3qttckh8j,3,7,3.201856702632906e-05
addr_oe7y3ve74cjxcse2kgjd667uy3qfhha2cwhri4fn9n,8,10,6.994045881026155e-05
addr_674zcaulcjrz55hl339h2u7gsc0q0sant1pv4a2b6m,5,8,5.7812218639586275e-05
addr_qebm4lgcseljaz5aa8awa23u9rcvhm8h99cyf2x2aa,7,9,5.4424120359065406e-05
addr_jxde1lt33yf50r40rm9ab4ze1gxnv2qoe747btjpeh,7,6,8.012499934640673e-05
addr_9svq036ztt7080313z8407uqrqhrn1wvx0qkvngwh0,9,12,0.00010963547671338616
addr_p2qyh5wixvg6d6rqhp7mpcg9sf1jx9glwb5jhjb8ze,6,9,5.012120465083129e-05
addr_k8n677gyapnfjh12cd7a385gge0kcjty6orgk8ao17,8,6,0.00010366360918413859
addr_p90rpvkjlcqe2wkuvx6dezwh3hrsb8tdj52jqjv2jt,8,6,0.00011000814406726328
addr_kb700ucrgb93wkcs4kek4aegvfq3jzr25mdf7fr91i,6,17,0.00011113110947084983
addr_oyq4y5dk5ybdfayjdljn7g9biowhy4dnjgcr7mwz9w,1,8,2.174908898391906e-05
addr_nb4gh2m5zja8dzr1yxr2dhylurtp0lzjjeget1ghr0,6,9,5.865064581595012e-05
addr_5ny9jfbomhzneunib1bxzdb4bhzhpenw8jaxjao7yt,9,9,0.00012161997999474895
addr_4jwo3iricx3lai8sk8n5ijbj24gub17odqax3xgtkc,10,6,7.121994347573255e-05
addr_63iuc1vshpkwpiay6b8c3rqmyjaa6sedc6j4et2qhn,10,6,0.00010274970051886271
addr_zeffwrxnazw1j1fqiucxr5l3xege138gcc1yqaztuu,3,6,2.3904136830989305e-05
addr_awyphikdrr9dgn7q7xfkocxg25s1ensn7j1mfvupmk,8,7,7.471345802799783e-05
addr_gutqz60c8cpa6d96ggjkitrgubtuxdj9xa7phqmv1z,7,6,8.019406719403625e-05
addr_7rmc904cuivqhk7xj9s86jrx2l8ph1xbzbf85kkxa7,7,3,5.884684921498995e-05
addr_2dssd1rhyjt1vc3a6340youksdzlnkvvqsz2ry8d3h,6,12,4.616713130394792e-05
addr_t2lnnlf8cziw563pcjq8lhedc5d8zvttxjznr66f04,4,7,3.6042798763263206e-05
addr_uhinnsvqyn84j53dtw6xwaueq8byh3h8rz3djk87z8,9,4,0.0001241304338656826
addr_4u155zegc1zxufrnk4fcjg7gdld4b8c2ku8i4kxg4n,5,5,9.738379112581389e-05
addr_67omvbqkoi06pii997mk5hw18jkuyn4pm3h1bas2x5,8,11,9.822548150435996e-05
addr_t19l22y3urrykqd06hckf8532yrl86gmzpwoxppvkd,8,7,0.00011138661130367335
addr_de1ttmq8j0s4y1rqym9nksrn6oarkysicd2hfjifyn,9,7,8.965439838488604e-05
addr_3qrnh01opjwnzxon6s6xpku5253of0gl5nibdrnc59,6,6,5.316237578741131e-05
addr_yhg0hjc6som16ot0fzzhxvkc28musq00cn9yz6ki1i,6,5,6.785160363833772e-05
addr_90mz9hgna0b6nwy1mtjyeoujd022ybur0k8oig4e8q,9,9,8.040487359314067e-05
addr_ec28v7xsqdrs6dglq2mdeee3t6mf5ftelyiervu1py,6,9,3.974037060282756e-05
addr_p8c192wtxagmk6rrcrgr29jo7egwpsef1kfomvruqy,6,8,7.005026899496696e-05
addr_n2qwmsf7lbk00f0ljb9uf2yhidwd1797z9pyhdlj43,3,6,5.5444484625004386e-05
addr_rgl7jy7otkude358tre9qdi3g13iwpfvb71ghlu8m8,10,7,0.00012078217029389038
addr_mc4elxgtzomgvr8lfh2bpb9roxo9oyqsiroeqcdksa,5,11,9.578651020396352e-05
addr_v1j308ipuv58ohcu0e0r3jss3t14lyf6nxxx5f6z61,7,10,7.401172675461498e-05
addr_8e7dwv7b7ykzwa4jvuevh9hizte5xot9cprj1dilde,5,9,4.545864042622338e-05
addr_q0f8xdymwmb2kt4d6dm5dtlyau7zklong7hyxyal99,8,9,0.00011072528024173587
addr_qv9ql91vob0eigyb4dsjbibkc5cm989hnlxqyjd00i,9,3,8.38342410390096e-05
addr_dh78xmksdji1ihzvq7o0px9nunyhi54k35x63nntid,7,4,0.00011785138014368157
addr_vaudekj7xhjfzezt4cuc4b30pmdn1aasp31dot7wqn,8,4,0.00012051043079299326
addr_nh7ub5olb3w32q23aggu70sfrg13dj5s2lu3igzyqd,8,5,4.619902147985266e-05
addr_foi6ik9p4m3jg43d45r30llthmtydmkpv3581rxljl,5,9,5.7603029036891514e-05
addr_v75la61vf6lito437c67gdqldg6c5lkxnus32v948g,8,4,7.742119677887384e-05
addr_n89swewljzus8t9q0jv7kaozphdvnlj9u83eo1l2me,6,3,6.725877979923187e-05
addr_zdy5ddp9sjh4rmz9t33sbfoixhwoc06abwnkhvltat,7,8,9.815568831783383e-05
addr_hk9dl90vnropeorfz88uxi2e1jx398ly5w3rq6dg3v,10,9,0.00013668315271027955
addr_yxk1txv5jy27f1innjbfs5bxo10dqd0bshw8123xyz,4,7,7.331019093027494e-05
addr_xen2ll1m9e34lkdvn7sxvi9rg5bg6noic6i48eg35c,4,4,4.413850196956052e-05
addr_qic3xlxup5exmaxwj3gcod7mmzbaydwtd1nv0b8u73,10,3,9.478407935839242e-05
addr_zmqcwus0m34n5rl81d6erm5x6jmlzkkh4hgqfu4qc3,10,7,0.00021086501897018544
addr_3kzak0l4x8p339jucrrnjpb461imkvr2f9fhlmubyc,5,10,5.581089754151009e-05
addr_1i20k7yt624xusa9f1070z7zf7lzpd9qekqi3nbq0z,11,7,0.0001303284959682471
addr_v4nmwvsb0ukoefukpv8lymj1qi9mqvayxar6yo6z1t,7,9,9.197147422697752e-05
addr_9tnq3mdfm5bq5yqz86xlxga2e3mvqkmy2pd4ttonys,11,4,0.00013093864814054824
addr_d1x728uld2mwci1qpeaiaje2mb773a5r6yv402f6sj,4,7,8.811734656669935e-05
addr_qihvv2615ga5aeg9174nrzmmeeecfb9tqe84o91yjx,8,13,0.00010105292098541847
addr_y36bm4ki4hiw4fdf9n59zpu955fffeov9d19jwoqgq,6,4,9.649152171886689e-05
addr_29o56esjjut92j38svcp7ejk0poytj57n3j7ul0v0j,10,11,9.342543250473555e-05
addr_pma1l2e0pgf45dpmssywm2d17wn4kfa50nf9qq6yu1,5,9,8.052781835881494e-05
addr_cilpi4b98du3x2d5m54642141sn0w3ne16ud70rium,6,7,3.538067326175132e-05
addr_r39iixhaiaw4otuo4uw590z92jn67lm8e49ite92sr,12,2,0.00019239000158966264
addr_sffuwhvbspfrcwhthux1mm06i875hvfwp4tjorhjn2,16,9,0.0001401105876312602
addr_nfie99ifdz3pbzs99dthvytgvgmsyi60q75tflwest,7,5,6.222129040584512e-05
addr_u0m3otgdi22q8imtcu2jy7t9oswpmjr8x3fdu0ssol,12,5,0.0002389188984456051
addr_5fj27etf2vdzcrsnmyl1pvcy9w5mknerljzftmof2q,11,4,0.00023708033818608227
addr_gocrk53oppoydvfd9jrm43gmefg9o9ih4o8jg78ia6,8,8,0.00010055219735428905
addr_sklji7wfqzbjv0rcod46qwjs2h7th8bzql9yz5silk,7,4,0.00012853873253856017
addr_oekbhtmq9dlxdz1n7379tm8nbxaurts3soh97wryfk,12,10,9.403367798647626e-05
addr_2o8d9t3zmg1jzcjtfdwlji8c7bf75rgy5i2oo3r3mb,10,8,0.00010826666923154771
addr_9a7l7mk2fuebrtpaqcuhtfn8dccpjlcq285n92lqh9,10,9,0.00016913228789288445
addr_1wr0a2xx858860j82rywbhmogj5zpeu2s3ogi4v6k7,7,3,0.00011902415853338708
addr_y6kgjib8whfahoxjbv9m10favhysetikbqktthbl9m,8,11,0.0001560706788684767
addr_xyo7oweygvbrq1vy3l0ok1wb2mwklmmlveq78vi8y4,5,9,6.265476502869599e-05
addr_chenlns1s3rjmjf8fktmg0s6oxajni4dt3so5883zx,6,11,6.777071003280989e-05
addr_04joar5qtwt9mt4nnfqg4e7sdmq642uh03g4ng2q05,7,6,0.00011310107290152068
addr_vinu96dgg1s2ttlx5yvb6hwpg5md538gbh4eu9or4r,3,5,3.501842964676763e-05
addr_fhvp61lo03if1qweg70yzj9n359j7ta8e9vcjp9mi6,3,11,7.553699542282813e-05
addr_stolz8fmd3z17zs8zhze6xdivmzx3d5z5agcc0reki,6,3,8.443525663820553e-05
addr_otz940cenk06ei2o955k8z5gc2o0oa89uflpw35hw9,7,5,0.00010901532496829315
addr_blxkk3pkqbmda4cy4r61q48qz6po41n3mkfo08f0jg,4,7,3.995462580501949e-05
addr_e8234dhhzngjrubizibu9rrcc7a3v541057n4iqaq1,17,6,0.00020295693016366485
addr_9nrfjfzadjfz1v56bl4zhn6g5gxbxgugocawu3ad7d,6,8,5.1096816437498926e-05
addr_rdls3sxqcsucm2spm2q43kykg9iad3eciw4kmp6sal,6,9,6.023224062912998e-05
addr_lniioeyme3vvcinty70tdbp07i946ava7124z0hixs,2,5,1.6678962467363226e-05
addr_1tmhtosc2e8cx2zlbcpwsbvht7xg0qnsdgv29k330v,10,5,0.00010852219523871952
addr_49bz70lnttbhh5uy8g5e9fdouf0fugiwhgkjyrnnsb,3,9,3.6291793283303327e-05
addr_3qwxpt9m7a5kjbajgfmnil5jl4fwnippkfhjyr1ue1,12,9,0.0001481402340629908
addr_por7c14on060pogxcfoiuk5wnkxeafu290l9hypugu,5,7,7.917081914377671e-05
addr_hmvruitqqf1jgpvti353pwohlmqgcirszk4c38w0zy,4,8,4.25031762851669e-05
addr_cfom9nu19m1o3mmxnuq1zcsmjkn9ax6psvndhr6zxy,5,5,8.133519724629328e-05
addr_sdzoem2hoif72o2z130e0qtg0fyb4hj46i7ez58ym9,10,8,7.957394373877476e-05
addr_6kd1emm2dtm4pumgyqpdtca34fuuy918h47npmbq72,7,7,7.272585699472123e-05
addr_w4jsnym31sk0540sejokilp4vn2v27nls4szxq1k1q,5,7,5.227336792907417e-05
addr_ev01d8idphpyz92um8gknj80di26go1eo9dl1m2ccj,3,3,3.4762766606056816e-05
addr_edqmydl1gs4j53kkc0do3vbimnhx4o60204xmz3r9j,7,2,6.582214774544646e-05
addr_6yshhyafvnuy822y0eap50sw1oq9rq53utiumw6asg,14,8,0.0001497183080453925
addr_yyu1ysjolyrnznw1brqmb9pw2jeabf1os27clbg0ih,5,5,8.667044211303467e-05
addr_7czij2hgiukj6z8ms75x5awva5ih03gc4zre0xgmti,8,2,6.118574091704784e-05
addr_i145201v5zd0yxgzb3rimqwf7ib94su3coj295p1cc,9,6,0.00012162712882599834
addr_49tmy91otkzh4oe1u24zqfezkfh00a0uy9f8p47d9g,7,7,8.594592653625346e-05
addr_yfyh40wav1axatuzdwooal1g9a6f1j42oep0wskci1,8,9,0.00015333800722119298
addr_ec0y18q9fyk4jrp4f0mehqsaj4c6n6mf8l4amoi42y,7,10,7.850100881157368e-05
addr_r4ay3x4memmyjjc0vkr8ahgp3qz6gohmjzc2o6j6sv,7,4,7.875866220003925e-05
addr_k09gqnnts8f6xkll3oo60u8m9jiuzy0ngk9xo7mata,10,9,8.804378677066405e-05
addr_fc4y7cqwloqkie6qkky22ubz8zrr60si399uey09ah,7,4,0.00012291957315746103
addr_vhranteu36fhkdow4d8i7k70r0z8mkpr3slf0snjl5,6,9,7.567379082759999e-05
addr_0iqw8263yvi9dp5oqepwq31t1exs1i4oc5betnrzv9,9,9,0.00010875489113512123
addr_8rz8acnjxuoqjqytyx6xc2odlb8saa364dc71xphmg,7,5,0.00010590073157531976
addr_q1h00t0l350kx7odtlx6cnarnswqerjnvcburtck7i,8,4,6.451121574451318e-05
addr_bi6mghagmb362m9e5imlz6iostuzhg1gf4ofpatm0t,10,7,0.00012083214952626711
addr_v1mzb3i4fieecy2c11bd2scejcy127h6gmd478mfs0,5,22,4.510629018496564e-05
addr_ccb5y68cano2igm6e3w85dw9jiqd8nq7vy7ei3dw75,7,7,9.883950644397814e-05
addr_yh075koc463nfzod7eke5afoz899wc1q9apiksdx52,4,7,5.2095805218902815e-05
addr_rnt7b0b8qm5wak2winn447fm1sb19ncrs5ung5a59p,8,4,7.649187842890502e-05
addr_ezn9y9zmz4zkxnayhyrcz9n4y47ynbqsdp6igllm10,7,10,8.048641690450696e-05
addr_07y3rmmu4msaipdq53cqff87gn78jgxwontybjb3n9,9,6,8.924135984825115e-05
addr_enrjkblej39jhzcryn7nlsh7pkro4ngknj33nzwqgz,6,5,7.573913620423886e-05
addr_vnwr9d2j6q2lk89h9efn4586ene5o4dfclely0xq7g,4,6,5.459110056567836e-05
addr_jg4ra0gf4braneaxtts9hwihtu1adb3vc8c0nwex0m,7,3,0.00014570342698882495
addr_tn0plcfr7cl6p3frb7ei5r8vo4kvfflncc2atrd83x,3,7,4.681645624518666e-05
addr_6cag6xo6pb1o6k0j1xnwkxzapww8h5io5w5d8qba3j,8,12,8.838767530209488e-05
addr_w7satwh40odzz8ftnszmqv3783lxqkzwd15o43odck,8,4,0.00010513722812778947
addr_tum153urxqwvw7yrq7sj8qas2rejkgzamfnj1gpjzm,7,4,5.1157855841633706e-05
addr_jaxvqnwxlse8gh6a2qcsw06o22wo8lg4vhf6trn8v3,8,10,0.00010187884891698212
addr_64mxu8nihjupevmy2en6zg8kpxmxsqh9ug0pc7hzn5,6,12,6.619093528119288e-05
addr_zejd9c4hdzxz7a4em4lnuqbwmtwcsas0rv6tzcq3ay,7,10,5.405007738219812e-05
addr_uiisdis9wmaj2m42rm9qgrkguh7l6bpxpb60f5bid5,6,8,6.098296358674341e-05
addr_gmrtzqrca7eww7ppnscdylnwu704zwj8gtuxxpr4vb,9,9,0.00011476718718410813
addr_2afzkptcnjve789e1aej7enpobbjaa3pd785f64h31,9,7,0.00010474533177744075
addr_pll1xrajg2abdzuljpbcfe2w63te8610xwunfjx3s9,10,4,8.4815752860954e-05
addr_7hb3ngmdbsc2jjmi7qs186lwnv2yj7c4i5tk86tpki,13,10,0.00015599309381199888
addr_bg49cg6s0rswksbk9xajrydgehmqcgqxsp0488heze,7,7,9.842072890473579e-05
addr_76ym57fxm4sbp423d5wqxv68yky30meee8d4efvvua,6,5,6.289886826801831e-05
addr_7ntn5jeqyk2ucgm0wytrqw2omjumw9fr5j89d4wlrh,9,8,0.00012314110644710713
addr_5l4mli71vne7u7qbiltb37z13fgdqu9nb42l42rx82,9,7,0.00011930590529488062
addr_lhlylifgp7yj878akp780lyy05ynxi5hvnnkh90n0b,8,8,0.00011492648474632502
addr_io4x85if62rue6eu8ui3laqvmxdq5uyzni6bju68os,9,3,0.00015842588477245657
addr_y96y4gqb9rmr4pzgtio50pjlpeexa7sco2y8o7j2bh,4,6,4.738654147179866e-05
addr_6jpaoi8ox4edweacsc9pxtcq422gloju4yuw04e7bg,6,12,3.559710604570605e-05
addr_drt65941b0bxosamccxw1316ii00b3pzutuekhxalc,6,10,6.684772050435459e-05
addr_r42haul27o8h3pfnk1lv8vp94xg59nix1tu2lrtkud,11,7,8.271967448508967e-05
addr_1q7imz5mh0to5uimi9jjdhg2qpppr7d5rn0pcq6s1h,10,6,9.30192784370742e-05
addr_irsc64ywp2ji5zjj3dmq6kgq3im7aqy28tkjwjwnje,8,6,6.069031971300057e-05
addr_keybtlkrmlvsv0ooz8tav8zr0utqcojhegvf1e06kz,15,10,0.00014493681151770495
addr_0t5tppkthkuecre08e9kijkjvybko7fl8wo0rb9bak,7,5,0.00010257341949748446
addr_8g3xfp8uo75lrmwmrkuo8segl4r227815azw0coeai,4,6,5.3604040629573196e-05
addr_e9movbx2atcpmv0y8x4yfgilm0wh8zafu677kc6s83,5,8,4.984586963248948e-05
addr_tmw95hyieu5hwkn3mtf2wjetxzs8hys5rhc79qy2vl,10,4,0.00010313903972788273
addr_wgcxovr62uoxojgq04lh49mkleaqdahhtfggmsrn3l,4,6,3.202814425350933e-05
addr_4gwj8lpbc8mrglxeks7n6mgvq5hg61skrrlk7olkvo,7,3,0.00010681660100336559
addr_j8th1pqua2f9to0wzn4xj765va97kzb5fw1duhbx6a,3,8,6.132311322023124e-05
addr_1ml15h3mk5u67skdozyfxfn5lkshrlhmas4k66o1hu,8,9,9.086925503057073e-05
addr_jod8vu7jcsjpkb4ppecpgnm6hxg0qggbukcnydi9wm,9,5,6.978864199255172e-05
addr_aptra9eok3tm96ej7ykfv6j9huc7t8onk55kyxnf1v,4,6,7.549785082706263e-05
addr_p9mzp4l4fj47vv2vvpwq5set0tnyk7hpwalt0q7gnb,7,6,8.445788194256091e-05
addr_1l0aywhy35stl2uri81lttug6l6zutavjrug6988tw,6,8,6.106726305597848e-05
addr_ikcidkwnnhj7xvg0fn9xuy41ibljh75lxo6qjiujv6,6,18,6.868931716969413e-05
addr_74234znnwbkdy2k7w0w9slz2meh6rs8q465varuve5,1,6,2.4436066957592328e-05
addr_qtkcd0rlexdw6lqwlvunlpaih0p4e05qmktgv44ftj,8,14,7.972575753046425e-05
addr_4dxqk6t0dvr8mmjmxpuut9gyw3umssbahidb88myvc,4,10,0.00010011732359713921
addr_ak9soum4p0d6b9zutitfzowvrtd9h9fv087wgiswqk,7,7,8.52292842860105e-05
addr_e8173zvxbet9s6wjiv1miec2vls2pq7c2jx7721ogd,9,5,0.00015383518702836996
addr_q8g9g94nae75g2g7rrljoub5i7ydj1lrtfjdzach8r,6,9,6.162069276347713e-05
addr_ouffohcrdu2wyqk16bz4h270d20ei8z7fkoahhxbh3,6,7,2.9658273531118972e-05
addr_lz69k1nv00bw0mvq27viwsnu6l80ztw904q2qhebmc,11,1,0.00011547856181341456
addr_a9y19ertk1jdfew5cwhu9hzk3rha2lqgwldb3rzn4k,11,7,7.414372525652648e-05
addr_zljms6xly09b0gr4u100p66emi6m7u8coybgtwxsab,7,5,0.0001067623223677674
addr_yj9boq0iq2fa39e3nwxuj3ac6pe63lbqgu3obyghgk,7,21,8.121767759820604e-05
addr_thfc87r6qtauhusza5p5543hi2r8kjc3hkg6b8f7a4,7,5,5.222364768000164e-05
addr_1hmjuh0r2e4ugdaygru244u236i2y0jhpbggbaxrbi,5,8,6.042944892310709e-05
addr_06hraoawv581pu4e8mttyotkp1xlrcey138cp5u4ui,4,12,7.567863266341678e-05
addr_v9uivne934guql7lc7cfl9yxs91cb72o7miilf3m09,6,6,7.3645253435989e-05
addr_24deiwaup0a2rrzc281azqv6xhzro6nilpqc2hcs32,9,11,9.922729522473298e-05
addr_84vddkvnzl74a752blk4f4y2zwua089a32qcjtk3lr,4,2,1.7669459533467325e-05
addr_7uijy2q9yvam8ighz882pyvk3tk86vdag0iyvam0ec,4,6,4.288825886141814e-05
addr_0pe5zjx7fzhovxlabtkqulw4152ubpe06an0yxmjsu,3,8,8.158870333052646e-05
addr_i7hk1vb3xfpjzffeob7f3gfa7xcl59w4yhm9nz933e,13,3,0.00019331990722206788
addr_mnq7zjse0uodctqehn3nlk164jilfeeb5wqquli2p5,9,6,8.610932499156012e-05
addr_ifiub8z55if3bq0x4j1abxt27v2h3ofuwg6xav4jod,7,4,7.308342920481792e-05
addr_hwvaqatriqsbvm3lr6flr6csa0pcvtpke30q4qdh7h,9,11,0.00012048573014888856
addr_v60lf8hkm0hhyts8elb0ga0vaqd4oj42i9mixznwmn,7,10,6.463392533260556e-05
addr_rontdi9oinuxl39dg5rifwr0ui1jlmfluoay12tlxl,7,9,5.423855870629308e-05
addr_vmb9ize2ho9ndeyojpsuukxf1gjiy0jrk5d9f5zrxm,7,5,4.243936843467338e-05
addr_54tfn3n09fcskoj6n1ridxlh1xfq0s3jb0p7d5bti3,6,7,8.279370601753634e-05
addr_9dde3cup8ijl2z0ljch2vffqot8hljefy3zb4ldims,4,13,4.582451212391448e-05
addr_z542ic66c7stbu5buv8uctg2bgi983kaxt1zpsxv76,8,7,4.727245936839702e-05
addr_mes995wvb52ioprbtouxgn0essdla8dmigi191dycx,10,6,9.359572409138672e-05
addr_qu9luew0sq7r50pv9u3u6vwhjf66vd7wbqe7xyw4pu,7,2,0.00015697223310297365
addr_bsmexrpo27f9uibqac78hckgom4gs3j7suj6ys3sel,7,6,6.731031492570596e-05
addr_r2d0p88crjlinui7ad39dcyinrttfqkeojvqpi18za,8,5,5.447124738572623e-05
addr_sg3z637b8yyl7a5zcti6wwr3i0rf3clrg7gaauolnz,5,7,3.9382592470808054e-05
addr_3gidyekf9hn2q6bd0x93l39q5n1tmg2u4dprw9cnf2,5,8,7.011018447798862e-05
addr_jqd3z02r1oggp8qvdx9t4ip1svr51jqnyw7n920vr6,9,12,0.000154230847728969
addr_n60zty5k0awpf4qy30xgql0b2hvia6sreq8tgn1uwc,10,12,0.00013906607858031478
addr_be4a3yn5pnnojum6s5fo29atp9px7lgzzpkp0lvmzy,8,7,0.00010241288184459001
addr_whvoa6m7gx6jqrdzacbgp6j744s4fxstsz1ggut549,7,6,0.00013116890781541505
addr_it7yo4r8zc53aigmo8q2iqrrc8wsjjjhs26vm6zncq,6,6,8.11469216780472e-05
addr_869b8hq277j84zvht0pkaxe94cvc86g7e2p3skjik8,8,4,0.00012380932223275874
addr_uyg1c5v2fkdal1vy0vig4bmo3lt6g14xv2svi31ew9,9,7,0.00011518057837366724
addr_4r8qgoew2t5z96p1by6vkxnmt3c1wq8g4buesr9eyy,8,8,7.761872551080522e-05
addr_9kf8gdexka5h35ko5xhg8vngggyu9nytcj3rnmvcci,9,6,7.968692800349405e-05
addr_1o5o495zfyviznp8sot912b96i4a5m0jv979pnkn6w,4,8,6.080129019498198e-05
addr_y9k42b7m4i8np9ivd5ow4v6rh3mfp7xuj7equmil2o,5,4,4.840156951070501e-05
addr_1xhlzfrl3vnwq09rlqjmpxryei4q9baupdfblv5b0n,7,7,0.00011210598524108625
addr_ee60j3yicutcin1xp1vmt09f0gwvuh3ers2lci7pb3,7,8,4.139457872224315e-05
addr_wt805qtdcjs924w7w8twt2i9owp7nl6dmjlxdw0ycy,1,6,1.6333202345644608e-05
addr_tlpah5eybd4eb0hye7j0n87g6zsuiy8zl9484fnbf2,11,5,8.690228806743006e-05
addr_tzzvdfz0nsqez389ssqp0ctm4rnflgbskz1bzfishm,11,6,0.00014016009051082793
addr_1ljz1x76508283w1nvd08nz394nveas838gurp8jqs,6,5,6.091016044536297e-05
addr_pc1xloiuk1vqfnt6cu6891ce8vtojceqkry51fuxkc,5,5,5.723038937647468e-05
addr_rxwg4oi1nexnpkqw4l8du202ep1e55jnbrxlka1fsz,9,8,4.042721895612929e-05
addr_01ep4vrpxr6viuln3xiegsm9qmngzc556c84y2o4fi,7,5,7.966518237764888e-05
addr_x1whilbuvdkuzg8z7o8g3u3b7pd8zzn9ws4k40bxvy,13,8,0.000152493816818648
addr_nwelednr15sbqsx3vxbib2gr2t8cxhlxjbkpa566kq,3,8,2.816506125512381e-05
addr_lcmznu1u7779rt3un1mfyiul07wyydf4y1nuvlmn18,7,8,5.471712029263152e-05
addr_rv2y7cdabbajaq08dnx80nkxkbefq796ew8257ge0q,7,8,0.00014885430478253596
addr_o9vaxczzyagzr64l4ywp6cbc5tnll5hvdq0mjkkegv,4,8,6.100169176463329e-05
addr_qk3fs98649qpcegpx1fcd4ccuq21ffyh34svzjor8j,6,6,0.00012568251546040316
addr_wi8rxvg7umth7k80433jh9b2ud851c3pc1z3pp0yeg,7,7,6.968016897753536e-05
addr_kad427fyned408sxcgz3yl3mv3m9t9zgr9hi6url53,11,4,0.00011275654923024835
addr_6jifngqek0xim7tt9m2hnlbm53fe152m15ufbnt5ok,5,7,6.530010720900144e-05
addr_risoab2boi3w3ry6y282bze4ep5713g3wsvm1lmt2k,6,10,8.39795812915633e-05
addr_u2xx9dry16dn7x6q041ytsva3b1fk1xtks42kcfubq,8,3,0.00010857515419256378
addr_zivis2csdqxyb29yeiktggb7os1ulplc4ph2zg7ejw,8,11,5.910137712583888e-05
addr_r8u2qv6snbw9v97p8qjmz6sbbedwbwg69zyptzxdrp,8,8,0.00014001454684759007
addr_ja6mih6spgy5a9u18md3szxdf0nsgt6lkwknys5thu,7,2,0.0001114506661911679
addr_vtpygtwodci3l5rqsv5sc7et24az4wq0n2seck18h9,4,7,6.221952255653863e-05
addr_fkyfjz7eoubwb39ejepwvw7zksa0c99uzrlts8btv5,9,13,7.78054690457145e-05
addr_a810xgyxkqn8oy7gnjz2ho7dug8poki5blw4o9haxh,4,5,5.814675420279924e-05
addr_u8ezkxq80i4527kkz4gzw6iz1256hhgtqmor9eh7ol,8,10,0.00013204182577942705
addr_6u7d32cvysdzf3yfcoe3fb498tct6vylrpdw27d1ud,9,8,0.0001456253190633207
addr_znci6wzvuebxsp9xhe09wr26musk84l0ddincrx8el,6,8,8.249687804899879e-05
addr_vhkzvpry7iub68v106g5m3k6yb9j5yffhew42qbs14,7,10,8.719748724288814e-05
addr_isutp04sbrspj4kii1nq0ei05nms6xvqpu3et1ovej,10,6,0.00013443863050039627
addr_yodfcmone48kuwevqgjuzxgedv37uovm7vsp0ors3a,11,8,0.00015056704303888896
addr_dulr8d1zkay6i2itrpp9717v6ebbnbwk31nx7cglio,9,6,0.00015526487305876974
addr_ptpgnfkz8vkl7hkxgkvktuxpao60sm18clofa9bpi4,5,7,0.00010488525595902151
addr_7bswx96mvswidoh6s0xx8oe61gwuz7bxdk7qifeqs7,12,4,0.0001561580145380083
addr_eicgyg96wmjdpjt5o7nhyyoqsfhe1adeek6rw3ycvp,10,6,8.780999616213764e-05
addr_0cjbmuvhgqk820ps5i5ftojtbpgt9967st8li72w4o,8,3,6.601858952211479e-05
addr_ev7lfibfw0a6omfdfkwhx77b15l1h3uafcy7dh7tyf,3,7,3.0074186007408617e-05
addr_54o1jhuzrgx8mkjfo5ejaktaovxy46v9sk4c4nzsec,6,6,6.207773505786375e-05
addr_b50l8ec9f7lzmtj5e713s5t2gg0k8qtprgi37ekvmx,7,6,9.842719649832209e-05
addr_qyqh287fmciiv2dg74r1ycc7zqzk1i4wvtpsbdfdbd,8,6,0.00010731345250593418
addr_7dxg9mkn1amvkrpf45i9hjb2dojlvhmk4gcr5x9h33,4,3,9.070993794388912e-05
addr_ao9btxueun7q92rdhmz220ch6b5wxuftixx2aj79gk,7,2,9.13915674236518e-05
addr_fffvvl6c2trzvu3bua4l92io1kes8dq1ddola00mfp,9,6,8.610042379670046e-05
addr_1drwr2rva2ulzfqdm6rzq0h1c9ibc5oifgnx9xz73q,12,5,0.00013399449329091137
addr_anzxyn6q3frqzurvugvnelokjj2rx7hp4vxafviq28,6,7,7.898992711715322e-05
addr_mbo4kf9oqkz6l6e2ye38d1n1tp1lsj75vw2oxenfrr,12,9,0.0001267195608118729
addr_wi9n920h0oatsi0a87dy220z5ngjj0nec7gkzx63pj,5,9,5.035051096403958e-05
addr_dvhzan7s85hfbcr2xqufhupx1culcpa8trw954sjk9,7,8,6.475255421422427e-05
addr_8rhk6fucinbtq86m0jsq9x4ptw3wtjtne8uqoengde,6,13,5.4021422340162446e-05
addr_7jnyoausmu1wp2jfo5q80m9vnha31vaqosnhr5zkzk,5,10,5.3796426744484874e-05
addr_6qklryp65bhssmq5ht9zyijk0c55tcuovuak4qgf45,4,5,4.151637260064871e-05
addr_hqlkj6gyfu2hc3sm2xxx09ug4hr93j4ik9hkkh39vw,7,10,5.950260657064788e-05
addr_fiiilbltpqk15nwatc8p329aqnxotclyynwifselkt,12,10,0.00015568657945679636
addr_pyqydfo9kfqqv4csvdhcmh0icv6osebp9efxo79hvs,7,8,6.356988428858676e-05
addr_d0xpacc771tl4cbaqxmos7rm80w6mmuvzsoeho032l,5,6,8.058506974295782e-05
addr_d5su2ny8juugk4nnekl29qdlxeogw23rp7x9c8cadb,10,7,8.745397185981232e-05
addr_pu5v0w4tq41tsg9hbav2p0mddynhf7lpra7v0795hl,6,4,6.093273113035122e-05
addr_oz247nl7a6icva025krlbilelb9zw334vu7uy48l6n,8,6,9.70190863352992e-05
addr_0ynz06axu5h2jw3a2ylsxdv2ivw6m5encc4hr89mh2,7,8,6.332129814365649e-05
addr_uhrtpmo841lcljz9kveadct1zht4eif5s4jd1ayaqr,6,8,5.96393994673455e-05
addr_lcedryh4r3aset5pm72wigyv6848knoh81g06zhu8p,1,6,1.2783540150028805e-05
addr_u9qp4btgd8oyr0hy0regvtjz933lvb8sd4wtjwg9pp,6,9,4.739274282911469e-05
addr_yn1s9n9fvjtmw5rf402rsay8maxg5o5bbd266ehs9h,5,11,4.065425957126702e-05
addr_kwxzwl9pqrmou803jw6r8ykehvq9xd8xq41wjx3xyr,1,5,1.699395699720418e-05
addr_cl0gj8o9wr0fu4d3osqwfvssmozimjy5ottn8gbyha,7,9,8.74949257046356e-05
addr_0183aybl3tv3uskxgon2xy5djzmd1hvp7xm87k66j2,11,7,0.0001372864083500544
addr_gatquwc95ww8udbnry4slubzk6sukne5yujysvp4e4,8,7,7.270870446722877e-05
addr_o7cuhw5ihc2okannh8vwac4n05iz5o0j681v0z9546,10,6,0.00011121864418997944
addr_tjhl936p9i7sunt9qx3pborbkpj7x7t9zjjy8vyq5u,10,5,7.971422679484991e-05
addr_fzg813qsdumujsstcigl6ulbrb5e9b2492mr7wth00,10,9,0.00010985533563085615
addr_1ncfnqrrnb7o4bxwzf6yfkqmwbwv2de3wqouz3nx6u,8,9,9.065891632802386e-05
addr_wjm9kz06ijvemtdz0fpfbd1jfvyvas04q0m7yplyt7,5,4,6.284672212769858e-05
addr_dq9jzg2h17hmf4wsqk25d4pnk9jvdzqokw3sdr11ak,10,3,8.448772887940658e-05
addr_2j6nxtoigyz0p76e9p1p7bdzbz3ikfme9zk9wojeeb,6,11,7.117445138333843e-05
addr_5damx35sdmqufl9lt496gfrz6o9y3qttz68oayj2fg,8,5,0.00012994351120678167
addr_l7gqtvva9uq6hh4hxt39q5wr95e2vq9hhbefkmyy31,13,12,0.00010743951701572126
addr_hibbijo62axj4fhahnc064my6kxga2bb9m7hjj6l5n,9,7,0.00011875144007811504
addr_4s3txrevlpy6rybsbkvx9wvjw4uvmlevx9qcgtyjov,5,8,7.77602720767629e-05
addr_u13kgd7fd5izfkwmr0x6iyiszzm3f2t588y86ujeoe,7,4,6.268117244419173e-05
addr_forz9waywjckl8bta03ewegg97hzil98g3rkfkgzyg,8,13,0.0001455909409457241
addr_na81j2n3ofsrhhqrdkdmxj83pnyfrsnpwzagdut39x,6,2,7.69245142212999e-05
addr_iq2o473ld9e9ug8pnwtrzli4yd459ryiu8pcpij8bl,9,6,0.0001180447039644934
addr_jpn6x6hl0fg8ydt2k1vlhe29kvhvj2nbip6od5e8h7,8,9,8.00318020826189e-05
addr_4f28qcs41tpccdrb0f3eheutal4ic725h03ddjvyyf,12,9,9.465530558510321e-05
addr_k5j42oi6oafn33vm89i9gx32uew9g6spd2sw24wjt8,10,6,0.00011145521243571939
addr_o8yfgfwor94cgu1phsfgjyz6fk7ebjkewwlk7fl9um,3,9,2.5550284568864577e-05
addr_6nhu6p6k3ejh4bgje2er36uh62i3xzxh70p57ecnt3,10,5,0.00017646022844879553
addr_slvfitijsfczep8r7hm476sbrbjp50f963kgjbcdz6,8,8,7.787884519602161e-05
addr_fxx3pb6kutbtgqmcjmfd8fyi2crm0epg1wnhaw3zno,9,7,0.00011661040358905482
addr_5b7bmkcys8bhz44fvctcs4sz5ajdw4670al0hlo6bd,8,4,8.734347644163988e-05
addr_pz93qk8n7sy3nhr0b8m2ihc2kxbwg3ckzq5cq4ossx,6,8,8.113846003930227e-05
addr_v70fnd0w6x7lnwgiocqwxs4pc4akbjwtoz61k1um1g,10,11,9.746996052114499e-05
addr_9fuwqllty4tzc1drl5y9fykxh49oa7eshp4z1lkiy0,4,6,7.574544816039375e-05
addr_s0hmri2xflzkxvc3jnmzitotbbqlegqcspd7xah6ix,6,11,5.490324718301323e-05
addr_bff9bfrvtwb3jsqsqihy5xuspquwtybzt7fqbbkyc2,5,8,7.837803277421675e-05
addr_bdmall2si6rts32i7bkyjiwlt3pbzeemudxiripq7d,6,6,6.771829794088239e-05
addr_uyep872uzb7hrztcjcgx31hyk0npi89t3fjlntafib,6,8,6.810408420007501e-05
addr_s6x9r6aim3psr0mam5whaw4jdniw3io1w36coekvys,8,3,4.768333171602236e-05
addr_g9sqywsbzh4822swtbmdq449gdpokdom3tc2scy2p5,8,9,9.964490759333883e-05
addr_xd9muaockurbuqgv4chfbax389tr4f47vtyjr338a2,5,9,4.136588338401759e-05
addr_tmjpw07xc2ekz9iu59mr99e6sbf5nnk5peu5fyqp01,10,8,0.00016643248243534804
addr_n9s1v1zsvcqe1c63zf2jjsa4rzy0y5blw0acechsvj,7,6,8.950988806668712e-05
addr_5g32071lecmecnqhrz77pmpjyqi29u5hww38j6i3vb,8,12,8.473982266676188e-05
addr_jpvbksd3ll1zgcxzwagdq29tgty2s3fybdrc4q0ds2,9,6,9.522202667274648e-05
addr_3laukeacn0633e6651xa3zwmwjg1i3h8p0v8xttv2v,7,5,6.469508582290865e-05
addr_ap1fpcwq0f508zqx8niaifr6xilm07isa6bsgmw8vj,10,4,0.00017007148627115495
addr_q8o9s4znmzofe98wp94p4jwr3xuxnb9dssrkfi53ll,5,8,5.6197996064794634e-05
addr_bozxkum1g6vnl9eshnp34d08ar2ztdolphz4a7vw3m,5,2,5.9101003058784294e-05
addr_7odm6int2tc8ybobpy1r2xgpb204t76piv6re8iv8a,6,6,4.9219654447968885e-05
addr_eylm17tm2i6uc7m077u2o1738wyz0hq5wj0nnv0p7w,9,4,0.00012311118028944133
addr_u42u9qil07h189bdaztfvjxo4iw9zo6d4w5rry0mlb,8,8,8.878309835636444e-05
addr_49tgsywyvmtkp6wrqpdb934ckvud14iiyyqw2s6uh5,10,5,0.00011910294700225674
addr_wzzvorjr95gjsoczdakkla48wc5b41qtw3hgfsr9c6,8,10,0.00013607127879423152
addr_yfs6f05gin9ylteu7w7pre6czeq4v07d1e0rcolhpl,8,5,7.344073939302969e-05
addr_w8qvh7gkxr4ln23ftyk9t9uj1nzlw0aumbz9y6l5m7,5,2,6.0949234706233726e-05
addr_dv2kfz8x0itydyab2ejkiaaa2y23ue3io44zycdif0,3,6,5.157860992222438e-05
addr_ktdpmqzvk0qoi2z03wdufby30ylph13jyu5slcdawr,6,7,0.0001042398630850259
addr_sj8gch9stz63ubjv68qhgkyd4h6jng44diesib20yw,9,9,0.00011238803800903424
addr_rhj0oovov1b2ldq0n1x5ecnpptbpied6xw65aognsg,8,10,7.728634647125302e-05
addr_s2lox61h1e1tnbeyk3hjhttojm02c7j05ei3ganvvt,4,3,5.4311196063241965e-05
addr_4hfs7np5ocpyaxsmcig9wguiv84rdy7rh67dzkn6l3,6,4,0.00011487748149318478
addr_wts8aoc86l40udfllfu8whkodehlcm7fnsv3j2bxne,5,11,7.132848375891829e-05
addr_spp8k32oxqq1xr27491xl34cisbr598lrrwxlz1pea,3,4,3.111486249243981e-05
addr_u9dzzn8ooaoltt2pt7d9yd415un9oxhx7equt7wqea,9,4,0.00010501595786574494
addr_vixmbdtyvwbtjmma0sskitjpyrmvpbac8aoke5njgl,3,7,4.198145839544446e-05
addr_9vuh2wch9hj8a2mst0nc2ddd5s70y5lyse10vpc0hq,7,8,9.289035087820049e-05
addr_7a40br1n6x41jf4xgr9u187ch9xia8vamk0j5afwvl,12,1,0.0001045970775760348
addr_v9sdm9hczr7geiqslfzhp26jdk65dpg7fgvzmualec,5,7,0.00010509710919091224
addr_blm02k15kjj951khdal46zb5suvu3xyvdef938nh6h,4,6,5.884772343013629e-05
addr_f05vgdpmc0fml107ooksu5pej9djbca0jdjahu3pk5,6,7,6.792681768603311e-05
addr_xsp2odhjaqc7kob5tibyik96nsbkpguuuo502epphc,9,8,0.00012953380006205993
addr_hwm518zrmpgx44qx1clmmvh71hw3gm7q6lfj18lm6s,7,8,0.00010358356446003914
addr_h764fbm0unjmaqu5tubvvmv1ccgs3u32bgkbimr7dm,10,12,0.00014878152216234828
addr_tsc1wb5xrue66ylypz5w6cgnp7zfi2pu1g7inha3so,3,10,7.188738426535601e-05
addr_zz2vmyia73t962ujtd5wyjr9subqjsae5uja4h1uad,2,4,3.0477657467126795e-05
addr_d24s6le2gyggeaqbe510mzc9yd3115h6b80sn7erzg,6,6,7.842763152808677e-05
addr_a4d6g0qz7erwvqeng0xr1zvq9f1en8eofbeaptittt,4,7,5.478285709864472e-05
addr_0ozuwtnrgm5a3mt9cue1viug1vob0pnwe67ukys0ls,8,5,0.00012050588323156467
addr_5zp9mf5pm7wn8w9mwtrwxz17977yy5l57szoqeallc,6,2,4.4361053083729914e-05
addr_sksa8mmojk45qbooqksc4tw87t8dfkwphwq1uiajqb,5,5,7.789861916596086e-05
addr_rbd04i0qyp0iz2oq7bqbrohlrid4hcuarntg61kdtg,6,5,4.589237569926086e-05
addr_vsljdtdwkn8eff7jgls8wsn5judd2uvrf43rlrqqbe,6,4,7.466012839382263e-05
addr_mfy73dvhvdu5q6f8tq65bwp091pby5fmwxn4bcsyxs,6,5,6.225142667928771e-05
addr_srojky4ygz6y5vceymssr3xfu7rcorpe571k13nlkf,6,2,7.65420179820472e-05
addr_m0f68snjlesvi3znnl78em0e9t4kpf7fxfx1jj4tyt,9,5,0.00013390771479468826
addr_8ipicjc6urguyaccr03gbl0im1nl6stpbtrn3qu2sd,8,5,0.0001078206709270394
addr_1f8rbwywtsg1tvqcjzi9wrxtg5am2emsj6zc35kncw,9,9,0.0001430959953217222
addr_r4zk2tj8v8ofq8n5fg9mxmz3aaojtc7rn7nmk46vj9,8,6,9.42633874546164e-05
addr_mqw8evrc0erje4s4mfel33pcl1s2qpkgrmm0ytmv82,10,1,0.00010688863209669946
addr_wwp82qztt1blow2r576vilvqkxbi6jjtb8qop82j3t,12,5,9.355716306498063e-05
addr_pibxxa0uzv8ndk4yeay4ioct1ey2wd9tfjx1x19ra1,9,5,0.0001209053788520514
addr_f45ebgpvyfsx6vtgpg7yw5req90dqhj4fl40vxt83e,9,8,0.0001518652508859839
addr_iwtsdwyk5123rj80mhxzftlaid4bqcjm4kc74226kj,7,5,6.390259419740466e-05
addr_5zow60zz0i0835tvv8y5sic4s8pnne6it1ekkh0uhk,8,5,6.949164897345412e-05
addr_zl9emrejdaog1wx9jz1kezrtu2ho4cd1ua2zfnba4l,8,8,0.00010353112427737967
addr_3x7kh7z151tscqcfvrym7okx13xcpsrwzvtl98mbj1,7,8,7.783995338091447e-05
addr_2oy76mswbk1nt6x56em2t6zn394a1i7qm7ac7rhh3p,7,4,5.472867910866584e-05
addr_wsvppiot975ikbnz9xuj3pmmz149cgibckyjxj1gdm,6,11,6.624500240562054e-05
addr_b5ug46g549nm9xrztk9mulggdr7wjy1lmegtpcbfon,1,8,1.9424274589113575e-05
addr_bzlfpq7zwufj50zq4pl5bj5fjyljhy1ui7nqpunzqz,6,10,7.449027964757865e-05
addr_2ozck1vi89r8z04j8t6li900nz2uh4clbgmoxgq5y5,8,8,0.00014113897604970052
addr_krz9oq8yekzyz7w2g0v02t3bm6pe3xhtlsx2bw54v1,8,5,0.00010196801127642607
addr_m0azaihzftzk3uwk9yvwv8ul40joql2x441iu7tfn8,3,7,3.64525601263096e-05
addr_myo1zavblj58om6jki6rxtgcb30d8hnp7qbf8g4wch,7,4,0.00011134893305118908
addr_itguktq5smvvbjb1jven2z7mb41g877fxv7a7kx7mr,7,8,8.516194232517348e-05
addr_1rqdgtdaqv02402ukyra7d0ouhsdojws585bvgvr1k,3,7,4.916346188178866e-05
addr_88vzz88wso141d86byl1qj3t73uywmxz67ch7d46rg,11,3,9.609208239780684e-05
addr_rchlyprnpp2iuc5leswwxyp0upkakrn29bejztelf8,6,7,2.6030392347806225e-05
addr_jkreuy0i7amr2bxgrvtbudzr27t1z922xdxyv27llm,3,4,3.8509789976151856e-05
addr_yxkzsofiwfbxv09uhe5yfh1u5gh5cjhojz17jztn7l,4,10,5.529551967903013e-05
addr_mizlik6v4c0xw3im2lv89tbilapvj4od608hex44vt,5,8,6.24132472802893e-05
addr_f7zqq8hyq9gszyd0rxr705l6wa8ybfjr7alsj8vroc,9,6,0.00013555166679010173
addr_0ylnjs96psdsabizp4ff4tthvbxtwaeonj1vram7ph,6,0,8.166673061765034e-05
addr_miueg7pwpe85n0ej6gm3uljqpf3ztrvzbeualfqlph,6,6,9.20486906714761e-05
addr_ma3ob81vc7qirdq6u5qwce72cbaqq7c8bq1fjugtm4,8,3,0.00010084821599532837
addr_3u18mplvqgexp8wyl0utn9bwj33skxpbh45jaop19z,3,7,4.1685356704000537e-05
addr_1m6m5kpvcanmazxsi1f0z0untdv25gq7ohn5imllq3,9,7,8.94664305750215e-05
addr_ar78eezi3m9tr52h4btz82p4uc35stwpp1h086vybz,9,4,0.0001296751735566532
addr_d9cj7abygamlqjfbxyj2uvmfo0nwtuwngdeivt3hn4,1,6,2.6001229173193406e-05
addr_3c07bti1rimvn1bt9wnjsleu1s5n18bypknxmfh5e8,11,6,0.00013542040126646084
addr_mmyvkwsfsgkqdd98novpuskb052zm3zv52shc24i4i,6,8,0.00011586913385321806
addr_hgi0bk0wus7r3a579kvqmgpyc68nhihkjrvzea5ra3,12,4,0.0001621885961009163
addr_ix0rgcg9keno8d0nt8olplvrq66xw2002m12f00g0z,4,5,3.226400884562358e-05
addr_w0l7wy4qo4rgwm6uokc9tt14y8w6anrl0pj7a8sk7b,8,7,8.029344631396995e-05
addr_8p4aa3nf0aav80j4goph5s8dqvi7oqg2v67wg8p21e,6,6,5.554999079964788e-05
addr_c5zp6ocyx5okutticdpayp768ml4x4doskihohylm6,6,7,7.578725810075828e-05
addr_1seydw7jol5je7osjwoes0ry6ly1lg70ce3fywfjrx,10,4,0.00012919717576991366
addr_9o98poc4vgziabscah3t8vduw35mpa3n20av93cumj,5,7,4.674255274833263e-05
addr_iun1bbdxulgd532y7a3s7lrt4w6rraypd8231imhfm,6,4,6.241253131517675e-05
addr_s0gcdjoynft3k391x62rppbx57nrztw1s0g0hp4kxz,5,8,6.975994346208121e-05
addr_3cgjg02gxjnil9g8idk5jtun8u6nyg8s3aslcbyc03,5,5,6.0995714910772666e-05
addr_pjz61y9j6wqrhamzrrdky115vc3b9u8awz66u8f4oc,9,8,0.00010841325158321247
addr_kqk1691nla890pm1mqj5f2ve7jwpdk2uvnb72w4aw5,6,8,6.378431142276148e-05
addr_99co0pmm7gt1lipsfvfzcpajg140jaxnqzm9007y9e,7,7,4.6407658905044795e-05
addr_zlvizhjvpyjl4tfazhjo5aihc1549xzxdghoob6tgx,6,8,6.583212135585575e-05
addr_1zoik4xiewgn9grrhjsv2iftnpmtgje92qw6k97jtx,2,8,2.8180072372262423e-05
addr_7lvqjz92ryrqdk1pwxxg2t8twhjo9963wd3t62u2w5,7,4,6.817213673212168e-05
addr_t8crqw6vsoe7qzu93rten873k8rt6u1ccx617ct5ct,6,5,6.332739901433458e-05
addr_7ooxk0lpdllksfrh6z6ewky7a2uo06z0drcxj0859c,6,17,4.613223722084656e-05
addr_4p864tzo5pxzqc3dztpts9tc04623yw7gytm8tm7xi,8,6,0.0001251760791745334
addr_rz4xg8i41rva7mudencrtplyw0bdffe1oh6xm6aqwq,13,7,0.00018355636121189847
addr_unwixnmn02r69cpqxs5otfyffnsema900e3p0dr0xj,4,5,3.0500857574543973e-05
addr_ea6t7hl0xkbg2hxuyakly7ckudy3kme50xqbsb6ywn,8,4,0.00011862814612517402
addr_o52u0jnlan7sxrl1x7oatqq4z84b0wzgiaeoackbh8,8,8,9.961078867617885e-05
addr_qzqflcg7ge8ebe9s7oppflbnub37jj7claq9xmdebr,8,5,0.00010372971536417257
addr_wnh525ttojyxnxnkb9q4caix6rdmuarx33ycq0420l,9,3,0.00010317594024111348
addr_rdk8w963cplmdwx45276x79q7j2jfsqnpjzcto28hc,1,9,1.494558007887419e-05
addr_gxxzdggvvswq520jt2yrnbaom5a4vbfrz4b7qkq157,11,6,0.00029038229043850636
addr_6majwz7o1gk0kuo3q500hj5rete11imltkjuw44gjs,2,12,3.8320616731849034e-05
addr_us4vwvjika9cemhqkwte09xwtrv0k5wrsjw5o8msxe,5,6,5.227817916816453e-05
addr_lfya8o62au46lpkqpel4hzbfpm96nzk70s2ls4ynan,9,6,9.520601122198405e-05
addr_6kt5iv3vcbkof625ehtmwaqqjepp12y0ag1p068de0,10,4,0.000118550112616372
addr_s4p0fahy6wcxeui572yvorxc51u2q69cyk6qlt0o0r,5,10,3.338551722861525e-05
addr_7z2q8so7imr2jtejalui0cr43wf6e4w1dv5kytlo6h,12,7,0.0001683044776817003
addr_i96k8rrva80pqb8zu0lx4rycmqtre9l32flig0l36v,7,5,5.105078800430532e-05
addr_2af1u4pndeahimkl48rner32492bhi15wz50arcno4,9,7,7.63355066865582e-05
addr_fo7pgaj2397jm6u5t63v1tn83ffvh5aht56mcqvem4,6,5,0.00014460698073345696
addr_k29z3udrqzo6f4v0gfmpqjfez85a2t57r3vt3o4692,8,14,9.907702951687979e-05
addr_5zfgaqcrfqasp41b3nbr3rqkutvs8ekm43c5ocjzqf,5,6,5.852922145487531e-05
addr_5bt9n8uw9a2qv6vkxuieteqovt071356qtaj5t1x32,3,5,4.9499959099329675e-05
addr_yuzkoto721c197jqy8mvs9afzk27khrz1gpbwshfnj,4,3,8.131656934434527e-05
addr_nrznqf3kopok6edlv9rgxbcsqfiv87ysus9pmfs99b,4,10,6.689291246740825e-05
addr_vld16e54k4x9havf76wu4eoxokxss1zr08fu1fcpr7,6,4,0.00013499121960474232
addr_9d1ov10a2bmgjnj66b75cn4stkaq97tx1zaj241ule,3,11,4.7936943651477295e-05
addr_6hb9hp6pllb8pt1meut7emdgt12vgw6ssl6weqnoeq,8,6,9.442744867913312e-05
addr_g881wcjbqn5rvlu8le7ore58o5fo1z5agn0egxnyte,0,6,1.2591921833626345e-05
addr_qrn60j6x86ycqg439ro8mih75p1ma6m2v9crimezhy,4,5,4.169100087156557e-05
addr_ph78eg05k319byxqcvnadptkefetbuh8l88vhu8lpa,10,8,0.0001271130710115518
addr_2wh9pxjyf3k9unqbwy92ijazmhad583tcz1mzr6h6b,12,7,0.0001571768280942793
addr_4b3vzjmhkx7li5r5e7sp3xs0cj7sglkno8xxvuv0wi,5,5,8.808548916482942e-05
addr_5ccasbuov6tt9q1ni10kqsosx43wfsqg8x80rmhrcn,9,7,0.00013778762894229378
addr_qt6fvo60owjcw25fl7lzhuxnzka3na9x5tbgff1qu4,5,2,9.73485092818929e-05
addr_xoccv8v2anz8izhq0btc1p93p0g6o4btvd1lgts2lg,6,3,8.853836298070445e-05
addr_m01tl7rdnj3zgkktgvlgj1efdcfysk8jya9ekeizbc,6,4,0.00013660179345214129
addr_vuzarbgdnwfnd0pj65x97x5krizwgbci6e5qjuef6u,4,7,7.110172317571603e-05
addr_yvd1lffum7h6u3z04fgk4r7bdjzgnpssg10okb66w5,6,3,6.725085355763043e-05
addr_thvbc2m9bc8cdr3b205qjmgpqvrrgpq56qbdj188t2,2,8,3.126861337538171e-05
addr_8xq4jlrgp5zvhfvqs8zzb5j2vlr9sdn7w6sad3v9c9,5,7,6.90237110238691e-05
addr_5g77lk6hqiv929sevl7fq8aby595cpjze1xtar0ko3,4,6,8.28343743930723e-05
addr_a9lhqkgbmsptx3cr49m2wihglkzwsdozo3ixfxi1iy,8,8,8.143243754040709e-05
addr_iu4126jx9cpygyna0pndugtyihpl3ruoz2epmxlzjg,7,4,9.625676534198962e-05
addr_1boczkwssnml4c7f4ygf76stpb74wo7v1gsfytk5lb,7,10,0.00010184308564831863
addr_afudvzs7lvswmnrd70h5qc7s4wk54zrtyy50h7e6je,7,6,0.00011625958446536613
addr_4meiadnccb2hpu1fh7am1mc4xwi7g3c36f5a83udqb,5,5,9.123909946603251e-05
addr_vsr9f72d4pur9ztqrm840dk2ovxujqvoe21azp87i1,5,6,0.00010537612399326347
addr_s3mgvvls3gxk8k46qe0mcwwvd0olqfdt95b12qzu8d,8,5,0.00010822126387793169
addr_9toydfft4h4747nghyg5yjxe9qo7ta6d5jqptlhpdj,5,8,7.916215881342237e-05
addr_ob6x81gz3dbof4dn66azri5uzighqqe1kl24v5b9r7,3,6,5.0852370582149115e-05
addr_ear5kgnz77ohsuzmo6b1b08cnej9q710zqofx3p5vx,10,8,0.00012189501885168364
addr_6lsa97su83yxk0u7us0gc8z56l3xkdqp2c3447ido0,9,7,0.00012428070680863836
addr_8mctih62q5n2c321pbuna2j8whorwsve5g329cdojv,12,5,0.00010154300126343757
addr_cldqc2h9bgugxj0cscglhdvnc6kh4x9ch5g94xyik3,6,4,6.421355639788668e-05
addr_oui871o90k7z56pr8ls614m5gkf3dsjd6n16isbb9a,10,4,6.197704745960259e-05
addr_ie8aswgfhquezjs3y3ket2l34e62rvdpkz9ym4h7va,6,8,7.442598384594255e-05
addr_9rr7s20cv3tlcxlvpymb5m9j98cwn2y8fv2bc2nnuv,7,11,0.00013276573179517426
addr_ugz597r48fextmp4t952aubej0iusgr9fqkzt0y5p2,5,10,8.169871863241345e-05
addr_4d6zi5tx9eyzcq6c2h0neihcsvlotb80ng0wxwq9as,7,4,7.078884820503346e-05
addr_6f22rlwkbgu5aueol5eepa1pszsr64csnnobe88opt,7,12,4.3926719619289416e-05
addr_qsyw75drfc2vnnwsq711mecn5f86nvsft7t2bo65hr,6,4,8.689186933799721e-05
addr_w9atlre85xcprhkipfcfwr15do03u31wv96dldo7ed,5,6,6.067673491611563e-05
addr_b92yc03mwrloxzrza9w2bommti1m0vprjgmd5iqauj,6,11,9.062728600217049e-05
addr_wzyo9z0ipwmz8o3ui3rifhqg2zmbyrzccs1yj2v634,5,5,7.046451545199353e-05
addr_ig0pe9xy06ekwdw0i9z79pt2wwhs2h3ynaxdzweu60,7,1,5.137905084135016e-05
addr_7erstcuxo725folig3c5ek2c0hyrzu049fnk85fvr7,4,8,6.18998359875052e-05
addr_1o6aonotgvbksszvvrffavnryjajz6wq5i2jcgo0j9,2,5,4.273533025115978e-05
addr_jx1gskp66s450llycc6jfv0busu89ggxga05v9tjpv,6,8,8.033368148825608e-05
addr_swyxs2sltxztsvn6fps83x6zlim1b4nrchx8x7fscn,7,6,6.071694616507151e-05
addr_736ij4ceqgt5bgayq2509p69kjsaohyejdzu1zjs2b,9,7,0.00010167748748654882
addr_9wvy0an88jjt4os07388g39y20mi1gxg4hz5o0ewff,6,4,8.836721296762206e-05
addr_hispkljo6i2x8l78pnlx1x79ai61xazvedvl0gjl9b,7,6,9.735998709348018e-05
addr_q7bs17ufuu6iyolbszy18tfwxclqc2tyhy9hcjdhog,6,11,0.00013618687088856415
addr_4j11caefjyrqgxe2qi5pwpp03losolnmn8p2scnhm6,9,6,0.00013559409102899297
addr_ijf9y9asatdw7kt906bmb1k7hemupq7djlmyds2hoa,6,6,5.182256765372798e-05
addr_ki6cb20f5id6wzkb6x74b2um7h9ve5rlfwm6mvy5ys,4,2,3.0132341798782435e-05
addr_cm5owiu6yyq1mxuqahqqdqzynrv6jad3e6idtxgaa4,6,14,5.747868315938686e-05
addr_dtu7jkqowyionqmulg4hf8dspeur5la7awatmjxzpr,7,4,6.790939714888693e-05
addr_jyrgj0vv8hjn11o5lkhj649m56vavwr5t9l1otarlz,8,5,9.37551699076221e-05
addr_88qxj3hbenake6wh0532uyvw8u13dfq51hd5vlg9fm,6,11,4.4610880349229586e-05
addr_8v6690ajya5v6y37o7m59wxvyv8ybm5bm2j434d13v,4,8,3.0531075076231185e-05
addr_k8zcbgcate9r9ms3nnyanatkn5ef5g334op7hkb3q6,7,4,9.222635655022902e-05
addr_i6dx2f8w9n38adbgkep2q1l5qch6qxdzks1g567ybq,10,9,0.00016454862547241964
addr_hopq0ux5pgem9iuyz9tos7cuwb3eshhetzxa3sla5g,2,6,3.724792977281386e-05
addr_4q1pnkf4mp62zfopszvrwu5nhtv0zto7lfjql42v5x,6,3,7.420277954644654e-05
addr_5sb00pje1g2dhu19vcz6t16bo5xhm2eq1q4k3nc4fd,6,11,5.1188613028732254e-05
addr_bouxm7b5hi0qy389ftd4pu11qdbc8rirv3p0s6agd2,6,6,7.228507162025785e-05
addr_r2uahhfy6ymthwej236sd5e36ivw5hx2s2mnnufg6h,10,12,8.335509921299506e-05
addr_9tf1zav4gmvo7a6r5806spd8jpfuqhoq78bocoa1o1,7,5,0.00012198689758715146
addr_r8lbiviwwsvjp2vb5tt4hxmk5eutv5pqzql5bc3ogf,8,7,8.941131257669066e-05
addr_zolx9a5p014xg6mk1uk91hsnma4gdrbbov8aq2n5je,4,5,6.366589784406416e-05
addr_thjf1i16bm7eby23kk8xdviae7calv29dx1viwrac7,7,5,8.804387506604663e-05
addr_5fj6fzycb83drv7a8vn08o8tmmrc4ae3fqnibkstrv,5,8,5.389214635734776e-05
addr_06xhd99jg4wtdi33faj5knlk1fjjecfhc4xoeoqnku,7,5,3.297821661694236e-05
addr_ryo7rsvrei0vtch5o1wc55xxs4fed5zykl6r2rrjon,12,5,0.00018230275318245205
addr_hli5l692tulgelw8ivi3rqasd1wcrv68jq12jf4ciw,5,8,4.144576761519623e-05
addr_395o84vdzofyywz3x1fy6xk3dtti49itn1301lleih,4,9,8.205147795041581e-05
addr_q46fo8jnkse7kj7xhdw371sxd04jzfl7mx63hawzrf,6,7,3.839397831286575e-05
addr_kxme38erzrapibtx41hzd9fwqt8cla4rga7gj3uwa0,7,8,6.681442583138181e-05
addr_h6rucks5sboziqlpxa1uaus5vjcvdozl0isuj2c9hp,6,9,7.704223542474499e-05
addr_ffauxquf1m3iv6v9fd3lkqrn3srjrs4gp81cpynwmk,6,10,6.0770786717112296e-05
addr_7wn360bgpoq59m73slz3z72r5i1sok4kj1mnmhcbeo,8,4,0.00010637924610619534
addr_979igvtpifze83lilmx131npj0l7aqvznr5zdbv7eh,11,2,0.000143822884771878
addr_fd0tyqymfbdaa5lv02rnip6zzilztt04018d0t0e3t,6,6,8.815854624799832e-05
addr_ry6yc6cytr9qexlwo1m7nz00yw7trqtcofcb0befwk,4,6,1.8384377363256093e-05
addr_ej8i7ktekatk10pje7kf05b5ng2lryd88tapuslmw6,7,8,0.0001189291987240319
addr_8jtcpterdc8glhqviepvbqiiuntr9xn6it7mqajfmf,13,2,0.0001338209228192103
addr_y3q6ca6uo6twykhk82avdh95iq1wq9zh2qecqfyp8l,5,5,5.3721021268677076e-05
addr_ic4s3tw8df14btok9g4e23tblfobms19xjgck2nkwc,11,5,0.00013688405319786163
addr_osoow1rw7dm90d568o2b0evq3ez4dmcxpdxw69faka,1,5,1.351850629527274e-05
addr_5hwx7q9ed8ip7oud8o6n309gamehqkeywtyljbayw5,13,13,0.00015765795053106885
addr_zxcqnfndoi6rnrq46kuyhbgdfdf7yi4i20miot96eb,11,5,0.00016736093101747307
addr_6f7761xs1cxdcwgk6rzlch2xrnwjhs1f8g0yi0dg95,7,6,0.0001308068849121454
addr_v3lwe79pxpog30jnzobfkrb7r97kcunp8o05gl0qxr,10,13,0.00012269960493245763
addr_v9l660nffrtxs6y04n3ysf3r2vouqr5o1ce7b5yufx,10,8,8.327502363882968e-05
addr_c1x1rpsuidsi04csr0i7ejngfyh74xewna6zug6ego,4,10,0.00010431130380346485
addr_fdjiyfigx33cmur80x80swckc7jqjjnlrqrm3jkt3b,9,3,7.888432131958635e-05
addr_aviuvcnr0axzyzfxr00bialrue731cq9dbt6tnly2y,4,5,3.6947645741286835e-05
addr_591jq5imsru31mgkct3ou889fg2ekmy9te1t3yi3l7,5,7,6.402812925332032e-05
addr_fk33h6z1tgh5hifecvi5rybnmlgn7fzibdmktalydi,8,10,0.00011938228934651351
addr_5iu9kzhfq1600qp6cebwpyzx0rcw3uuauke2cdqvah,8,5,0.00020775534671782685
addr_9un3ocyapwoopeit9zfkle31vv8b675xdomj1a4osh,1,11,2.3317814516269455e-05
addr_wtxjlvbf1iinsm4fshohsv5cvm8tnawvdzv19547kp,7,7,0.00012153614287143254
addr_i9gax0lzg8v956bp30h7b1bcucneg83krpq0yt2a4o,8,5,5.089387845879719e-05
addr_qe94zeo67a24aud0rwowktif0ysmf0hdu3y448okkb,6,4,4.6513451519833194e-05
addr_dewql5yjv14hc6sun9zf3irdkheyj1rmzy84xdy3lz,10,5,0.0001188792100570254
addr_hbrsfrzxbbyg2e8y96v5ul7heurtj8mwtp6rexv1q9,6,4,4.549791334216152e-05
addr_xcnzwq36n99vey9zbne5fhkvqtdgpflplr3aznw2hy,7,7,5.374982380928921e-05
addr_pjljvnkygo3u1xmm1bh3txz1nw8jkd4bs4kut7646p,9,8,8.500910615326695e-05
addr_xas83ckes5cwfziwjotikynf1ssgfjhou409yyr8if,6,7,0.00011912625934476333
addr_64qnihmxrwhuergle2mhvh6s21fav6hbygk165u4ly,16,8,0.00011464771611601359
addr_8fl2wbz8w8a5k8xeh8geqlsreygaadh2ei2op03ksg,6,3,9.054380318432655e-05
addr_9s8zav1kx60y23lzy1iuafyfscmek4h7yztdlslrma,10,7,0.00012584371401265162
addr_6aztikvif25ff090983v5qenhswdf5agirw3y5a292,7,9,0.000101343983187301
addr_otvfyl7s81bst97byurujr5e5dhi5htzpatxh0tvl7,6,5,4.9031721588702085e-05
addr_pamr3rzozy8u2w20wds49ge36s13q6mr1pamcchhu7,10,10,0.00010175296968025405
addr_mdc60c3zg8cgdndrrs3kacyydarclzu5gu62g98827,4,11,2.65633411222811e-05
addr_le53ysguuiyxeo49fpuxhaoyydsr2namqcs7ipdjya,10,9,0.0001542122495897304
addr_4embhwwzd8pffvygevgrjl094qq8xeabvfgpxl961b,3,5,3.8501772977213686e-05
addr_x57mt1xbh73qbzwmvpgocs1dvtx565v9m6jn8f3487,6,7,3.8003200172743766e-05
addr_0zurw6f0cz0t6hw7pscjbm251u59h8ij0a0zr1p7r9,10,8,0.00014987457275068969
addr_2z1sva1lrslhezoo5wfmxnu8n1q3w2trh39gs9yfa9,7,9,8.954974050864025e-05
addr_dmbk1vo95kt4bgndp9sx38r40s6pdjhlmrni1rtewj,9,5,0.00011975407509692243
addr_pt5avsiiavsp8oeqye72g528gqiwikg0c6fx4msa2t,1,8,1.5188736087097846e-05
addr_72gabfit1a2dgcatkwttwh1he96nked2730hpl6jjt,4,5,4.791113873028055e-05
addr_bl75891ab64sqd88yudi2liywe36lt7is7vynlvcml,2,4,3.7885862589718994e-05
addr_65nrha1dw3s5x9iw6f6jxeah26gi0hrvqff3r2v9l2,4,7,3.4436769993816666e-05
addr_whaid6fxu8ow9bwuaome2rn9mvc405abfleuxwf2wv,11,6,0.0001022280609417229
addr_2zsk8kx9dapmamzqrrw4m8aqj60btziy6jvkacudr2,8,5,8.100371931176122e-05
addr_559r9oamfj0rgfnrsdt50sycld3pgmzhddbq5hn4lc,11,6,0.00015047078945552893
addr_jt0x4trles9a3y3lkdpriew8plhuonrlj63s6ticdw,4,8,4.608260093163885e-05
addr_sbx7co5wnzxh88fbzg5h5ipvdf09g1qsyqp48p8wrj,7,7,7.096529487704326e-05
addr_pdw8bqzpsnum8btob17re01iggr6gbdgmep7tb26ix,4,10,4.0603573776051015e-05
addr_ujvcotowcdqxws8fa8asnymw2rtrss2z7ypy4pr8r9,5,6,5.67947545558628e-05
addr_6kkv1mdzxne1a94eh8qjxfueqi01d8q0b51r7dg9xh,6,5,9.870656246891175e-05
addr_avbi7i5hiyz3ju2u2gitobxi9gzkpt8ce7438196oe,5,11,4.8947179577079265e-05
addr_5o9k4evuiwri9i2xz5es8moxruqbx2iwhwl4xmcpz9,5,4,5.920060854941297e-05
addr_yxxtz1v4v5gw0n96cwy6nnwvqd4frawqvghtl9yl6t,4,6,6.824505489094115e-05
addr_87z8rzks77e8q4tuhw755imx3s1zy4davkv5ccjc4a,10,9,0.0001514892963247971
addr_risqj563vzs249brz6dwzr0tzd4efkefep8hin5n9d,6,4,6.718219280333727e-05
addr_hka2n655cxmyloydovmotzmzvg1eych5xw03fkw1bu,8,8,6.879710732536027e-05
addr_em5zakahtp8imypo49br6gs2a5kz7g1uvo93bhp0ma,13,10,0.00023489369242801346
addr_8zd7vun0jwkvhbkeh615kv38yjxbowb5ofil234r0o,3,7,4.5555351643538405e-05
addr_5uh1tmvdaxotmpmt31tkjd4t78k90s4d8zwtyuzdmr,7,7,9.214430736405998e-05
addr_rm2mbez6e2enbx6vicb0l9q42sif9qixr5hmj32gkk,8,10,9.696207775307396e-05
addr_7bmzrr45ed5ggsj6vv8suoc1y5ayyov84fc3xq8va8,6,14,7.370788881272411e-05
addr_aym5q0ouz004w8hlkuw9jzxnoxp22y8dornud3lm3i,6,5,0.00010779550235715938
addr_nvz8328ab5kq0k1bdnk6s6s5cg01xgql16xjpub9mp,11,7,0.00020466203684475564
addr_r2zw3g0oslh3vayevgq0kdaygtlzjq1xrz0ifxaa4o,7,3,5.750498136195621e-05
addr_bswlcef5ityphtkvclndeu7e0y60kb3o3nkf4on4hp,8,6,0.0001336280318644845
addr_2c1l9fj7u08wm20usxw8m0lnk4u6x3hycb0u2imm5v,7,6,9.204545352833346e-05
addr_3rmme7d345ojvzu74n72yk938bz5n293jvjwz1zeaa,9,6,8.42803169505613e-05
addr_xpjtqgkq89m7yiz52gp9o0po05ocsz10okq7rwm261,14,8,0.0001304512556139918
addr_qmxvkv4qo42yfa0i4y8lp30ubejr5lu0na3tggx8e9,6,5,7.070755249359523e-05
addr_6jaeo2neiwseyhphdxx9uhexd638yvualr668so4vr,7,6,6.110654434680854e-05
addr_aeb4kr7sffellw5r5ssxrj9ioryp6y563p373tbo5z,5,6,5.153494209201366e-05
addr_xyggup3134qv963omzbfo7n4nsac9wkfxvks20egys,11,4,0.00019338677981382802
addr_fmo8nc0jc81bk9mr1psluxp2vlj8qslv37m4ilan0q,13,3,0.0001485871260424157
addr_x2r1fqebr3x51ljtqijdbhle3i8glcyfnmdb6jvic9,5,7,8.851350048714897e-05
addr_11xk05u0l2gsg9idjyde8hvj6gkdofoteuoft5qeo9,7,9,7.383158611252263e-05
addr_qmmzxcp9eblbzno7va4c00lhh3tk9q6x5064o2oi2t,5,4,7.108751756168662e-05
addr_2rqxc0w1weqgwrnbyxokqulkocb9dew31xfjnrds17,8,10,7.858266959321495e-05
addr_3awzff1uwoehmjfqb1fslc9oxb49ta0jnphmo8rhqz,5,4,0.0001136860909813903
addr_d39ddtrv2nxfn6yx0d1gjd967896yi1sc6yr1n2h24,5,6,0.00010214007224035688
addr_7cl5ew5hwjo1qsrts4zl6kdvxnf6fm8jbmc64e4o5l,6,6,6.380744430862053e-05
addr_7o0yh7c9h03nz71sbcw3qa3hui3wmvhnzi8hd6d75p,2,4,3.6022811879070654e-05
addr_comxicrly5fchuar0sjs8qilqtdwi0n3qg3pwtksv2,10,4,0.00010407422370789606
addr_6xs25205prx3jnl4gy0u8l7wfalwch2szkjw58j9j6,11,6,0.00011467990879792399
addr_93rzzedwvcndg82fise0oryg55ifbqjuhczm1zma28,9,11,7.920820735431946e-05
addr_ttivksj6lvpxkq9dt14nt4lh9jy06iwpe6hlptjhy3,7,3,9.505000194140822e-05
addr_4949m4e0267wkhap9ygizyyj848kpdk46kzm4bv6nf,6,9,7.013398155658364e-05
addr_8y21j1k7bwyu0c57z169wowteu8vr6q46qn7pcwc3k,3,5,3.479919353790559e-05
addr_gg3ehbpo3ytj52xplw1775dn4guq8w2k84zu6jd1so,9,7,8.234824599313299e-05
addr_2klot81xqtpbht3ax5672ca2e3c88dzlldnzefsqqa,8,5,6.33387522977764e-05
addr_125x0uk5s1g3myqpkn0ys3aidwbqi6us8wulpy2t9b,8,5,7.773436892171876e-05
addr_gwqhlqgywjok7umld7a2i3fuysy7zn6aembjdup62t,2,7,4.486900314770897e-05
addr_nr28ubhj84b33acfcrat938inovxxvyanwd8ywsru7,9,9,8.988988391754817e-05
addr_lgzpjc57q2vcb93ukwq797tcsbz2voh2wkjlffdrxj,6,1,9.431180251642237e-05
addr_j2vd4baixah4mqvcc8p7tilrss4z0xq571dz11axuz,6,9,9.9455760011318e-05
addr_aejp0hp9icaswux8qd8qmg6i1aqxtk2ky68d5bqnw5,6,11,7.66420443524583e-05
addr_feyhjhw3mfyklf2p0qd9gkltmgdlfg5xc6rce3kbir,7,6,0.00011633039686589112
addr_cbfmjr9jzuqbkaytzly0o8a7043ztcvb18a6bx9wzg,7,7,0.00010836791033744934
addr_8l1f6f7byx32awoc9s6rugvzq7vdc2r5d24zz01zvl,11,7,0.00016975402614385896
addr_wz9j8y87jgm09ph7gy1jsantki4uew9jd9eo1jhpwg,7,7,0.00011711913122331241
addr_8m3c4l21dgj02y9i69me321lylty4h8jn99t0iem6z,1,8,2.3662473315073405e-05
addr_jd482alyi8qipc8pkwxgybqzfn0emrnswpi95sfet6,4,3,3.871800992589982e-05
addr_3pogt8fann2toiw3vc8hd5zpxpjmzb0z258wii7t9b,3,8,4.661356148515889e-05
addr_52xqu57mwuxyohsg2vxsp0jxk61957eqkv2pnu4imk,10,7,0.00010842804558077856
addr_xacp5ig0gk6pmgllrujhlvtfa2tg01dl1hb38gpd74,6,7,7.153801327842342e-05
addr_1qn98vcsduu6fa4skmv45hcttz4ko3sdgu6sx82usq,8,9,7.967653461680443e-05
addr_06lbrhlvo2y93fm348ni747x202vmbmp050orneee0,8,8,7.462583767780952e-05
addr_7dv1hkjocxqdqim24ebrouhmijxnoq3zks4ue65d3d,3,11,4.9619868454509865e-05
addr_96nwh5kg1fwsry22dp2du84qzudxwtfz4mu7smjoz6,10,9,7.628741204488657e-05
addr_16kdqnhbiouijfyay7m8ai3c4beafkcumfgdy6dnx4,6,1,5.915492562702265e-05
addr_xelg3eur3mkjl9jcecab32chfxuqau2uegdm4f6pk1,4,5,0.00015936286270757448
addr_k9jx42eh0qbvrpagtgiolf63ya2kylj1j2pemklmdh,8,5,0.00011581749643900306
addr_sewaf03gnq9f0xod2ss7qrlfst9vs2yov1vhjbynrf,11,4,0.00018622670052417835
addr_a4ffshf5l3x37f8be5r7a7c7hnu49ghgffgn0g4sca,8,6,6.434053560252575e-05
addr_cbaybh9y16wdqdu4c2zh8xlpyk3qw549ggzikf0wvh,9,7,9.544062360801442e-05
addr_j328azgttmpxu2tq408a9lwfttxjn2a4q9cd58eadj,5,7,4.179419365393247e-05
addr_o0bl7gxw3u45l8b9gokh38jb6xtzozh7gxxngv3vho,7,8,7.585312610713815e-05
addr_cmc9djp4wm2eter3iwmwg740eofeqa7fqrv96sk0qh,9,11,8.364043036254467e-05
addr_9u16kq8n3qdm2kon8u3hpnic9e82n39ecrprrfoi0h,8,4,7.987608892964036e-05
addr_2oaauuef7ckraalxdcfn95deujmrwkqdi875hp2oqn,5,2,7.958114155354286e-05
addr_kv4vv0asm94170rzerr79691gqh1sfpjut9zdp6chc,9,6,9.676911327303092e-05
addr_usxvkai9b8m875eqo23txkb66avylaerx0cmp3uejx,8,8,0.0001144569497744376
addr_ah2kt9a29zzan40yeh5zxrtr2op9yi4fphjb5jt5rf,7,5,5.894823995396706e-05
addr_h6wy7zyi15v4lgprypr4pjym8q7ep8saeb6vud1hm7,6,7,4.7496698910868444e-05
addr_5ioivnybokmy5tujun9iwfyea6t6ppyxr8p3b6o3z3,11,5,0.00011187816812763508
addr_r94xyh3w080k9l1bsl7plign8rycmoh5ya0hi02ai1,7,6,6.700538718988871e-05
addr_k69cdotvoiwatx5jtbkyr06o6atby76sw1yk83gsgc,7,5,0.00013630794743832594
addr_8pinxuqv1ddfaiymnsjx6ajrtbk4q4axia9lmhh8or,3,11,6.523606986608243e-05
addr_8lydumyvfm8zzuid2rgp9x4g5m280a5bqo7wsvi2wv,13,4,9.021675161963286e-05
addr_slohxi7n35n2ek2j8biwnmd0h28n5yipnsqzi41ptj,6,5,5.805049316481621e-05
addr_lkyn0bu8hrav85886d6iwkvytndjjo9nifmpeoso1f,7,6,0.0001177143953392248
addr_oxhp6fsfyv2tzhx4y3dvl9jkez8f3e7hr4eaflduwk,5,6,3.3572975186860466e-05
addr_w9ieer6rotwfox97dwu1jv3n53zbg3w7im2qs27izn,9,3,9.873827619056776e-05
addr_f556iiyxyz72xth5jnlflgttlj0xhc4iqfjugsbcjx,7,3,8.34487729668405e-05
addr_6znz0agr588sqylkzc99nsl742rym6ju708ydr0mov,6,6,8.950493072962709e-05
addr_l1fno4nk4erqsao6mbypp3f39vhcf3xtiuv21plenv,5,12,0.00013519302320752396
addr_o5sdb6plj4mzx6fuufbsubn5btkr4a3oh12ujivblq,9,6,0.0001035220505879792
addr_4x7hn5txko8k2avb7ra68tbfh38mx6m4gawzc2byde,5,8,3.943834592971162e-05
addr_k63jlzgp7pnf22nuzcjdqwwaz09bipfx1llkolf2kk,5,4,0.00011937026408243516
addr_ji1bnh7enq4utq0myuujg1cqxmldxepbd9cbffdtp6,10,8,0.00010832814372739195
addr_e64wiblj0ogkw62ep8d2hzb7iudxz93xodmksguddx,8,7,0.0001432480187081533
addr_auya202in6wlmml2t8jeny7ahjh4bt5d2vgsdgixdi,10,7,0.00017354310443656933
addr_8nscuqdaz3r5cmhvmfu3znj295590j1xzs15w02w3v,8,11,0.00010865653627617014
addr_5f6s7pfrpf6tn0tobe8pen4crlxewegl2uoozc3mmt,10,4,0.0001248763353490406
addr_c23u2g3rxokpi1tsqacbslyfay0xa0rk8cjre5c5jo,8,2,0.0001249369718682891
addr_mgvu4isotn9uzeryf0992qc6dr08cw2lbm2qsq0p82,5,16,5.496527446456655e-05
addr_15stws3qs7iox60qaub4eyty93vrlad1dis5pfixic,6,8,6.746250082037774e-05
addr_utl87c7ezrx1ja0dcsbe030wpsg9d93o7xjjo7qke0,1,7,2.9929576794931104e-05
addr_neae667zq5irekcihh6du8mc114xkixv3pgde0dg5d,9,6,5.703925385951118e-05
addr_f9o9jpkgtvg8lm329mre6hs9pxrm38a8qdsbvwms7a,6,5,8.042779037632401e-05
addr_h4soq5ihxzm4njkxjp9ygstx9l27yfu12hclyrjdhu,13,4,0.00025453593913822743
addr_x023fvfvc5tyto4mvhdpbsgkrw8ketikbnpy7n46yw,5,6,5.8452606011532814e-05
addr_t8bp2wpmr5mqburrbbbli65ayyzh94ehimtguh8r2n,3,4,5.715353155897645e-05
addr_u7zkl2hxb7hpga2qs1za1gees6qsx6kx0wj3fknuc4,4,4,6.410756219417174e-05
addr_slr14szek9eetdug77wl5gu38kxztikqd4x8jbryhs,7,14,5.790041389914526e-05
addr_ngmmhs0oooo43mnh0323v5zy730w3hp6a1ictxae3f,5,9,0.00016154748001017254
addr_63cdrk2m0d80629yvdtv05j299nt5heae5scd25von,12,4,0.00015422425582067186
addr_samou0ihpst47jhg57nk5mwmtqw1ocraqcvaytea04,5,10,8.386825110393944e-05
addr_omfdmxqqf4syas62z6ujw6pye20br3m135ykmutxzm,5,5,3.781732182685149e-05
addr_pbpfiro1zg8gw6lkiqj02guqt6vejgvyjed33daiam,9,5,6.157626895408845e-05
addr_eji16p3vfwwhdyrlzqodxc2ow40za3ejuta8ds2ubt,10,7,9.767589127038606e-05
addr_vycs44phh62myz9vlu8wpfq2bhaiiwi08l0hg9ncbe,8,13,9.512751761389014e-05
addr_kxcd0prss6y13hzvy4v3h3hogv0t370yypctnjbso3,8,11,0.0001400447078069866
addr_bp7po9stutgj1n8iftkf7ugliubsyfb8cx9xscnkl4,5,13,7.129029387522484e-05
addr_xzx696tuvqf8jicgiwaluv79vl8nzoxvxpx6yfzbvu,8,7,0.00010293949828535468
addr_kplpmv3gpatp7c9phcf4wgq8g9p6d5jadfy056z99e,8,7,8.580716767423004e-05
addr_jpvrt575qt1b9e0v26umt02ebfz0yld52vb724ippz,13,15,0.0001716478344030006
addr_u5eg9lkd3sjm85jw3ambjbpvhq8rs10rsfljnlagns,6,7,8.268625529440733e-05
addr_jmtxidxt1jkbsfdfjkak81vth3np5zeiccrmxj9nmv,3,8,5.169198359422946e-05
addr_sf79i83hsb5nlrfxirur87e8ftg1a4gj3tibi2p96t,3,5,2.966702049455546e-05
addr_yaltlfy0gogyv9uttbwit4pwo85ybp75p3u56gzz7s,8,6,0.00013594659630536909
addr_5yi253och4ksyh71w8run7pr39ax5zwf6kicsymnt3,5,6,5.222794348761291e-05
addr_fphwjx3moshgcln8nzbbn7nacewta5hyvuq99ygc67,8,8,0.00011205468192348973
addr_tmy0vkh39x1xcg0hdar383jwvsz5tnera23u7oub72,10,14,9.012897323593503e-05
addr_27yh6uamwjpiwujt4ftlh33hw8d09jrd4hqfghdilu,10,4,0.00011285978665619306
addr_2062ulymjdw1end8i1nseew6ylmkzx13ps7aos6rsx,8,7,8.704814686546613e-05
addr_0xkiu0cd0fex4l9ufei08zmbjmk6agxuqqdvm54lyc,6,7,5.195877264113905e-05
addr_q4omgffgt75c74zi2u8y4ljkemhdawdo7vkwi75hwg,5,10,4.03157715285128e-05
addr_trykxen23qd92tfjcbbr6labghu9qa3brvb1he4n78,7,6,0.00010010964183620135
addr_skv1vq6h0sgs35sqn1xa9r0uaprj27931odc81hwjo,8,7,0.00011758420393569189
addr_ijqn6c4w713qnvy4h03b27lak0pntkluuj7kex5dev,6,8,0.00013062435300973145
addr_xqyp9ttvdnong1woc1jbbbjkm4e4q2onawar7gc2ef,2,9,3.907125659466831e-05
addr_h7dvl3v2tqt03yu5nxr50i2gqj94a5xtp8wvplpw9a,4,5,4.209291156953962e-05
addr_8m6e8xyh3ogdb7w61nobr6qsm7iepr6lw541b1yehd,8,7,8.534551738213706e-05
addr_1ofp2s3s4f96h6i6bsnkezchbjih7bx1h9wod63w1f,6,10,5.946159945233413e-05
addr_x149fu97ds8hgs0v5i9pbuqkhppaglqcj2oqz3wkji,10,12,0.00012000650656790259
addr_nrdvp5tuz69ctfad6i8p28bt7irv1qyxw0cmswglks,6,5,6.64618292769805e-05
addr_p7g3cjveto4rvw46hxuu5dsc27eptcwfyy7zjgr9ws,9,6,0.00014129993601155478
addr_7yxmrasy6joleohtjfj32dcihhnouykypu1ejayllw,7,6,0.0001386315270685288
addr_a4z8ljms8ta2i3ud1ozflrb70b2otb5mv3v3t1wm1y,4,8,4.823897844341968e-05
addr_3o0676ekzfobk3xo6ppwhdz10156z4zoifc7elkyho,12,5,0.00012015297198216268
addr_asgz49xg23k83n2fsvgwytwxns740yl0tqvxbtnkf1,3,6,3.594611534050982e-05
addr_i8anbijou3egnys1zbencnsyndubzlfzxqw66ht96x,3,12,3.88283527040926e-05
addr_qk7lw80laez8effey4f9efvljysfdcag130quocqip,10,6,8.285345157192205e-05
addr_cajgjv9uptlz1dmnemizh7duck8jr3osvfbl3xg6fb,11,6,0.00014593428429231323
addr_ynf32gpy1jijbfeum63evgnfjj971xulbe6ujmflfb,7,6,0.00011433238342704638
addr_uhf9mh1ehpihq4y5sucw4k6mb898yxmjdia6z5enoc,13,6,0.00021776897470222414
addr_ebvhu35fc3f8h2l9bafxi0f6jkknh2nh1rjidt2obc,7,3,5.307675025819808e-05
addr_myzz18ee61yqhb5323kzrd9k9w1asgloxxiymy8ib6,10,6,9.571725793976986e-05
addr_8t6eqjyqp31q25ursr0stp895srzw9q7u2akn4w9l6,7,6,0.00015763055828549584
addr_6g3c6jclb7j0zvyvzeyb6dgzbkn6kzg274m1f4l7do,6,10,6.857278488862377e-05
addr_2c3e39k596530bxlelbih04ucss7znvrhpjjewp0cz,6,8,8.052634869540595e-05
addr_a3zupaib6en9g9vtm1olbi6ewx88ysh6y3cbd35xk9,10,7,8.168941394941156e-05
addr_xcw50ix8ig4ovd3432jwlf87ra4fhr9gqjlm6snobj,6,3,7.520361596297841e-05
addr_vsojrpp7r93fezez5ehr07n8voeubfn9kr2fvb66h3,9,14,0.00013127584017453572
addr_eh1vr1necqoroi5j8yit2kodwh8n92tp6qaq3k8a7r,7,12,5.779702283157598e-05
addr_9nufhn5ylra9pay1t5g72mf4srn6m6xk7ox4roylqf,9,8,0.00012922534173875007
addr_3cuk52cg99l349dq1gt7dht8d61098cjnjz9g6dvnq,3,8,1.6762662783758028e-05
addr_9jp50eozorxvjm171k1ym2j9nvtnic487bxk1sr8cp,12,6,8.007591155063362e-05
addr_t8ueucn1ustdxc1yrgrzwq60du7u4z80uvg7kembp1,9,8,8.770331390818658e-05
addr_1b6y1p0vtyoibzr2lm2fd4xfh3mrcbwg1emwn81h4l,10,4,0.00013577643657620566
addr_4890sk4h1k1gjvdsa9zy0xmdtev0hscz211jdyh06e,11,8,9.803637119061313e-05
addr_lamvz2aydtdfmu1n3exw9s52lgot78xlqnsnwjc4p7,6,10,6.0110683000227134e-05
addr_kvqywj85gg0v5dtaegry58vrw9myyokeaea84hxxpw,6,13,7.134270155307374e-05
addr_hjhka2z928svy5djihcs056unv3t0mvnmw8qfq310t,4,5,3.595511814552425e-05
addr_y6j0hay285itosmt0vjya1k13dvynzckraa2270rge,3,8,6.791578863259356e-05
addr_bi6x7pa51pynnt0m3gvglswtv45efmtbzxkbdmru8z,8,5,6.352557255156936e-05
addr_owgbk3kjo30z01eksqlesh90a1itye3e49p37rrbsw,5,8,6.391124077524713e-05
addr_xi3ichodwvzp0j36r2wxujeishxf7humknlpjwksdv,6,11,6.665097227119467e-05
addr_ki9yaqqvebu45h059jsvezh0vy4t0lb11sbtdzjmrt,7,9,8.288568027998769e-05
addr_9ci77k4v7k0lmcakhden2esqp278wdw4a3pbsmj9x1,10,8,0.00010440580863499717
addr_djydjn5tqec6bmw0lmrsw9ivj11c149emp3cfze3cr,2,8,2.005667999965118e-05
addr_gp4y9zbuesgjy3f98t9vs1wha8lo1bxmagq526ujik,6,6,7.05707086618757e-05
addr_9uhdg34ama0bh2nbw3gppcoglp5yxa23fqy8duqfal,4,7,2.6476981425029477e-05
addr_mq374853xc486dx2flkdocyxnvqoj30pjl5vrcam8m,7,11,5.874030235542677e-05
addr_37mhfweta8u3ref6h2mido93qwo95n43xquhgcmuv9,12,7,0.0001705350726068973
addr_322xwdb0014pi30pgnh1425ld9e93n27f96xbeurz4,9,8,9.21888112543817e-05
addr_jlkb7a8rdgis0ed55vxaq0u8qyii91wo9wa127rsdi,7,10,7.31606777878359e-05
addr_iv5z8a525r6ai3zkr2wasouopig3d0te59wba4axkt,7,4,0.00013814273933789587
addr_qxv4zk0r4od6d8rzj3g7mdhzavhmll7eno2mdonjza,4,7,2.9653489200785785e-05
addr_hg8635mvnmcbcqz91vhsgzq6m0mjemkpc1stduzaxh,8,4,0.00013644058734568035
addr_yvetn2qavjd3ttet59rm7v9t3wybpymrt3dltd24b4,10,8,7.528474904212445e-05
addr_z1eazswvai7bv5qyfd0icnalqb34m9d6alxf15jh9e,7,8,8.248070850352192e-05
addr_89dlbnp7hpte6dpw95mhgxolpflw1lh0n2o7j29vrp,4,10,4.554204032290971e-05
addr_dseuwium9repmrzsi3hsaxzz61u9c6utrluj748iwr,5,8,3.4211308587453464e-05
addr_vl4kydk0q27x2pywj07ix0ajzu8qxzbk2svs4uv2y8,5,12,9.482317640058354e-05
addr_5s5zyeouibfetihg1prq0snv38qa7jmoscw6ijpdbk,3,9,5.1807246270513186e-05
addr_xwio9t6fszdndbvw2i2y4sjpljnco5a2ojrz7qlg93,6,7,9.436567487183879e-05
addr_5jxnr3empudbvakxaqzxubxqx6d8uvl1jfoewzej0v,6,4,6.779480032082476e-05
addr_46nhkrpgm4dfs9sc5jtqd2aezpeepjj5qrwuarrxf8,4,7,0.00016507331984355148
addr_gcyy2f12j2qknv34ntp7gpg9le07ozs7iocus4rjyy,3,4,3.12002911240016e-05
addr_cfqax6jh0vo3yuk0o69j0xbzyxpir3ue97qe8u11lm,5,7,7.918478320388797e-05
addr_g7fzf19f34u11jxm2lrpvpuw20t2x0qpiwka80hmi4,6,6,5.4478480689128403e-05
addr_42q5imlx6vym6qgovuolafsjwccwwjabxxwnrsnimu,4,10,5.906260349614795e-05
addr_cfz64fby6jiz83et7avhggho02m99dr64hasnbxigu,5,8,3.917088480657035e-05
addr_vmefoztp7bd4w1aragdx5o31yhxso7vbgr8w2maiet,8,16,6.680204770065074e-05
addr_6bzedz087namm5pf2xdakqkpz6f8qi70ewecbkrfeu,5,6,8.712159453557622e-05
addr_177uvvw2a5ot9nfck70ff8bay0xofzdvgm9rv5uk6x,5,10,7.109373163438503e-05
addr_cgufgap5id6lgnjkvohwkqx462awog7thxug03li4r,9,5,8.042029719704239e-05
addr_pim9xf4kep2wul1e63ej3hxac5utmmnmse6a7kayph,11,11,0.00011611304524271516
addr_epooctqgfazc3tyuljx6h796cz97gx18ag0dnb5l3h,5,9,6.404055172813704e-05
addr_01hoskdo083wu1g2pawhyaedlbgq304db8nv78h3i0,14,6,0.00013676307600112448
addr_815tl4lqjlax56vjjrwykori1km41ql7j5fy4goy95,10,8,0.00012841410627853624
addr_y50g4ljhu4sryrwx35fjvw54rzysv2fnl3vpm9nyuj,10,4,0.00012901795207719759
addr_aym9q11zod9gevguk1zg8isz514giu5dsjnctftt7i,6,15,0.00010541006133785791
addr_c787l75pqnadfq8799a5mu2hjvo3pt8itb72zc5lv7,8,10,5.287972940180632e-05
addr_7a8ftegavjbs6e9qyrko0z8hm3dgqc5yald710q6fc,5,9,5.542315010576781e-05
addr_1dyqg10ncgol5j1fmrip4lkfretu4buuurxd72133f,8,5,0.00010551284943182241
addr_zg9bekgi8d9l9xg28mdvwwfcce9f1a2wyhb3pjb8ze,9,9,9.405416583980384e-05
addr_3bawsy4g4hwewd0ljad6ksd56n9a4l1jbhinaws8sy,5,8,4.450548121187579e-05
addr_e4td3mnqxpusy04whxohpp3d09c9yjmwbgpxe4dv39,10,8,7.36659383718836e-05
addr_ajvf9i60k23z2y3c0eq4aw8jhe5s517dxj17x6xda7,8,4,9.59998311197274e-05
addr_nmg3358053pwu7rjo4lan9s72pu780hmqf0avo8ha3,4,3,6.222983803582276e-05
addr_5pvxswez2t61ff7tx3u2r1wnfuzwvc0y185olwb921,15,7,0.0002132105289805536
addr_g8kp1j790486os7kfseqh11k53grvxjryqjqscan30,9,9,0.00013198975895531323
addr_8vy6fk45dg2msdbtm3bzebz88iyj9ozgrc2y7n9pcd,15,8,0.0001540900272832046
addr_05xygluyl25au1xpl1sfj21pu24giwvvh9jzpvnjr2,2,14,2.255926539343985e-05
addr_7w8fmzzxgo190o05gisnxilu27hw9e0ak2spafvwa3,7,10,7.829908187800496e-05
addr_2zot2w3zmmw5edin0oe2df2crdmnej84a5dze1wxsf,7,5,6.94609610213045e-05
addr_clef373m9luwkvyac6lbhcazkmfnwr33kaent3i45h,1,9,8.355806902638559e-05
addr_kyyqwz4dudd5tq09r5x28o1ibr1zyqfuwqx17mjsjx,4,5,3.055514100840103e-05
addr_060lwlc2j08ltnqkdp9zo9fikel1v80ijapp7vlsdy,4,13,5.5671427355377244e-05
addr_5txm8vxz9n4235a4setaiszke5qh4eqvqqcxjjs9h5,8,9,8.015743472788951e-05
addr_dmxn5zju9r9dz68jgg82p85e3ix304i1m0204jxwzi,6,7,0.0001048387322392455
addr_zmm2jcyugwxcr1m4u55ojzongckfzylxwhj4iohpl1,7,11,0.00011108783998407264
addr_z60lw0rvhmb614yuyz65y9m89odqmiffu8fu7x3bjx,6,10,4.5090162320051874e-05
addr_2k7r2gnkt7legv9wadgi8ya7duqi8uuk5vpax4467q,8,5,0.00012131323360814216
addr_57h6e4atusamhpbyfegq8q28h1dmyibmw50dw18yyq,8,9,7.834533018340076e-05
addr_82mopzp01neiwix1iaxq0efql5m5py15am31w2w4su,8,4,0.00011210193076922414
addr_uzqlk4vzvpd92txj4gdhaa3w54myr26f15fuqpl5a8,6,6,0.00013645630005299666
addr_3jxddgtol3el28fxtsv00dcrv7utj1w68b668mbdzp,11,7,0.00011615277035911069
addr_y1g24whnpr5c8evrbcrevohk7h09bctb8z5nicmle1,5,13,5.2309173525213875e-05
addr_hi9ed8s08u1wi1u79wkr6lsqmi67egwbhuyvxp9904,8,6,6.208092290052867e-05
addr_y5qqqvelvdxm477m9oq96ndjdtlt6098btxmu00ug1,12,13,0.00014170179219610254
addr_3lmxvqa3kdqcrlr01bqavv0el1kamn9xbn26kyu7lj,6,7,6.779552370902651e-05
addr_775hl3rpwp6v4qsns3l57plwuwwjuumb9nc89bazhi,5,6,5.56065868718054e-05
addr_d8jvx7wkaefjcxbu2z4srhmuusqs2eul8etmd4v8gw,4,7,4.332484641678664e-05
addr_f9so7wqbuv530cv89l6unbvqew0270lnd2drdd24yk,8,8,6.479367612616759e-05
addr_llh1v6tzelqu9mf1q9f2qrul7l4c430u65y0ogbqks,10,6,0.00014224126629119998
addr_0dyd09yx1m7bcbrp04ugon8fysv5oq1ucyx7wlqm0d,4,8,8.242754687786193e-05
addr_jom3dln1iiwyvmxt9dib835vb4t8pptimdxas6kevn,9,6,8.671510081568575e-05
addr_11mvzhh4kiwriqrpwfhfvvnkicp2f8qa1rpm8uh17j,13,9,0.0001672437680639326
addr_ql331h2lapfp8jyjf1v9ohatw1ypjo4fgtuc7muxyr,6,3,8.006406940307576e-05
addr_uv3g8z982z91nsib2r2ojtvtq7a2sxfx3bszbww5hq,4,12,3.834002345062389e-05
addr_0difz8fs1zf9g4lmrvifnz84eukm587rseh9dwic42,10,10,0.00014618010318896785
addr_2h5s9ryddjyx60bzndyhdo3lepm8zhnkxs3jdh1knj,4,10,8.960281341056521e-05
addr_ixt0reeagc4vobe5ibu453pwyel50hics6znhhq91s,5,9,9.962606139861698e-05
addr_vujd8jzk36aw547n0awixjq4w9bfdvy0ec7th7ijlq,7,6,5.861702885769439e-05
addr_eqlp9yytjas3pqnmj5adipdbwl3gl2ccohykqav6zc,7,7,7.438201667727104e-05
addr_agr0lntiy0k6q0d4m4rwfejht7u866mrbi9ut61ok0,6,4,5.985194141276338e-05
addr_go6zhdqaibhyhhx2x5daok3fpt55hty6xngdj56utd,6,4,4.69281390733307e-05
addr_onsw1jxq7x286logyy90b3ow18b6z4nak1u9o4fzmb,5,9,6.94442064034049e-05
addr_czit3kq56z59g000jjr97vn266j4bn5d1dj9kh3s6d,7,10,7.931593927581778e-05
addr_bvpmlgsgb29murhxh17oo9qk08ox0pw48jn4wjmev8,5,4,5.124100796340318e-05
addr_ci248f3vkog1011he9wieeo9h5ihjqcyypq7a4frv1,7,12,8.525904593374802e-05
addr_edbw72l8wn103frbw0995abz76nq0ruxetvffrfflr,9,3,8.570988246511601e-05
addr_iew6or6xn6lcpy9npgird4jpdt12sba62tdo1dfsts,7,8,9.64878639461935e-05
addr_nqziq63kltnu9hi66y5pz5a1ig6m0mpyvnrgs7pkm1,8,7,0.00011826887339060534
addr_0zbrtnbrzm4fo49nsemogwf9dujc4rb4asfrvl32du,8,5,0.00014990863436388567
addr_dviue7m6jhpijg6d0b684pjz19fkx0jjhj988qd2hs,8,5,7.68064467338312e-05
addr_psc8u84z96w0lua2kwm3a2nc1ubq7b4rohhoy3scyl,6,6,6.549755153040875e-05
addr_u7c1a7yj8hqde7m7h6oq7qh96ycfnhp39lqt9ngq6t,6,9,7.758558959827027e-05
addr_0r3i9hukp6jr07h0ums48iw5xnqdz98jhe17o7pnud,8,8,0.00010870014639257521
addr_qts2yo0568jzlpnc4bi6yoxb3dx8iork8lazv7fh8n,7,5,4.498144090374713e-05
addr_i7zdrelbohlro3x8riirfli1vrb9qer8xxpeh2n592,10,8,8.584858536051316e-05
addr_4u5w9ozkpm652p4p75t5z6m9cd2lnljl5otq2l26o2,9,7,0.0001065212706146247
addr_9yu790xww3i10qs1o4dtqtajtk0hi9y9l9pwul3vz6,6,10,8.688858566767865e-05
addr_2iqvf594yg0vx2trh0524nii4z1ww2hmymyaifkdo8,7,4,8.791057507442449e-05
addr_cpt8z1q84qnx00j3ffo0um25eebztd366vzjbpxubo,6,11,4.1461243073748245e-05
addr_36jf3f6jubknu133gy1mwmsos8j24tjmjiq34xgohm,7,6,8.743578441661495e-05
addr_7sz7hoxau5gw7uui8vpadx2fo9wuef555x1ty9xnsa,5,8,5.1190704874843e-05
addr_ul0hbblfc4kygxjhwop52qkg8aifpmg9kptch81qda,5,6,7.560414815326543e-05
addr_z3biz8udfkizynztz98932uijsu9oyqvj5nku96xr3,7,8,6.148289339050597e-05
addr_8ozcywd14ve92mpnsm43d8w3zp08j3trp0j43d5iqv,6,16,0.00013994901661174502
addr_ju08hoh3csjdb6r470vx2zm70s87mf4htap7s3f1qb,3,2,6.899096753551838e-05
addr_rs34t4iiwqnc68amlv9f10jj56yeqj1wss82f3nlnf,5,5,5.39194668017695e-05
addr_nk2zrl8y5vb9ylkm2xbhbf0in5urn9h5a7havssltx,4,5,6.985509086637236e-05
addr_6sd4h4zx5bt8zeh3rprgygo2ype4cwsjb4lvcrfmks,9,4,0.0001296142968123475
addr_ia9pajd60vq2q6yhabg098f56nscuiechzsw6co55a,7,12,5.891933852512698e-05
addr_ojv78auqgmoht3e5rrv132ea747uuwgvt3mrntiwh1,5,9,3.314531496354063e-05
addr_lx2u6yjzxyvgsvhtxusdznzgblqk6gkjfu4dsgmcfo,4,6,9.503660227046686e-05
addr_xzncdeeix6u3yw4wm0gixdroe9ss4fcq4xcyrbrjeh,9,10,0.00012528520615322415
addr_vvmoh7hqnd2m93dfe4im6qk00hii8472qdbg8svl03,5,8,5.822160590821828e-05
addr_q30dkq6c992klhtb85wea1vrx2cm5hs1a4zwdvhs2a,11,12,9.547267674110442e-05
addr_8d0mzhrupflfcywe3dks4f6apfxi5n53egdd8mwe77,6,19,5.3434197152449894e-05
addr_yrbvkupm7zgq0btg9kk3ixqfftb3m3bnkvqn1lnum7,9,5,0.00010793145919724835
addr_y06zutxwb6q0h740z709mxjai8gbq8n79j51rp3jgi,10,5,0.00015216584706912614
addr_9oifdztitmfqlqtxsfdcqtbbd46fnernmcpnypc3mz,6,5,6.162586476556284e-05
addr_duuc90vsb4dk0wr7syd6d28n2qopz8oge18x2kbbb1,6,13,5.365331924712274e-05
addr_w4jqz1ph40dpmxwobyezwgyf3bl99lwg4di2kv00i3,5,6,7.531078327983036e-05
addr_q8vdp5zxkb68wqrlnw20mre8almtbvt1rk7f65re6r,4,5,3.206750184800055e-05
addr_n16j7hlw19prasljuaqe5t2grial33dhak6exiunb1,3,8,5.178795299756916e-05
addr_z1htpjx6qmecrixjiey5mp41ocxkmzebgi1ibcdgmp,6,6,3.469373991311735e-05
addr_ix9ny78s3gxi3q2j48gkae13n29gxyqrijrpfotdwt,8,6,9.302624015712424e-05
addr_dgnaa9s1yb6yvculahktfc2r3moy1hi16248ckbnv1,10,5,0.00011213190511090781
addr_n1rop3djnqephdcpy7j9p436dw9tb5plgy7oqnex4o,5,1,4.4364952433410206e-05
addr_9ftbfaugzdex84om77g1w8lvrl2qe5vvsuitkonksy,8,6,9.757429066942948e-05
addr_6f4q7otxs8vbb0adgs8uv6bajy7339sskksvg9ofb2,5,4,6.647681921009023e-05
addr_y0rwei2mrz51246nqmg7br25hv3ya9mq111fat6fmo,6,2,0.00011347114081780831
addr_aqh4hrq2kf8m8xyef9sh1vj7co69ekinpzem3u2agd,7,7,8.550796192408042e-05
addr_4xcqr5uwkyk2c6es3ugp6153i19njsoo0bf0u16riv,11,5,8.77370382303205e-05
addr_dyvjbafgfwkpsp59d59nejnetcjqu9g6522ngrbrjx,12,5,0.00012679699048017217
addr_z36dcvnyphbsq1iu7r3371z5qseti9fwp66gk4rwfy,10,10,0.00013633254248786002
addr_90eqeihuo63wedplhrtc7i85h6yydcm3t19lf6hpky,6,12,6.509065936370338e-05
addr_qwzwoytjdzc8jqmh05urn6jvb3m8mxoklzii6dxryf,6,3,7.02352952165245e-05
addr_1hadrpu6egahmnd4zk0laymxnwbh93qf2kpej6admq,7,7,8.274697845952899e-05
addr_4ajmmuzuqed0gv812hnc0i4x6g1ebzgflig5gkzjru,7,10,0.00010503262300542799
addr_g7qsodmx0rdt5nhxf4t8ma1024rv3nsxof6t6weggh,8,10,0.000123959866663747
addr_jw1rd1bi9vtkj0fdgff6u8tlbldi7fi5xbuw4rfyzv,4,5,5.1656468350021256e-05
addr_jc5h9k6yfw90xo0nh52h6jykav4hk40muisigxoxek,7,4,4.489278073152095e-05
addr_lns22n76od6j412pe3zh459208qdubysvio9ocpp8o,6,10,4.199246406529956e-05
addr_auwh44mv6t2o7eqwkyxide9ut0clb9200j9n84eyyf,8,15,0.00010567136844352635
addr_w3jgeqe5158oqesux9l0ijkcu5x0hc8cah3gdhvs41,4,15,5.793928134204954e-05
addr_46d8s0shoiul2vsnr8815xos8n6n1m2p4v566wn46j,10,6,0.0001104295156451621
addr_lo57pm2kskgbmje9hh5gy1qx2bgq7lkg86d7gi980t,5,8,7.51451755047601e-05
addr_2jj8y2dclx7l9y70cq6w6p75t8sdfejji7eyuxl71m,8,13,7.605720213619655e-05
addr_bre9hoa3t5nccihw6irftr3zg5z59yrbo0dec9okt8,6,9,6.0788718949776945e-05
addr_dd39utj5oi4382htol9lumt24psy131cvupwtu40av,14,5,0.00018756741235923313
addr_rjr7f15355vpwebvwh6ceyjaahj9lsdsqg3mcqs8mh,9,7,8.326664774676112e-05
addr_uclhq2eaesqaxmvw0nhjla9a1n3irw50lmbvsqoi2j,8,8,8.318658551961439e-05
addr_0uhzvksrbrykzdnzkhqfu9vk6ouqo0mrl8qyu9iaua,7,7,8.491974152997346e-05
addr_9hpp30hd5lir16jucqcd5qv27f23ovq55eiafc9knv,6,1,5.279513682106915e-05
addr_kh5c3c5czqwxd2q5sn3z3s38wk7uv5tdudl5ninpur,7,9,0.00010022957495448767
addr_za6rh231wqk9q307dav4p9aixhye5x2jp4og8eus5q,6,10,6.85790744025979e-05
addr_xox3mslzarfgx9i0tuey6emdf3jphnb5vngblcqzj8,6,8,5.5801594467268356e-05
addr_w273t5xjsei6ft7jkmdlevufgwo1jjobbms2vlat4r,11,6,9.403129376162762e-05
addr_mfl8zsmb055x08yifomyazf7gs2wqgf4bcg5apivgr,6,6,4.588213832865821e-05
addr_6m5ban3vt7yjxpt3ta8ugmlm5eebgp17wphyv1iiro,12,4,0.00016093348353861503
addr_owgzrixa11dpg8sbi4q2y9v86wzs3t60rjiw1swjck,3,18,3.0132906423780233e-05
addr_92msqj1410ay5tdrwyubxfhs1b3evx2or6i1z13ub6,7,6,0.00011267372651253054
addr_ad0vmobr5lz50fcon8krym0z1e19iy321a5fchwo6h,7,4,7.573968411395337e-05
addr_8idow9lnhzk9uw4hq24j1k8zzt7qogogxi3c9d6zwx,8,4,7.417713036863533e-05
addr_lcbiedbznmtr28j9bf63y8ocvf34ei2brsv43056m0,12,6,0.00017406110740007458
addr_6g2n3tlgw6het8q4bfiy4119nxo40huegae7dttwvu,7,3,0.00015509365217344318
addr_j84e8hwx14l7disl13t17un5xy20ah3gw2bgltgzde,4,13,4.639843361865161e-05
addr_9zc2wou0jsmsajv3re9qljmfdxqwjk4smtwbco3uqh,7,6,5.4241272289495975e-05
addr_9egjl6hrkmw74gkw8f1htutdvyvjdo70ep0dcbbp1z,7,4,8.415931028006938e-05
addr_uit9ugpz46wnusdkvv1mdmm6oc6iwe5abu0odkhmv8,7,3,0.00013376384175860104
addr_8590jf3pp3f099kma39i88pwenhjzrb5fuihvfcws6,7,8,5.962014591892001e-05
addr_borc2zub7rtlowroix9grefh6ixaehpfrn84mj4yo9,3,7,2.572061280716619e-05
addr_yjpxwc4q50psv0675q28x4vipzy87psveb31z4zw4h,5,4,5.274381082624673e-05
addr_twn7gwr17h4gymrrqsrnh2ph1djvvh3t8x2g24gva3,9,11,9.134143711769815e-05
addr_xdyg9zvrx3uez95qc1rg8ufs2z1t9rgwyjfeylf0cs,7,6,8.761135189084024e-05
addr_ksb0ojuc7ddisijndwce043x1cxu3lx9caagtifo44,6,8,7.735565014776415e-05
addr_rys5i84w88zjpflet1pfx6zkse0inhwsmhldkbn68i,4,3,3.22329496868789e-05
addr_q1hdeyliah5mn6oqj6g6cddoikt2kfxhn5a5w9xxlu,5,6,9.030122313268003e-05
addr_zy1y5s5c3p5f3ve1kj9io2az83wh9ta2cxo7p6x4n5,6,3,9.107879541856493e-05
addr_ztog57yrqjyz192hhhmfufx8zjfhi5yq5shdgexiii,11,6,0.00015888673810612663
addr_c1gamqyyltuhi0h8h6kbcin15pj9ce533w5o8ekqtz,7,6,7.56011648273808e-05
addr_jjyvtx9konwdx39pd14f1b4qmheokyflkbfq82zrwl,8,4,0.00011342621191855173
addr_uv9ug73wz0hczgw7b3a245su96phfioviwvowlwrwe,10,10,0.00015695351038577974
addr_jm8bwxn38mrineogxg8u0g1zoz9chu6tgnu74x3h0m,9,8,0.00012248447423951063
addr_afn21472j8np9s8e9gf2fxx9xjue6ihruj9ycsrk5s,9,10,0.00011589753311409645
addr_aoabwzwhdg4mma04365kywlsmrg6oksi6igo6zvm7d,11,5,8.36662125343465e-05
addr_baoybhhtejmprbjgx0aac0ut86eyrynz0j1xkz8ab9,6,5,0.0001059838502107788
addr_bsepr1b20uc87nxp0jf6dnobk8hup3ftj6ac4jrcq9,3,4,4.87108716611542e-05
addr_hanz86lmyxl7ojxwmae7ndhcq7q0daonlgr83urvys,8,8,0.0001593764956948671
addr_gouifezac2exva5e742grrdnwt2fes5cs9ui14nijc,6,1,5.952866985159775e-05
addr_gwl8tjwlvjm5r864mi05kuy0ttkxq4xjujckyjbo4y,9,7,0.00016253612637495043
addr_xwfm5dohp9o0ue3sglx01wnlorean10j4izuz4http,7,7,8.821928906727801e-05
addr_9f1jkrznr3vqp8lol3nut3ctkzwixkyc6ypg9mfb0r,5,3,5.9463207431792896e-05
addr_mygty3addqhkgad7x48wze4ex6u86zjq7w7jp61lfc,7,16,7.168091471034404e-05
addr_0ah1kg9uz1kktdnumvexg4pji9tt96j6vdcf33u699,12,5,8.575377705672324e-05
addr_9jho7sxczg7vp6gdgy87qthqua6spbyfxl6f65jzlo,4,5,5.89388903102273e-05
addr_erv8jhe9fi3m5rpbla6szo61lqonewrx4me6xkjupq,10,10,0.00011674617364703513
addr_nlpa5cgwfhdv37ic0lzigikqwj2c9ogps0132an417,6,14,8.616549609825903e-05
addr_0y2n74urzvzq4urrjxxlm9azus51oau2tj6h0pa1k7,8,9,0.00011341966249382067
addr_0lbedluv5b4m8mq7dfrae77p19pev0krrv3ekt6f0i,7,5,0.00010046021547856993
addr_ef26fu3yf3hk9d5h9y670sx8rrmxiv9byzdco0wa7h,6,7,8.867628961800651e-05
addr_wz66h84g1ftr6blwh06qp8dttinm5dad7vof72hgte,8,6,0.00013813589288496654
addr_to9ghtoiqbfaxf374uk2kl7gbkk9mhmn1exuts5djs,7,10,8.162401382187796e-05
addr_zpygttwuhlikhtnevn3ojdmy681lrjrkj8boqrc3gp,8,3,9.748974988531498e-05
addr_hfakgppg9i2vkc4gsy7vh1yglvxf5uimwf0l2d2qux,6,6,7.256471728487792e-05
addr_g1p8ahwldv63yd6o8dcr8dy4eap4mgrjzf0cnxhstl,5,6,0.00013282942849746716
addr_cfnxor303ms3xp3eny493kjxrt93ofcqsq96sen3v8,9,6,4.475489522085269e-05
addr_moa7dckclmm7m8y63kkiv0p1amorgenue64gmcv5jz,7,5,5.4952134932938004e-05
addr_snrev3fqg27h3pyjai6temwh0zbhki7h3xao18d9ee,8,7,0.00010636263146582403
addr_2jbtzgtld6f0n3it2vqymhp9nymsorqetjdh231wcg,5,7,3.1137689322386007e-05
addr_ydw0f764eovhapw4xfqbg2y0nijjnxpks7whcy5lqi,11,3,0.00012586597107565594
addr_8punmu0hbebhkuwnrybnp8ed9if9palsv4btp0xogi,4,4,9.381487299964356e-05
addr_rbv6i2x4o5dbgjpqohbicncujobxz8043jjctcdjf2,5,7,7.015206268044631e-05
addr_wjj4f51fnj4tx3awulx3i72m26l9fg6kw2pm9zp2mm,6,3,0.0001066355571118646
addr_zkant9gt6sxkruem0rafrrql3p1z79as2ch6h0067o,5,4,7.455879724772513e-05
addr_m4gsd5bgkmq8dnb0xdkuugo2n5muy0v3utcpxcaal8,5,9,9.199508915855774e-05
addr_11bbbv6h99w5u4tzoh28p0lt3w5n4gpt8682i0n477,9,5,7.367441358691874e-05
addr_batnla772uekkivm6vpnkjpf4k4tnnd08un6m7tapz,9,19,0.00010921801337690104
addr_1ksiez2bpz9httnngighwy6o6i8dagwopytex0l49o,10,9,0.0001671099828408571
addr_lft8juscd8qspi4a2n1q05wa5pfkhompvscu11y6fy,9,11,0.0001010688617512804
addr_l8uujx1sso1eb1e12tna3g1bez97yjaejy2leuvxon,8,8,0.0001386923492275215
addr_szgejhlipppg67p43xox8gqlg5jfjzwikwrs4qbt4o,9,3,8.491933463044074e-05
addr_dn1th1xjg2y8rgybxkpm21b07g2re6zvlhyl2ld05n,10,14,0.00012850412394408027
addr_ym5h13ne5umuxqxsise2r7jmd63wdm4s6ahzo761vt,14,6,0.00012929825593024528
addr_7knt2kaa4ymj13r20vr7ao7xsaz7o9i6qgwb3wtpz7,5,5,9.987397597560701e-05
addr_rhgxmoyoozg6dhwglk2epjxyhe0bkccp41bmg60r8x,6,7,6.008460731598377e-05
addr_4lhjrlpljpqgvp2yl7z5s2mfaz6xvqrfpfxnx7cmkw,4,10,3.880985174964367e-05
addr_n6v113yzkymb9xjqi4szx79yskb1qsjr7yt3hskmrz,6,7,4.8175810812704214e-05
addr_moyj459m8czpk6r6fyked6zl5ie03pnk81qi7k08q6,4,12,5.3626553702422025e-05
addr_m92qj9nwnthhtc45jh205vq4007czdl5f9kfwgwejd,16,5,9.241163496223732e-05
addr_mtdkg8o4d2u0hkmodv2p3izeubjiszdd3oxpbvcrbq,8,5,0.0001020616792153808
addr_tmoe1ifvp0o3qrcc53diz1j5dnh9so52bd6kehgtqx,9,5,8.890460733311948e-05
addr_9ciplu1hnt58a0fax9c6jntei4191rgcajndscddk1,12,7,0.00015579747408291352
addr_bt57pbn75lwnb1btw9i21hkk5y46wz3euhslwq4zce,9,5,0.00012005592281592012
addr_vq8rkagnuuq59qioefrrgojn3qhfc595aiiwpo74bf,6,8,3.294130294900311e-05
addr_62tl3lf3v2a830bf9s2u8u23wuzonuabwm15gm80bg,7,6,0.0001310191727182455
addr_9ls9ulst2mxckgmokt0udc7iemeza5sjlm86vx8awq,10,9,0.00011042740749011719
addr_rxs3wyufy5g7a30bxad3alh8eacmenzq9samecklir,8,6,0.00010975907829601413
addr_pfr7aqbrih0osqkrd25lxay07sjxdgcy84lyglo5ta,8,10,9.692932967161903e-05
addr_y1bw6clfk4tqwo10erdk340m8ti2re5aytfadj46q1,8,4,7.706312038551242e-05
addr_iptnpnzxkcb9d7uaybdtn0abmkry7iygc9g6q62rxy,3,12,3.1933155813580016e-05
addr_g029bwhtx7a56lya339xzffm95r15xs6h02oecq6tk,4,7,5.8860872185970645e-05
addr_gxfvjcqrnqrzf1efv12npvswh701l4sv515sbmy7tj,7,7,8.231934059687366e-05
addr_av917rmpn6937xncmldqz05ev5kz3nwxrog983amb3,11,9,0.000106220113612678
addr_6vwwv9bfho1n8z6onlr9cjd12ystn875fz85vxaqga,5,9,7.285926791857441e-05
addr_9a4rkf0p22h7puem2pegdu9k1slghc6a98253eeuxt,9,7,7.366592611316697e-05
addr_hymbq0ynu8702gm6shem4etnw0dgxv30fygpvqa96t,8,8,7.112724578711076e-05
addr_z56pp0up5qdm1f3axanybu93dqbmdysrwewxwl5hl3,4,7,6.295151091654906e-05
addr_zlfmp5vil5rmk1q0489oes8mi112a7l0cvcnsmakhv,3,3,1.869226626835735e-05
addr_xcuhd7nbj2y43ynw16ftxbstosdf5wl727sxsqjiwc,10,8,0.00012852499987381664
addr_txuxnneru2wdhte2jjhqnavlg4qno5mxg7451088tz,8,10,9.526555489908494e-05
addr_4dud4ul41n2t598492qchjrj66ztov7vnoueyg38hv,10,7,8.130272964727417e-05
addr_14sqs6v8mrfmxrasl6h20v920xp21y2rqin9kw51tp,9,5,9.323955461652689e-05
addr_2c0p1obyk9n27nnip650u2der1egacxt1edpbrdjuu,4,4,4.63792920003989e-05
addr_bkyy2cjqj5pmp752iqujqu29gzt25k09nhnk4dcewy,6,5,7.942191435989894e-05
addr_0yknfu84xyjoa21a6xvaj2k8xpnmjqy3odsx4nxvkd,5,11,5.829802964392352e-05
addr_ij4a3ss4pxcbptkkhqcof7nvbum0qstryw456zzz3e,2,6,3.8467077264306304e-05
addr_dzeaddriqdmpnp6k8ld6t35o0gmb1tiztmyrddsboz,15,9,0.0001811845697081138
addr_mx9cfnmn2w2djk89sk7y30w2kwfabpx6o86o8r1a5a,8,5,5.329833384119183e-05
addr_gqua77imnzgqo409yliwglw0cfuumvb9mow8uy3spo,9,7,0.00011553108977247845
addr_19sy3sr4bu7tzzxh711nqksiintysaaczgqceudtg1,9,4,0.00011331345655127418
addr_ku3fvzginpfi6kfqf2ozzu63y2ipbkoublg2ujv7mi,8,10,0.00012092896035155611
addr_2d782bxvk0gh6hpysckf6f39w04cz14mbtm8ang4uk,6,3,6.762232998201448e-05
addr_187321yunmd8o2vxv48ynglob8or7gzc7rd60w26cy,5,5,3.5770226641551045e-05
addr_0778kkyrdnkrlcvouddyfatbeaxykxgtifki9hsybo,6,5,8.826087382075253e-05
addr_6m92as0d0o0r8xmpu9e6wcxrfrap429nqh31b57tqn,6,10,0.00010103913234330943
addr_4h7npc5mmp71fktqf6mwgembiitbcy6hk0427fgm9x,8,5,0.00010405113620998522
addr_v1qen7yi7dlvkw1vyxiwdi3yh8k16asgoqqe0gp89w,8,6,7.882254173883965e-05
addr_6rxoz5cuwxg8tpn9ht1u37eb8qhs9ckhawv8ab40oo,5,10,4.6943293557933646e-05
addr_u0qvpzbkvlf9ep9kdafe8hnqo6gi1s9w6dl2cv9ohr,11,3,0.0001753644768845259
addr_u295766ps55sdrhe89mwl1rknqx8h9wp41zfzykzqy,7,8,9.739383065121558e-05
addr_kh5aceqr0ashpf4s3f57z9d2ckl3madvtmb40rzqmk,7,6,0.0001530261291929601
addr_zsn8v1pqzxthj9vnuofvj53i1zxh52vcm92k5egx4n,4,5,7.607756884894597e-05
addr_jg23t95xetzeroymdh564x018qk4ttrvlvwg5oxx3e,11,6,0.00011458843092831864
addr_3x7s445y4ts63bkbg0im28ssa28t4ymicrnbqouq6t,6,5,8.142654219761843e-05
addr_4ljs9zubcg04pg6ke7grsjh4w3uro7lldmkqzu634q,3,12,3.733403941754752e-05
addr_dtx6ypjtlai4xod6dqj00kblszrjmnm63ah0apax1u,5,11,3.8333175532306674e-05
addr_by7uxu23vd141avye45qz9vx4xsq60mv6w2jgz3fpx,8,2,0.00015652925793750683
addr_8twnhrktekg38j4nelfmltqjvg12qs8zysu1k3fo1k,7,7,0.0001138588358211523
addr_oal08ufp7ca4bp9trdpcktfh833p0yo6in2li3dpir,8,8,0.00010892912022515804
addr_q4x7j83eopmjpdgjo0mm8autg72qkcq1mn49ktf8ae,4,7,5.1084821351732485e-05
addr_83v7il5gy2gnjxd6tu0jou2aktxinb1gbge8hahaa1,3,5,5.65352192581637e-05
addr_fao889v1mwog9pc3a0um4y5r7bnx0g92j3cpzexc2l,9,6,8.313857938922806e-05
addr_vfdtkmnfzxmxgpfcjkbtwu2t4uicpvpdqj9vmt6jj5,6,7,6.168317415809803e-05
addr_0hh0p7usvvfdj7lzsi05mmrgkvpo6ybd1tin2rln3v,5,5,8.20653398645652e-05
addr_xjwsx5e03yp9qz7nsq24l7hws13u87m8htfzb49az3,6,5,0.00012052083980129451
addr_m705v2prno841f6im0c3vfrnr427qxb1j6jmlbcjt2,11,15,0.00016516882652267318
addr_cywyfrcorvow9eycfgxl53khw8565qec3adihk6jzq,3,7,3.760926374008789e-05
addr_gz66rgylwteatges0d8j0j98l5bolycbktfyp099i2,8,10,5.69268406410479e-05
addr_uqz91twowjrd2upqiusqu913mrozqn12rtgbfw5h05,9,7,9.935851904340211e-05
addr_g7xbivqoqfvckpo2gsjxotd8sq595bq26x8z9kwrw9,5,8,4.9792721225738976e-05
addr_ftg4cvxy1v4rccv39x99429l4i0sawf4zcnjz1mgie,14,8,0.00015857153984255682
addr_efqjg02u1g463sdygfliji18k0axycelos6zle6kwh,8,9,9.543033468118973e-05
addr_b8r41m5249y2qzvdwdrekvambbxpcbz73hsu5k06qq,8,8,7.83137104886394e-05
addr_twy6h7tnvokeynjtps9o5srpuc8eylb0wvy2jkqqnj,4,9,3.607909186179518e-05
addr_3xn2su243rhxl0urz1p7xy6fb14t29hjkhf029lcse,12,2,0.00010977325821801175
addr_2qmotdnqqj9v5mxlaprtri707pg01du0upyw6j872k,3,10,5.217484317140416e-05
addr_62p06gpdwtksknw782a00dxa5uof57q2n6h4yfv0gz,4,2,4.815418102444421e-05
addr_2gkqraffz8q4vhu4bawz940vtkrrvwy3rztplc6prr,11,15,0.00014674274968830918
addr_de5nxta7r582k8q64hiu58qoz5gplzb4cxcp7yoapw,10,10,0.00011045965647401986
addr_0132r9jzf8m6kvlki1o7bw3y83u17hwc9m6zsib09e,8,8,8.240000776854951e-05
addr_v4l9l7tu124t27jllz90z23qkg8j7w6977xp2kugeo,7,8,0.0001273553299867879
addr_9kxncofo9plpbn78v7nqzva1kdtwkpk9ndoczrdf4k,7,4,8.5531565609186e-05
addr_kqft06tvjwp0o7ols8o2vmhlflq6fq8nlptomcq2dv,7,10,9.99425995881956e-05
addr_0m3loufhw8wlva02dz61txsnhft4i26lh07ba7dorf,4,11,7.081252213936321e-05
addr_wws8iiolwgr19hbgu8ijff5ql14fwjwu3r0cmm3g5c,5,11,3.150927590148725e-05
addr_zksae8jnydyqa1rs0983ye7bxfszcyn4h1sad5hh7p,10,3,0.00015321396489202544
addr_6l2a45hgktpgr68fqo0mpq9c61brfy17xozo7qpm29,8,9,6.767437551707202e-05
addr_qb6u0wgnz9urie4zsw4b0m4mm4qc3atucnhltht2zm,8,6,6.36644646152111e-05
addr_3dd03uvulemx15z8vmuhxid4n1u3493wxa73jgzlma,5,15,3.772208557686626e-05
addr_dkr7b88sst8pe9qtnpdy5ffhc75iwy0kjqf85i4obl,11,14,9.57607300883491e-05
addr_i3j3lwvum4tzhpz37n3s7ugv7xwqx9pvaihalfctcm,9,9,8.449685800143346e-05
addr_cpoai4xlr3aytqzio900ys1gu5euyatxzey83b8sia,10,8,0.00010484899419883224
addr_xa41qdphjuf4frodq4akm9ead0sriajw44qdznx80e,4,10,3.940986193359663e-05
addr_on8uujs75eltfebe5407k5w1jl6l91f4x2bfibjzp9,6,12,5.766115491935772e-05
addr_9jljmqdhe84vcft004nwlrslqb8tdxregxx2dsxx8g,8,8,9.407288064020891e-05
addr_pjbkahgg1uumfzuqkyca21a0lfv0mqrmccil41fsm7,4,6,7.471955964797498e-05
addr_kf60duc9md0dmwho1ne3fddlhaw9qnkwseusya0wve,7,6,6.361919436308569e-05
addr_bzwbho4uw2aww77gcjbeo4eutawj4g8r7sn1tcjfcz,8,4,9.849088936247268e-05
addr_2ip3ol4kvjywa0g8w3xcc7hjqhinsuakt2gf7841b7,7,6,8.315009389381652e-05
addr_myuqkeueqkxwkpyu8uveu940ae6vu1b05npqia7imk,5,8,5.294566917897248e-05
addr_wygvyu57lwpcsvbdoczjjbryx8offc5hmhsatxw7w8,9,6,5.9963450026751434e-05
addr_b3mxacqk3xxw26dxufc89sxwgp46qhrqfbxp644udd,2,8,2.0354104609867198e-05
addr_3yqfbz9zqhbqiqicb5ntjk2gzaugttmppjbeahy5ho,7,4,5.765847824373838e-05
addr_h2lupwpo87jo83xcfmctj000ye7b63j2pkktsssuaw,11,10,0.00014247924339875947
addr_j9g2b1ebgic9c5f5snmh31xxt1h2q4zz5t9owv1j2i,9,5,8.342504752894414e-05
addr_219i1es1bzytwojp8qz643c23jiddr2gqnsc0j42x1,12,6,0.00010699624239269079
addr_r78acjhat9ayno734ys2dg3dm525fa8buesekou2ch,6,5,0.00010942225331393291
addr_cru3i16r0sx40756riux2dwp6xok3jplq7tl3gysj4,5,10,7.1560541699961e-05
addr_ib91bydl16vt08frsruab1hbhgcx2c4pre2xedxasy,11,9,0.00011987377677841471
addr_zg04j1wjbd48ajzr8mezrrcfplbxl30kaszbvye1ii,8,12,7.461650516395989e-05
addr_v49qdo3hg939ug5xtwhxx3m19qemdc5l0fachs6rqy,10,7,7.952535729762436e-05
addr_eqzrd97m9qryxbkmmwqz6jmeuc2ms92pqqt2d6u15r,8,7,9.415623467236621e-05
addr_tnw5tw0p6esaw5e18w1vgci8k3cgaxbdd60osnvv81,6,12,6.571004276319212e-05
addr_j3x9p5ldof61zk5q51yo7qq685lt9bv5s7vba9akd4,6,7,3.885254199752662e-05
addr_jpxi6axeenpzrhjugmhzoj1b8iepb5t3xohniwgicq,11,5,0.00016265323231717035
addr_z574nmgdkb2appru50uzhapdhc6q9iiaznxkgs7we7,10,6,9.115417453205083e-05
addr_nla6sev4pvenk1bks978bx5f30fja21ie4jv9klf2n,4,5,3.162900099584215e-05
addr_1tackbtvmpms5jkm9hwnw4tssizj0un5aae7ju9cua,5,4,6.804496588828083e-05
addr_jmpz75zsletj8m9ese59xn1n38dcacfok0drju484a,15,7,0.00016129603535872648
addr_98nfx0nrq277etf7g2qehcbf0vbz9j9l4myiyhuivg,11,5,0.00015465760141688883
addr_ns89e7fmtcj6dqr24ooh3zpd1nej7kr0a3m4p7x3b3,6,6,4.978567836708902e-05
addr_4rihxcb9ir288vxut3kgggcfh4erwrim287g8rqpms,9,10,8.419132788669774e-05
addr_gwkidnfe9o1xgjngvspj0lxwtr1ueiaq3j9x2hk5gy,15,5,0.00011853837067196945
addr_nxuoxogubmu0jd3cvkucy8hzg78f4atlm1f1857pxp,8,4,9.801808555787632e-05
addr_qfylk56pk8vou79tk84ihce927io1s9g7ayanvfm0z,12,10,0.0001618886191457191
addr_xyc7vzh1vemadukqdi2aiibjgvhr1y3uktni8i3v9v,5,8,0.00012110616148270317
addr_f4be2018l15xp894lb2vixq7mwe9ifp9gi67flugc8,7,3,0.00014587146783134032
addr_gbml0f41bdnw7mb2lz0ps5pqkc34zu6f2m51hca6uh,8,5,0.00012096971458700067
addr_mozxrazmsab3bvtbwgbz13m9npk2v014jponzv1v8p,8,4,0.00011502263269365193
addr_xld52aenmfhbg81a8k649k38rn4gaw8wajyvwk5ede,15,11,0.00013051533472924567
addr_9c34r7dczx2isytafkosg30xv95b85uzum9dckauxk,10,6,8.95134781927969e-05
addr_f7hi4cl5h6cx5b1e5tpt0ecrbtlqgszop9gsk10l7i,5,8,8.160991075876734e-05
addr_8ajvkwl4o190ae77i1660aeh480o4byim869h3fw1a,14,9,9.682752992945583e-05
addr_1wyvd6my7j4a8n7jrdd03a16a09946i3xfje2opvuy,4,7,4.6057350786471176e-05
addr_9qq99u87yk1rdnyop2rrmdt3yyx32wrmsb1jqeoh80,13,5,0.0001611806941666451
addr_rb1xjq38j8k0417q3wxfk2sf3x2k1cqt83vkqnf8cu,7,8,9.798714614202774e-05
addr_h58d68t5lfpepsnyyo8ritce7lhtrv6xv0lpg30nq8,9,4,0.00011639484831691792
addr_mr100ul60ofautb775l3228g0209ey1rgzuykc5jst,8,8,5.2407261901090626e-05
addr_nntw6hl2qas2alouxbwgv0fc8jojx7352n1x8erbko,7,10,4.9078234197930946e-05
addr_c36wrs64vvqc1srl4ij97g7ipnaflu4atjmcmtmjat,8,8,9.0839694507864e-05
addr_my93pomv7mbci56fjpz42q8bz53gwtfcc2sw01m4y0,2,9,5.8217088992593875e-05
addr_vd3vv62rp0ikjuh3auqvzeb424pbm6kf3dgxxghglt,4,5,8.783048759368234e-05
addr_yfi2bkooboqnp7se0k31bw7f9vlniexnmu2z93pr7e,10,8,9.886997053911929e-05
addr_ayibusa0wqofyc5eaardqv9k6l7j4v9els2qtkeyw0,7,5,8.76930244646786e-05
addr_fbdpwc1dnp7wlyuyrj55vfnie9laodezt07bvq4rkp,4,7,6.216983224751204e-05
addr_7xkfo61hi4x91yf74w49n6ecfc6fy0ufh6gstcak4p,8,4,0.00012353640663960582
addr_lbos46a908cmqxgymymmhlk1b17zyqzss8v5x6e9d7,0,10,1.2591921833626345e-05
addr_kqd07eqtfhf1nfdiynunu88uype0fvod73vk01sgmf,4,5,4.413591344865284e-05
addr_vb141r0kf6vhx0l7rornl3f5tn2m3prescj8cfa09w,9,6,0.00010542536586699345
addr_gc1gtkvrucltn9i1aysc0dhg6lk7gm6g38z8vgrnwi,6,3,8.155354941504645e-05
addr_izackgp39shjq73ulbnym6wml05vp14rdpqca5a9wy,7,3,9.601851907974573e-05
addr_yvpagau8t7zqclo8l5kbts5hrc2hld2ske1azpc2r4,8,6,0.00016524064504186601
addr_5mohf2f8w4wfd7x6y9zelp5i42w3whe7nat5monkos,5,9,9.29623855662756e-05
addr_0ziuq6qbdo8t8mvw5oxio25na8ky60p0hzwcykvmqy,6,8,7.074686630077564e-05
addr_izhu5jh4wyib820v7ol3vepxwgvllnzllzwlkgqes2,3,7,6.658184491498692e-05
addr_vn9455l61le6xyzi2bjmttmfuqmbk8bua5suxlluq9,7,7,0.0001860038879105099
addr_u73avsnotfpfiomluw28de8r3raxz2t7lmjp0xagqc,4,7,5.389935476654729e-05
addr_yvg4o69irxw4och380nqpt7fb0d4j294u09ajt3vg2,12,5,0.00015526462808545022
addr_ugxpb543hxut92sajauf52d1ch023b5qqrp1qamggp,9,7,5.1963336185210086e-05
addr_xteq1j1hqyeos4pe8w6zn73vk24iixjj72ht51wj42,4,8,3.759096003348168e-05
addr_6owpw61wskkxps7enwdvqd1j6cpve0s7g8oz9wc2hz,5,5,6.304292175305605e-05
addr_gituuinvztpc2ul1yfxbjpyd45p9iodlivk0wtcakk,6,11,0.00010856839327994536
addr_soyg9zqyahulwjtiqwnrhzn4kgeuidjipnf8f3gr94,11,14,0.00018829571204817988
addr_b93ap0qhgh5hv9a8nbg1x2wo8s1xopyxxuzpwf1wnm,3,5,5.6148963655970476e-05
addr_vg30v8fol7l9woj0hwl3r0x88aietow6ad0i1dbob9,2,5,1.5875261764848024e-05
addr_17wn99b9g0wfsni7was3727x1k3agsllmmn2l2jjy7,7,12,9.555316719674972e-05
addr_b8jqtbofa204oaxlw5m4e622hmpw4pb9m9w44xzpr6,5,5,8.3679618252731e-05
addr_x93vu8ikv5n4vsg4fk9dje3qf7tbx3th9gtapog25j,7,6,6.354666187340087e-05
addr_4kqnk4booj1f7p98e6ff4ng4tfuwp1862mr9w4v4ps,4,7,6.555233970396233e-05
addr_fl5z9yt1jmyh1jhi585r6f4s0d35j81hfze9mcyuz6,4,5,5.599643548165187e-05
addr_aj6fzgl94oiqa3ta6kcnoxypcz8td1dy1tehpkmtqc,4,11,5.10273052232673e-05
addr_nslp28b5g0m7t0csm0nkvn4lgwimacyxqcbsyor4xe,8,7,8.303646715493927e-05
addr_o61xn8dk13zp84jrh8iptc16ze7blp7dgt60pv7tiq,10,7,7.903123699607578e-05
addr_7euaq3h8xaz8j2p7rn3j0qzokpviddy0nxr2yq373z,11,6,9.557195981645774e-05
addr_rbor2dqr9fm6dbu57npnj21idnmqp6fbdpa9n8v55d,7,7,8.847788570128541e-05
addr_moh4zkwrjv71zi1xat2ownv32cegh9vtnn8zc6sm52,9,4,0.00014133526490024375
addr_8vnthinitxuh5rwu84rcck11gkzh02z38vf4icy3s2,6,8,0.00018300343140912608
addr_rahcgah3tgp9d8mmnk0jgubqhs75jr403s28zpkfe1,6,7,4.850462467944215e-05
addr_33mwfn6jj16y2j1791oeop8t7o5e3i0kc59qkug426,5,6,4.7125541966089425e-05
addr_wqck9akve15r3f052d83w7xot2q1if4x4vrv8bgq8e,6,9,4.1889705437369284e-05
addr_wxl07vdjtyi5oci9n8ugvu6w8e1gbihiuq4tdqvs0g,9,4,0.0001086207554511867
addr_a1cc31uzztl246kolfpbm94sl42u1hqubiqj6u9bl5,6,6,6.196492826946977e-05
addr_1ndzqwsegossyn3obuop6en3l1m1i2nvfbbfdh5iiv,4,4,4.394581897843462e-05
addr_oy92rfpz7lutkzsqly0mffyybvknjokvimb4l732c4,10,4,0.00017048980590504803
addr_uze5ncr8hvu5u37xanampld4va4cpx7jtqbtuy79gi,7,3,5.213799598490749e-05
addr_qkqle9drjp6ebq87bnzvpny3vxl5bl2jr2c9xfsbvi,5,4,0.0001003236859541728
addr_l9nc176oc19qjc41pqxx2fglf8yav0ptqntl1n51zp,10,3,0.0001538428345063009
addr_78aognillwil637hxucv4hzsgufg2p2aubxo9dqp42,10,10,0.0001717011139132968
addr_6cfdnaq6kabs34ttczmxhajpbomvob2w618v0vrhbi,8,5,9.025225892671643e-05
addr_1w9u3k5tibawg49tjqk8xilofdpoeqaug6n09vvwkc,5,11,4.1087082752466766e-05
addr_rmsz84o6205ngcqma0swdn99aaj9wuwwlympguf6nf,8,10,7.154564291547695e-05
addr_i190b9cklfnpgjzdx6naz89ic7uthid6e4el57bu3a,8,7,0.00011198156821837919
addr_omitwcctui8pn4neo1w1ozc243wfpyuxvc9hix9wks,7,10,6.333448422922847e-05
addr_ojj31dr3ndy8ihi5o6qf8sy1vu2ae38luk3p1dbq0u,5,3,4.853775793261523e-05
addr_tfqsnfozrd4y7z0180uew5jbtvhzdcds8hznw21hl7,7,4,6.535771402416924e-05
addr_n23648n9ji7omemto2vdsizb25jt3mt2md8w1sagml,11,7,0.00014088604193691738
addr_zbnwyltnd9guy8w008jeubrk1vtmgsmu0cvpk94e66,6,6,7.269582291024092e-05
addr_hhac6k261gzpgehlf7jmiri9zlqnq9qsz6uwwyl048,8,9,7.930721836450381e-05
addr_k6y0v6rrivszk16n7tjf4hpnhklo8eihcnsu63rtr6,3,5,4.454059082363781e-05
addr_8hip5uwyuraeg9qojqs5eqf8f5gj9j1m9nu3nrmgtv,7,7,6.039103876404441e-05
addr_gnbm0h2hwsj5sapyxjmslhb70f3sydcvkngu9t4r1y,8,8,8.591934092358036e-05
addr_37tmirdmxmqicjdlj10595pwpkpwb6not1qtvh1xg8,11,6,0.0001430909404342114
addr_a753lc58drc11ertj5pht0hl9xpseimvihcwi64ciy,5,13,4.093064499934747e-05
addr_1e884cep31s19lly0pp8w8aa7n8swzg6qg1f295zxl,7,5,7.651127607730347e-05
addr_aphr67s97zw1ro5mks3vtgdaf5j5g5ywwy4q7slku8,8,8,8.27969041064493e-05
addr_cjul46obiz45utk26yy6rcsqdjqg5bwpi258qgb86a,6,4,4.837578116930801e-05
addr_l7hct9v76sbgots5d3blcw9re1cfityfi7r9f67v0r,12,6,0.00012004832575977538
addr_oc2yuadusap51mzj9zmg9lymxxfkal90ktgxrifgju,9,6,9.574598927207161e-05
addr_wskksq1taw45yzvfxmpwo8ejfk89hynefmnmeuwmpi,7,7,4.934824906372699e-05
addr_zor6b2pugawag6pxvq26fqv44a07so97rui8szjkhv,11,7,0.00016325377050262132
addr_mkkdclorbcc97tm4zc5cm9b52m92eb7uogunwiz36g,11,8,0.0001457509160104097
addr_1fbtwtw4ixfjjrkhe0sdp8mvhaewabhb7zhezr4e5i,6,7,7.536287503387487e-05
addr_hobzwsm0p9iwaswsietx7p6a7bvzq8tsayyxm4iv5j,7,7,8.65543800175628e-05
addr_pqblykjvrqi5lp7bq9hup2s7h7d7uuhseg95lc41co,10,4,0.00013544961811976473
addr_13qliullwm4zghpjxcbhaa8cbocg69mduq0poqbtqe,7,9,9.322463693390407e-05
addr_0pd9ij8zbsav2xyrk0z6y4tvedo0is5lde3x3uc1x8,6,7,6.0136425096350456e-05
addr_eppolg5tk9vj0va0stka0914abazd84vf16185ibju,9,5,5.815523181198301e-05
addr_eaxylnfxj4pnjy1o2rntjlmz04x0qzfhomtzzf8adf,6,7,4.930973698971608e-05
addr_wcqioi65nk5o822twcxzlpwwj0dpchpxismk6nzpa5,12,5,0.00011321289196769035
addr_ak5n64pnn621k2h626rcsvzdmcp212wlv1li8rntv1,14,11,0.0001758264029067327
addr_t8jogah68qs3qr1dqyict2y9jeot5uvt0nvj1mvl4v,6,11,5.142238826991407e-05
addr_3hzgq61a3rmldbre6zjfxcl1zzuxmqiu03v6eg1mfl,8,2,8.991327156480251e-05
addr_gjkp9oilhmayfbanf0v9qfvu7kcwhgl5rp5fuuqysm,5,6,6.40572132038532e-05
addr_in0ihmlerpttkqw822rioxrcuozhros8clhub5qofa,6,17,4.79432814946879e-05
addr_dk96y3679mfuilij1gew4o0qxg2e0mh49og2j52i62,4,16,4.7508518906142223e-05
addr_w4bgxroch6idq1j0di3nb8nrzecc6rh9lpiiqf0l6g,7,6,0.00011698435220099849
addr_k4q3v6n3ixkaap4g3obw0z7pmelwspa15ghmt9ent3,2,3,3.7388923628718614e-05
addr_5xxz06vook9lw7hlr1hr4j5tjo295f6uck1iwo1pqu,10,6,8.768629844543823e-05
addr_aq717uahvbjcvfv4c0df6y9ytd0rcih0vqttpivsso,9,12,0.00012047849439949418
addr_1gbyu1c1b7rcfigj8665gpodkt87dxeseymvczm0ll,11,9,7.708743787699152e-05
addr_we2c7mv5nlzl7hvwr3yniijuqw4qd102kkvr0tmtoc,10,5,0.00011302376804856533
addr_zunnqgu3kzkw9mvolc4unjj6loi0i50pywajgii9oz,7,5,8.579587389366184e-05
addr_hmryi02o0yleqdb2pc3q1d05aqrjs9nptpr2pryvf3,6,5,7.507177035361055e-05
addr_cvwj7ta9hz7no8yfxzncnzh6p5jvdic1ej7u8owmbb,8,4,0.00010366480481641053
addr_dpgah3pewk7fsveegs19ilpeb94sarsas6gb3mwazv,4,6,4.665858189940164e-05
addr_xymbqpu3634uy9nxg68h93eowzctaqrm3j8bcq930c,8,6,6.972224678607834e-05
addr_2mh9j0fzsftc2p6vakgjq48wgit66hkc0yh6yojmw1,5,7,6.102346939702307e-05
addr_pk0zfknwbhkvjz09owgmf4ln5rgsg6a8mlik22xmq6,12,5,9.541611622849765e-05
addr_rk240rdnmjnerx3kex1f80975gwgbrfxxw0rzjjf70,5,9,5.782707038826618e-05
addr_z794f91vxa0ju23188pf18qmnx4jdlel6rl1ony5xz,7,8,0.0001329929266358185
addr_1hxumci21r9dkra3uc6ok6fqx3z1nzjuvegaarvflh,7,3,6.725916672550087e-05
addr_8teitdnhdjtkgn64b95ryhhr56wx05k4l1anwpyt3z,5,6,5.809363172622891e-05
addr_lwzb3esvih085bpo8ropox7b7t4nygfq54gmg5aqhn,7,6,8.059532046434435e-05
addr_6rd35n8vgh1fmqi8jvyocvn45fluzhaqnwcz66r3ww,5,9,6.330003909183328e-05
addr_po3ch7iomyynj6ui9glsph2y4i173sedf53qzhl7eb,7,8,6.235582555887458e-05
addr_q724uhoqwcoetcqjpakvgbkgvjx1ywgzys4e64zr2s,9,7,8.741181853944347e-05
addr_n0cx1h7vrdtpvgfycy7vihp5aber39d596inq8ujiz,5,3,4.9604320397668244e-05
addr_jedodwh7hg4p93nyh90en4iedbtfdcdqvul7jmdxub,6,6,9.531235580032358e-05
addr_j6o57sm31c8fyvsv8dddo8zu5240ky4406aut7y1cg,8,4,8.401937188540116e-05
addr_apl6atjz2nynv2x8tdbvj2iy1drhwz9mya4n5klvf0,2,6,3.744010567277039e-05
addr_9uhtjxjbb592ttrq0hen0727sqm6g0mz00f6dqgkcs,11,12,9.686058250060578e-05
addr_gd8lhre75f762hg2txa7bh2anipv8ugwjxyzts1ob8,9,5,0.0001452619354725273
addr_hqzqxdmimnrvxrtyvk2xjoqyutezqy18tasydi2qd5,8,7,8.033017955105278e-05
addr_smhum752y288svpq67xwlr5c2mqycm1725c1vzfcgt,10,7,9.7911304091683e-05
addr_g66n63ewn3if9qkk3yz4apwnyn7kxzchsc2n094x2z,3,10,3.110553493353734e-05
addr_zozj3ppjkdvxel8mf8dxd8dg7me7wbn502x0lfs4sm,10,9,0.00010286576412938971
addr_mni85x1n8qnvvr5xgnltq7cro4zzlxnhhstgubisiu,12,8,0.00015274946817666468
addr_hqr6f7qnezw9heyce4qgm5v2wwg84d4r9v4k00ilu6,12,10,0.00017058158956988865
addr_8b9gdkkk7i0gvxrxw3gtno9rcl44dxvk3olceekhvr,7,5,9.606872487632997e-05
addr_u3lpaoclttopsp7uktikzypdbp5k8kkyuixv31y35i,6,9,8.364937861429134e-05
addr_ybkiike8ydor6ty9co90rm3fxi0rjqry3t5hw1odoj,10,8,0.00013147067697797724
addr_co1gi13g7xqmssq8i3f3u6lpycyww2qoz610qgorop,9,8,0.00013101173344446542
addr_q41i1irsjti9mapb3akfqahpxriozmmp8dm4w7acsd,10,7,8.956000874099702e-05
addr_uuh2vph5p0h9x0rbbe1v94y7x290wax864vcjf94x9,11,5,0.00015271692949869894
addr_08d0sre2ees23jln698k229env4yc8y26cgqesdnc1,4,9,7.5162106174091e-05
addr_nredbodymhpzof5ls8swi0lnj3z6rfb5ecfvt6d2tr,9,4,0.0001494917849949357
addr_v596yiwxi5mtrynjsmwk6cly74lozgukr8tu14s7r9,14,7,0.0002421818642594292
addr_9stw92vfohf2lb7ayal2xlm3pj7aofg3d569e1rjrg,5,3,5.855156347459063e-05
addr_ve1eh42a17e55k7bortdju05k2396jnnuglcz3pdv2,9,10,0.00010397561243912336
addr_pnklzk4dl400273s3zpzrwyy8e17qkq7cf6f2zeszu,5,10,4.7218036223767584e-05
addr_68ebt3jd629zswjtynoqyheab8vesmpr6c8zzipwiy,8,2,0.00012295845122170198
addr_atfebi0bvum9bubpcq4adqtjqmuz16gbol0swsqpbq,9,8,0.00018423962444594644
addr_7bn8aljr2wufq9gavi6huyr9n52xsc9oq14q7yfvle,8,5,0.00012028768292844648
addr_pnve4xw2tqp8a80n41866w28j516td6avn5x5vt9rd,2,7,3.23937606423701e-05
addr_r81zcrs1lu2octb9rg3bfycpsu93r480gqm7h17nt3,9,2,0.00011657861564213109
addr_8qovt9q35fyn8vir5dwusm8h3bwdgb80w66mi5he0p,7,4,5.7963844357465755e-05
addr_vaykxb4ku3gmk9qkdrjd43l9evtsavs1n7ryc991gr,6,5,4.241018482156927e-05
addr_rr49hqwp8xfans0gnh8s2gt30gchf4akdnadijfzqa,7,5,8.011073974071683e-05
addr_42rns35h1lskb2eo9v5a9kkkk3ifpca7r6rz2c2uh7,9,9,0.00011459877760278371
addr_7zm2dbcdbp08j2tn0r81cnfl4kvamhxq5knpdj0d57,5,1,5.717101618741641e-05
addr_65a4dfaormv8jca1ralrihx58merz51rn2r8k510k2,8,9,6.625935611590234e-05
addr_jz34ubbxjgoab91e7q1vd1e8zd32msq51efwucd943,4,5,5.971768452890757e-05
addr_x14t7fb0jyb1mvfvjcl8otzo5u7o30yajt4qgem4ng,4,8,5.305471748028993e-05
addr_rzoywt8l7lsn55saxf94xlvpzkbb77nei598dhtezu,9,6,9.891282472883338e-05
addr_guaius3hvq0gm9idlept3ur8g3mrfvv1bxtwwmcc07,7,5,8.110065576268633e-05
addr_mt8vt43pt5r5rc6zs62ywe1g983ep9p9w4j66cnolj,5,16,4.9536802269580035e-05
addr_302u89gz97g7n2cehwdtb3tdxu2xtca4rr7elgucvb,4,7,4.862195495530814e-05
addr_xlvrs3yrk6bxcfmh88hor7e19isojeyz1ibyxw42z6,4,5,0.00010750818186538946
addr_qem9ohsyh89rnna7y42bpeu2eoy4c79yfuhw2pmr63,7,8,0.00012532960543256157
addr_md7cwn12uqg7voveb92z6b1asiu6k9bze4w778jq50,6,8,6.064258710183088e-05
addr_6jrpjbu6dd3otobhatauq49bo7nzqc6yhiiqfqsf5v,6,6,6.784261816608296e-05
addr_b1a1ig25iql0srwv1sr90usvvqaa1j5crlfdob10p0,8,4,0.0001526289472377294
addr_0xkmanbk3zmbl5a9whtkqwkc1ggn7f2430puyqlb0t,8,10,0.0001024240736296167
addr_g1ohagwqww03a1e5qf8jvsm6m0p6mch79ssx5mycdv,6,7,5.430220375679776e-05
addr_qhr5vg77rqbumlgudyg9lptofojxpf22i7na36u5hd,11,4,0.00021553924180324163
addr_m97yofcx7culoqvbv1jpvktaf6blbv0xt9vyske5m0,6,7,9.488044867218457e-05
addr_3zylkaugtenqmuwhlxrpe3bkeuberybzd3blbnj40n,6,9,4.719216646525204e-05
addr_9orym1m5c17vpnz6x6axyoj6im6wujynsxyl2ntyuo,6,5,4.817100825845036e-05
addr_un39s5i43k2q8rvyykbu4e441mjdq55p0015el5cvr,6,9,7.450642383275013e-05
addr_ehkixcvam23ht47e3b4c32080x1aublfju8smssf83,5,10,6.014197478669804e-05
addr_wvj9zcpimqhiy5rv1apiff7x0gaatdatuc1lyizn6t,7,3,6.867646473145799e-05
addr_jj3vmh2hl2u1cxflxyekknpc68l3o09ag4kqa7yeza,7,9,6.599206841953368e-05
addr_3ttopnv3ktikeohkte4cmch7yxm2gdwhb4qvmw7357,8,11,6.726394815421647e-05
addr_34dy27a24loe5kah84bj6cro5ugfmhr9eu8v6ss0fe,4,7,4.642401987060041e-05
addr_euljgqpq8r4hc7jvlcg1j5ewfwbeby4ubzczjjy4mz,7,9,8.138687589018056e-05
addr_gscpsm0jnbdchf438rdr3cm4oyr1tammeuf3evshvf,4,6,5.728548593055528e-05
addr_vopdwp7j56v1g95h5wxjhbedsrja8384fek1ebxs59,6,8,8.494353032694867e-05
addr_oc6s5ylo3233i2b0r86yjeraly3v14jl5as9g5az1q,9,9,0.00011311591774615283
addr_5qliztx4he6fw3cqwqjadr95bu4236ceq0ci0xhm8h,5,8,5.839868691308667e-05
addr_qa16p7jz098p7pachlfapmodoxgyltmtgdgs8thljd,6,5,7.430068074439381e-05
addr_0uj0vn6hsbu6ts5gc13yj09t11kdi6zf9t5pdm4eb7,7,4,0.00011935513563427147
addr_zae557o7rci2afi41jip23rb1w0xwxvtx6poqbt55r,4,10,5.470578653218002e-05
addr_u4vqxw88i9ael4stfj9j9kg8m6fffs3bnve4smfjuz,7,8,0.00010124162147505903
addr_6m6g9ibw1btnoshwcjndip9dlw0mevj3t5cbwc0z9l,4,8,6.614544406447147e-05
addr_9uj0r7vd61p3io6gsep0z0e377k8nor87ytapaneyl,10,8,0.00016759699773575735
addr_bj6m8isbvccvzojniq09qj8ik2c1s90nx727oyaf9j,9,8,0.00012802720095004343
addr_yipmknwfbyqbd1jxheh5l0p4d27uby6kyknb9y4d1a,5,6,3.60117977326291e-05
addr_iq9vobgggkycsnu966wqx1n6ph1raemyd8yh304a8p,8,4,0.00013843488863319814
addr_8lgalk3wuw2eu38z68oj7v4x0guug8gr3i1813ozqb,1,5,2.736964431714433e-05
addr_p3023f6subcl6slamezgsnirgkyk3rsxv75q20ognz,9,5,0.00010785591061615186
addr_vafueacodyndp7gboql75bvnl7noqipwd2x9a7jox8,8,3,0.00011405868082398437
addr_22n884qsk3kfi4l2qt6ur7kfmyfj99drieb4epteax,7,4,0.0001205257392919183
addr_ey2djl7slw98ary8ac0xfktsnyz8xm4y1mxs8adf3t,2,10,3.094259749994085e-05
addr_7b3u2kvx8hoio6qgqb11253klxq83pbb9v7fvoersw,7,9,8.244923844530363e-05
addr_faw37qxvbosgq9ejza948zflzqbci0czqdg4fvfg2s,8,7,7.811813243331716e-05
addr_p71n8x4owjqvxmmf1fadzxuvtrn41qpgpvptl4c5cb,7,11,0.00014207104722889843
addr_0g7lt35exmnnjdwbmh7lzcij6npmfpzsl7ci9hfcri,7,8,5.685115661595181e-05
addr_98um48cv0oph4zv1c5hu93visz2hq4emg6yns6uo1i,8,3,8.822882579882976e-05
addr_p4h78qa4whoobr88u3dxx8tf7ud4h7lpwkwlabsmyj,10,5,0.00011765343894042934
addr_py7vpurf16y3rwyew09p0sbo3kpav4n2j68thfnqeu,6,9,7.190479964538983e-05
addr_rfws5qj5r67cjl5z1i5rjse8fe80doetxqxw5grlvz,5,10,6.417715125773962e-05
addr_lr8a3ehphvjlpieg7evq32fped63ik9pfk0g27y6mf,7,7,8.20564616007337e-05
addr_8mqcsvwe7l9jfayblhqx51ylf41v8hq9ihy1kgpbha,11,9,0.0001529645249225129
addr_nroa4n912ayxtgvp4x71ey1rud035i9l7g9mcop1by,2,6,3.926399606506045e-05
addr_s3kkv9rftmttqlgzui1b0z3nx39rbsv55psq0oxfq8,8,11,5.944197161554054e-05
addr_kwg27ekqc4m2lr7finasj6d9ej8xel1kl4ggdq3tuq,5,2,7.407674701268921e-05
addr_9wfwk1s38xl5mxaoo1v7l53fj7d4kmz9f6btp5nb49,11,2,0.0001243571347592943
addr_ijqylfcpgaeubdvyr47winlek084556wqhtl8wvyem,8,5,8.584873266223228e-05
addr_pylpj5ngjwojw1uh72jmijru65p192z2pinx4lar05,8,9,0.00014957831697602034
addr_stct8n21s0gdgvpxrg5j5jgbqkgkl4blqj6276yold,3,7,2.8946656123393244e-05
addr_t720m4by49aisxem0t7e4axx14vlvzpt6izunhum00,7,6,0.00011319423560402967
addr_m4hfbj79u0o6w8r61z8qpzhicfq1lno2pwncmksa5b,11,5,0.00011682670234501229
addr_fp3wj1l96ghe8l00yac9b6j2evjh88zpptg751nsog,13,8,0.0001425189742508099
addr_0mac7trqoh3yw0snx09df4vokqv3kfyyblaq6vzyas,8,9,0.0001228262511209138
addr_08bl61lewlvn8tmf1g8s9rb91tk9j1fcfdm7jfwtar,10,6,0.00015282852283453753
addr_7hhnndo8perhgaqwx5s99dq0byqrb271vbh9r9u3pl,5,7,5.8990530473230944e-05
addr_6k146bkup2iv869vpfr4ufintf03587jhubo6ak320,9,3,7.176470280452604e-05
addr_71i25tooxn0u06u0dyt6z652fnexk12kndnrzzyxm5,7,11,9.147085851019019e-05
addr_7vm41tia8r4s8tj1gxaaepul7hzypa4t2ykcb81tud,9,8,0.0001505021326126097
addr_l55w1yqt4eqy5o62rv9sas511d5tqyvfgeq9ss5cfk,5,7,7.632575369982163e-05
addr_jnz4o2lsvmrudcm9awtlysj655ooenw1yuhtege1l0,8,9,9.336890725041794e-05
addr_4gatuhi6hhw85d98679m4f80g871y659w9t48wmpzs,5,6,8.587121419304083e-05
addr_xunpyxzimhipiqeag3wexfofx22ktie4ja8jznl7kk,10,8,8.087995234724243e-05
addr_d4tm7vmsnj6mnvzptwnd0gzuyby9oxf05yjo4h6ald,7,8,6.224795449784368e-05
addr_23ue5c5zklj2a3h7snoz4nt9iwrsbhk75uacf00g5k,10,5,0.00012522272457526332
addr_3u48t5eoa48qnpas8pp40eevdesis69op2c8hh41qk,8,4,0.00012702626108490099
addr_r0o6ffm7jc022qfmaahlq5udouknvnvm6gxva8aqin,5,3,0.000108996511709637
addr_wbfnw4v8flqr44qb9b3zjx14q20lvbcay062iiqs9x,15,16,0.000197803720465258
addr_kw6qd197i5kp3kcrok1qe55uput2u8a9rpuxq3gwhs,8,12,0.00011213240329944358
addr_bsar05w2p16mdjuw2gb04l0lzwnsrd1a4bfv5rqpdh,11,6,0.00011015499887106323
addr_dz29yj06khnlp9mjahjxjxa4e9orjtvzx7cwur1d0b,11,10,0.0001431287020733614
addr_87c0vm4obrilkzla4o69n0drdj7tktq09um3w8px2c,8,7,0.00011829914521287603
addr_6dfutmawrvfib4migothu7difz5tjf8x09r0ohqf4o,9,3,9.235211235683765e-05
addr_idhqmqcyz9smidug88k2k63sdolsq92n5p8cgitvsa,6,4,0.00011059642527940059
addr_3hkvplmtf8hb3kompo0n1dj6yi7jlrun01sfy4dkv7,7,5,8.946007747959724e-05
addr_v7x4uric3zrao8sfrjiixvro65jvaz4w8rfk4fk1g3,7,7,0.0001035879720829692
addr_7mh1jh03g989cqcxllaqqigasxzghuafrxztgx2lwp,9,2,0.0001063467189156404
addr_0m1vkvcnx2kfd568ipoyey2qp5n8jpebk19yo4af5n,8,7,5.262392603746121e-05
addr_trf1t1g3c1dq0ipm5x50mcb68jzat9fk4ld6fe36t6,8,4,8.9245551584021e-05
addr_w1o88nx4cocn3xnqepsdrspwzthaw3dwqj9gnvml4u,5,8,4.3584151186660855e-05
addr_qu3i8v3vpnbm3a41738krkvj75q0n3de1hqcob3jxi,9,7,0.00011926096706513036
addr_ko8zs8g6w3cjhtxx3zcs1ozfsrazzxvkkzcoix0bfi,11,4,9.74748322691996e-05
addr_dpy7bj5ikmaz0wy5eqkcheku35s3bz0cbrdcdtlfn1,7,8,6.812550274578778e-05
addr_z3k8xl78fpya4qtp87oky16brixywz6dtvld008ajh,6,9,9.890185730138055e-05
addr_zttse25hwxk4bmnnsl9yqhxwrhau6jxnogvyz73b7e,5,9,5.564325855286239e-05
addr_3p15ahdbvzb0oih5csk30lvylkfxhkc856wpr97y2l,5,15,7.03223805474555e-05
addr_3ru7myow8dt8cq1xgbngz6wmdw0fgzvrctlt4q9bc2,8,14,7.851736810716201e-05
addr_tnrp1i3661l08kgfp94k3awlar0wh0rfiuprog710e,4,1,3.35840951221616e-05
addr_s0d7jzvpbml4asv1ghl7ux3l5d6mnemx2jv7y1z37d,5,4,4.554458522363986e-05
addr_s9gn02lyof8iqi1qnjyp4ef6yel8gfwl23gz29jlf8,1,8,1.8898435427630697e-05
addr_iig6mcp4z3oapb9tjooet68zfdf8d0obsgmm3qxgj8,7,8,7.046498749043019e-05
addr_gfhcvgeli25dyn0fs37f5nw3s5us89mtbyae0xg2db,6,6,7.47171079977686e-05
addr_57v8c4qjw10tz7ob0jy67u6o1v0k22v8cdk74ssqil,7,9,9.494876679927706e-05
addr_tcp01vwteh6y5f8nswhwyatje1lao6q3z0z3g4jzm0,7,6,8.563781779891463e-05
addr_gvp7nt9clvgfbh3nph3llsf2gum5xdwkodd00fz2q7,8,8,0.00010861457889395052
addr_h3gb9en3vstqab9ofe2k6umw8vt9a1jyo082lpfdmg,4,7,6.564266339504478e-05
addr_b1sahstvj3zy37x5srkcnyvc4eacz2drqw6cmb97a2,4,10,3.2695391247999145e-05
addr_aqyn34440we0vc54x6rl5qr4ffo678e9dug94mdrd2,4,7,5.0724552285780095e-05
addr_fxuj5ogqjt4ngydbnigzmk8j1923wvlcx7mm1hqb1e,6,6,6.932197790548272e-05
addr_zcizyka9x1ru8ubls9t4qg56x0at20uyxwjt6lzrfn,10,9,0.00010168616598370484
addr_osv037nkgph4p64nnbhxx9eintz8z2dclio4oqd4rk,6,4,8.7427032258091e-05
addr_jrzhab92qjk4gd3btyktz0df5zlahhl094bv3oi2bl,9,8,0.0001437019015510083
addr_aomw14jqqbbs37chw03upe4guitfhcj6x082str5uy,4,6,5.3788867917856e-05
addr_0jez4uigkplrggbi28shqengj9u6v6z8kv8n0wczvl,9,14,0.00012241661483699021
addr_vzifw15o82ql9fum0ce2k4q3sw3wjmcsbwmabls8u2,7,13,8.981439767488924e-05
addr_ons9e58tkjwqnn2n6avhg55ozdr7h0tdeemfchn1um,8,6,7.657377134059929e-05
addr_1gzadbyjn8r06nkk5iwttv0r2ui97n7ydohms4fn8p,3,8,2.477030948704351e-05
addr_fztombh0ncasop9bpetr2n3jotwxspzhn9t93to9se,7,8,7.24876843928631e-05
addr_76yl37zy75yyul06i3x59x4ibllnpa7eqmtmdygh15,10,6,9.235305025423907e-05
addr_xgfl27ewp2q45mq9k1ga79vojjyv3ud6pv0q66dxus,6,5,6.00923598054312e-05
addr_fs7ircdw4mlgjpegsvlyei74ly5i6b8dgh1g4xt1fh,3,11,5.209674325218895e-05
addr_nkbjbiqkmtwgbe23nhkqhdlsnpp2480fzptrb14qcr,5,12,0.00013078069500744612
addr_o3v481d2pr4p6bpb8zf234n36ftsxrfmtnwstkwq1m,4,6,6.989509644422042e-05
addr_2w8g4u1iwaayriberxe6l0dcz6pbbouzy46v57hlsz,4,2,8.820461653254564e-05
addr_6qli8seb9u51pwbsgzlllr3v795r5d7v6klpgxd9a8,6,9,7.096661379231668e-05
addr_gguj6eyta0cor7y8tsvihy401gw7ryeubhs15tt2jw,5,5,0.0001153195704131982
addr_zco7i4cenh4edr8mcvsm0xzur7t3q0zk97ylp06jlv,4,5,6.983168932886195e-05
addr_4tl88gp8zkod8zc45mjnws4zx4wmhfe84bjsd4aqfk,5,4,7.453103454398732e-05
addr_zmokz6u6s455mninho46qfi2ncysg74py8a9hjxt07,4,4,4.972362250916269e-05
addr_dx7nt2qmrp9sr4qwboyww71nvssixrkhwgpss85egu,5,4,6.174575034005071e-05
addr_77x1yg9p8f9c2tiqim0axodho83xknd400m1v4msxd,7,5,7.387270871676106e-05
addr_2xpqgfme0o5tx9e2ov3c69btjde28w342cooouv3la,5,8,7.845058183524193e-05
addr_egi5r6iau1qmd6hklj4tws3x9qfceza1789veo8w1i,8,6,8.861844444852407e-05
addr_sf1u31r8jwhtthqd58wkcqikrabbnapek2ud5pe8i7,7,7,7.987516350669237e-05
addr_ug95tuix68e498bvbxpsvzzh6v3m89ewcj9yrkjgoz,7,7,5.387793511222785e-05
addr_nhbzeknoslrgo4ffigbajxz2fe2y7nf59lctslqt2e,5,8,2.6748911079698794e-05
addr_u795qktowccp6thqi568hjgwbwkrhqd8lzfvmyui9h,9,3,6.106136320761533e-05
addr_vrsjrn54myz0ksboamrvzpq6oqkiw3hekz3rolc2uk,10,10,9.04247252211973e-05
addr_w8b52y2lols2wc891icg4lhow74oduguqhfqsmks1n,7,10,9.523894948081908e-05
addr_wpofhehfau7l6gt0fme9448ykgdlt5v8dv71s18ztu,10,4,9.73499463525282e-05
addr_lnainiudto3r0vhzzcfdw4cuw7ezredcwu9766quwb,10,4,0.00011435987937971716
addr_yso9z7gdt7qnjgpj7hnzkj3lrug10qwuq3u4zhdo53,8,3,0.0001334956169922878
addr_sr8wiw2cncyal07szsvj96y5ai1dv5bgh3ewsqud2z,5,7,7.55187112955952e-05
addr_kfg3vi7oj496bwypae9e62po1ho3w7475d45zxtv7y,13,6,0.000139255970182605
addr_ees948qcf2udshs36fm3knzknycjfkqnris5qh7fx7,12,5,0.00014889167232368266
addr_hfif4297jdm9ivnkvgfy772xdry88yfy6tei2qcbp8,7,7,5.3218569387343126e-05
addr_gzon14nqzndsoj99q84tw0cg3fsdlznesvpf54g7l8,7,4,6.378775431142519e-05
addr_wu28n0khzb44rowaeqfivtcytrnd3f3bdj1gyqyqxo,10,7,0.00014447932500122681
addr_0p6if21skrzpzhlystyjgcrmightk3pza7dd72reds,7,6,0.0001176800453688534
addr_rl0yb9c55c5mwbwacj28msabbkazjmwn2k83mna9tv,7,5,0.00012228398530280494
addr_uaaw6zm2a8ddacyzfl7o5k5ewd6y6uykiazyrrj87z,14,3,0.00013582580216829046
addr_5m3t56izv6x7dyquix2nsxc2hmd2a6klqjn74vf0ux,9,6,8.691442616397693e-05
addr_whg0u43qlx3f2xhdcv4bktcv1ltwbj9uu2bl7amkoh,10,10,0.0001273726662182773
addr_ecrnb3pt5p97trz9cg17h93vbqyu0krb9mva3s2cee,11,3,8.621263121798659e-05
addr_gmqadsbrmk4af077gy3fy4g207yi5zhcn8ifq12pqq,8,8,0.0001682906641407852
addr_ca4ghix0a3p3i5gn3zkcklk2r65qrz4an5x3rf7lci,2,10,2.890169745467506e-05
addr_zphhdc66gjicqy7lbw61nbuu1937pmq4j2qk4sckqv,8,3,0.00011752228475963923
addr_cwk6jwkdirqx8itj6vbzcnw4plgyoelcvtcuvz809b,7,8,0.00011986013185457493
addr_05unmp6t6llcsxh7fqm7naunwdvgnyrkq8trt94lau,3,7,5.302937653890501e-05
addr_mgcfvbiadf7m68horwvx9vfphre8fb156cd6izf0of,8,7,0.00010593821745495448
addr_cqg4ntnj3x0d5jez2l1sz9c3q31lde1gzrb461zs2t,6,8,8.769294079683096e-05
addr_rt2l2ieo9uvj3bsy3onx3f86ugyfunmad1bx6az8yg,9,8,0.00010833204434880033
addr_b052jxfp76orj8v4h6phc8l8hq4fy38xfq07l8rxmd,3,5,3.5868713229715084e-05
addr_iimywwh5k7gphmwe07m3vm6j59lpbrey926t2e6i1d,6,7,8.204210168389656e-05
addr_n2jd7ivki6rdqqmswrfw9mss0upy8ez3z6hyjancy5,9,5,0.0001543109196682728
addr_q2wzpe2vr4im5h10agovtgz5khberv9wmxn8v9xp4c,3,7,4.5171040757262553e-05
addr_qj2zikoztpzf9wytq34rki4yh0k823pebr9ftwjtjq,10,10,8.378898801301376e-05
addr_q0qx517tuxzzw3jh33tyhhtgwluuht207pjjvay5xf,8,6,0.00011191730551105509
addr_5agp60q2oazfuuzwp4o5xkqr4zlxb7giorfzcp83ju,9,4,0.0001618738837120462
addr_i7alui3yxpo8rvy0hadhk2jhonw1n347j2atw7i6la,8,11,0.00011756481753251784
addr_fdlnokvx1l7vqqn9d3dafs511vx0zb8h39f29y6knt,9,3,8.577174921918343e-05
addr_h6ou9sbgb35wc8fvw3jzxzj2foei1bymptik8sp1xi,9,6,9.997380980962082e-05
addr_x5bgkv0970vqqtk2l4k31j8ozjvlxx83fwv8zwp21e,8,8,0.00010226354514603668
addr_9nktxn948hnuaybs4tenligdm5z0nb7wh8fv984c8m,7,7,0.00012884260583211158
addr_r1efi7qmr2uj0ne467imbt4q1pm87tx6w24u3wrze7,6,5,6.413250790070296e-05
addr_0fd1nleqhu7qy6aiz0atnmovvzkjz1av4b0p1u9ovl,4,5,6.132510010516335e-05
addr_gw10c9ix6r1nxhbqam97xo485d4vueer90mwb4ll3k,10,11,0.00010662045097320274
addr_qjkhbcqhb0wc7wllxpjq1k7oqqnkewmg4ohchqntaz,7,7,9.414135895765506e-05
addr_ajmhqxgg6vdt593jaxquwwd1c9ybx6gyrbqdgm9d4c,6,5,0.00010113809901930666
addr_hw9d5u2nkmbgf4owwmddh6nv8phd8xc2wlen418etu,6,6,7.472835034396482e-05
addr_r5vbzlqttg8c7mkcha9gax68xfbprolowx3rj766vd,6,7,7.411522992253119e-05
addr_uvlt3h4od2nd6mlhbcv9jmjo8es0zfnmffu4rcf7wn,3,7,6.809885514593102e-05
addr_i0ewy3jmolp8ndw8s68vl7jf80tm2p84ylb8xnrvqr,7,5,6.172872942897259e-05
addr_8gnvowe9zejr4762bykwhpu3v3yliblp1e6k6z9glm,9,7,0.00011078748696800669
addr_91m3fh66qaxex7avoyqf0hps0860piyyui0ueyun80,5,4,3.845682802958576e-05
addr_7zxuskx910yu0xwq6iwkoocdqrw9myzmbl5f3088b9,7,7,7.502456424554253e-05
addr_r1hmgzexp6pnocxjr0tq3r5jm7yp3dwen8y7jk9p71,8,11,9.0914842610046e-05
addr_h6fquezrwixyzs86ivpbbu7fq6kayd7o4bep88jgt9,6,5,8.802784464830523e-05
addr_p5taudsgq78ow3rqdqdoyr06ilte7kwk08vurm0x8h,5,7,2.6191938476595867e-05
addr_jceyril4767zxomz9g0z7swy9v43ymtfm8my716fd1,8,10,7.908715619383611e-05
addr_w5fv67s1x9hgp24nwtw7geid3oskzhv5hf99o4ocuq,6,13,5.285926871272635e-05
addr_ybwqrhjx2j8wnozm2eecv7tj70uuij3r2ydf8mxwus,4,2,5.445192550257694e-05
addr_okbf43kkvyq9bw5531y7i0ama1kcphszux6t5lhjpb,8,5,7.538215347765983e-05
addr_xrl6fvdzl1ubujohqcxp19z0v0fjpsnnppvqly3ibd,8,3,5.904238904310889e-05
addr_xsic7zncbcdvl53hlqob743t9salh1y1qqbcc55ktv,7,6,9.436914464766315e-05
addr_244bou4eqb1641cbn34v5znf5u9r7qy8vakbelq9dr,8,5,7.242213069914659e-05
addr_qfjp46zhes95gnqceifvv2p7t99jleo0ks4rnbhdl0,2,4,6.905765564126047e-05
addr_ovd38r3yhsevsiiney03wwb0laedz03ypoe6517jhx,10,3,0.0001418734387538362
addr_6mvn35iazp48arjs89fljo6qvcz823rhu1rgtuh08l,6,8,6.56464383690023e-05
addr_t2gp5yx2shhon97od4rrls18fsrgf48ke457iy7x1m,9,7,0.00017431394268037869
addr_j3a6jhwia57g5ycsdnzpaual24v96y74yg5al5lk2y,7,6,9.80914126194591e-05
addr_xkfso0vddkewtmny9eilp7dhzhmfue8e00sd6yxzco,6,5,7.297070435086125e-05
addr_lrx32xo4cojhbvtomgflk6j107u3l0vpoo4hb76jmf,6,5,6.848329428032842e-05
addr_t0hdk0cdjzivem321e10bayxgrcziq8fka926k1fb7,5,5,4.939431613721549e-05
addr_h2u8v7ljq54bg5c21073aeep2r61ljxgd3uex1ergw,3,3,3.854161750697914e-05
addr_aruhlkm532a29i6kuznqj78oa109573wng46ydpsny,5,8,9.281798506936758e-05
addr_ir3ifz5ibtzonbe7nr569egtz9zdfbri65vbebd8yp,8,10,8.035228507672665e-05
addr_vmcpsiln3ox5fl2moxq9wfb76av3s2sumh3b0n9cc7,6,11,0.000114881676087967
addr_eq1g6uy5jjbi1xas4fjr691rfyo2rcecyhnep5zr3x,9,8,0.00013625794702118736
addr_j5n860ath9kp6asssuljaf4wnsmw5gyrw6owh8vlig,7,7,8.54851383999338e-05
addr_roh9movt68tf7apmwmfeksenebmnpxr803gonnye9z,11,6,0.00012576699706497052
addr_22k87wcgc0mzwa4t1rvjyucephlzdvf5tueffgeonn,5,6,3.6090600396132234e-05
addr_yxspg5q14ys5rz0kbc69pscoggzhiea2efxf1ktk40,10,7,0.00013798135099782254
addr_y0rsg5u3haxwdlpbjrdhqxahs5rcgb077nxdt7u6cl,5,8,4.853348169037786e-05
addr_9hk5pyg8vj70zjexlz9ftlv2du3q2e9ui0txmat7p8,8,5,6.307482880807138e-05
addr_klm00yx3ax2rfl7ni857sigdfhyaa9dp81si7yw1dt,7,9,9.679812745100894e-05
addr_7czyheswmp2be6op6qtdpxndc53kvk66hyfq2bfc4j,8,4,9.97990766171094e-05
addr_bmc97c7bo119xp9n56nyxtxmgtt0iaakytt3imj70e,8,12,7.632387628132591e-05
addr_dlbdj0c7vfm9u6n10w2vgsvxe4oap01a3iz1wyzrv3,7,2,7.323979421903645e-05
addr_2uf90hwwh9jujhvd5hfp85hr8hdvamjqy18o48cw0b,8,3,9.402995445023868e-05
addr_ucd2pg6x6v6ex2c2onidnug027qrlqk1jk75y21cr8,9,6,9.167209194603997e-05
addr_dblitiy4a477wa6vyu50jriswvnautzi08hoeli29l,6,7,0.00011639947352626221
addr_v73yig1gvucmss3pn6qz2lae60ifty92kl3ne5nt8m,6,5,6.116006060034984e-05
addr_jmamd0251ll3mlnpsf9tahpgive0gnfet3a525drda,5,6,6.618431546505839e-05
addr_dg462jaf4rmm61wfe0mlnso58cwn0ef0hfgisk4aex,2,12,3.076415813326211e-05
addr_ataogc4g546h7w5uk21nmhvq8uvcok5rv3nm1a0ck1,9,7,0.00010964871279604313
addr_izdi6jcsi5ivwlmfptzrcjdx169j0vvdq0wznsqodt,11,10,7.559462229381863e-05
addr_sw5ut91573lirku321061vrt9lpn41uv4wp668z2ve,4,5,4.072140026811173e-05
addr_oa4h53l0p7bk25gbaj4gbs229ddaaxn6rx4hl82b2b,10,5,0.00015180211839088865
addr_jc6bzo3kn1kowvfy0aqe6zayogkjdhgsyaa60rxtii,7,7,6.683191898453583e-05
addr_w0hsbgq25amuardynrcncebkray67wcqc274bvmn22,6,5,0.00010668701968179904
addr_ft3bs8md7wg1no6iosg92ncgzrr1poew19qjuptykq,6,6,5.564908772838012e-05
addr_ajhhx6b6gamjxlse62tdullruhpez35go2a8vbodqb,7,3,3.648193570735823e-05
addr_hmofv1jwb2upgubw98cc26n4uw4ln71hi6x65cp6tu,13,6,0.00013709770363383843
addr_meot451d9nqjtblid5gd5jpc7st9pcthg8lyk7gost,8,11,8.671986230160998e-05
addr_l81wam0amoq0ewe18yyczn4vgl7mu89t92c8dilpf3,9,2,0.00011196643419665753
addr_sx2yp7vnsgolcbtl97p7dflrf3tf14fruxtnxj8uwo,5,5,5.0239506219670624e-05
addr_86g78z8150fchfpruiads0x9oiwyln9r6ahbtnrvgh,7,7,0.00010380014573394209
addr_7udol2caxcvfez385z3reqnxd30iw1xdusy99l8k7e,17,7,0.00021927531965245569
addr_yuvu4tji53ya9lhsmin3mrw9riu89if550i826y6h6,3,8,5.332542125994328e-05
addr_sspfozg37fy3fmd6xkhr40bz0pabwyj5km9du1utpe,10,5,0.00010882657506628007
addr_xr6vnk10adwai09c11kx29ahsxfkmkake1z0rla0v2,10,8,0.0001827519175225844
addr_kfamydqy7dmezklsr36i4m6wsr6xcexhg02qxqzbil,5,11,5.8193317235459944e-05
addr_mgk8zfjliitzcy95ntq09tcgxvnlvxkicvud77a0zw,5,7,6.221178879908381e-05
addr_2tlbvzp4c8omuxi4eobbgod1zjtkbrfx8orsxk2qio,10,6,0.00012798121422967257
addr_sdtg93kvz8loi6r9wimovlp2rsydngsbn8e8gevtyb,9,7,6.871881975293758e-05
addr_h399snicu0mj083exnpvglrwrsfqhus4cttytausck,8,5,0.00019253338476637669
addr_gg36b4bkgfm8qi9q4p2so9jgz6slcrh68doz2k2drr,8,4,0.0001226302790357192
addr_qjmu4j8fevyci2so2jqxdp21tsv7kvl11o64s1ytny,8,5,9.225201221182817e-05
addr_j0ak269ryohcknewjr73cknu2mwm3728pu8hn8xz4o,4,14,4.5517664632910466e-05
addr_gyr58mx4yqq14267yurnzp1oqkv0n4h2awnf3keyyn,7,3,5.405389935362592e-05
addr_67dc8yww300kl4ts2dxh1e4g278vyqtcyfg0h29vzo,7,7,4.983514786598029e-05
addr_6zsmwopjhyps2gij446il5gleqqo1vmllr5h189svd,8,8,0.0001186736779029709
addr_19q1j10idsffq0nezh1u9c245o7o7gri9etmo11if2,7,4,9.423745028978018e-05
addr_1t0dpu5t4cyk9ri1mxgvlzqg5gjdeu6lvg8l9chtb3,6,7,9.438725148547318e-05
addr_6bi3rdgh0jhtpxjdw77e6hjh7tskz3fmpn7e8m01ad,7,7,5.586275628823942e-05
addr_t0tz8yd3izc0857hde0qpb85bgokcajvrb0si3ofp5,6,11,3.8624264898849846e-05
addr_6pifueen6kay0ugvlfyaeua9x1b1rvkhggzra6v1d5,6,9,5.7577753046630025e-05
addr_hme76gv65fqjxl9vi4ox5t3z70n6lcfu14a1qvnrwq,7,4,7.190768668111483e-05
addr_ttaldi3r496bjzlcxjmumxltk9zejtye81u68joot8,5,8,6.9431181464455e-05
addr_xyxjczefh187lijywqo2hohybkmsxyuyetnxblq3kx,13,4,0.00012906071535890486
addr_2pqbhmid4vusfdd080rgpzoxcsukes6yudp4ychdka,10,7,0.00013328201491326518
addr_ubods1eeurxhw0ic1l7dypmlvak9w9pfb3hn14eb87,6,8,7.696013886123488e-05
addr_lq8ju7l8wzxxa6erntquzj6qxg4lk23lny7fj7qmdc,14,9,0.00012108800561537377
addr_hzx7zb146dzf9wtdnapgfhtn9xed3a27f57u59y61f,7,5,0.0001060665737890505
addr_gymdm0l2ljk4q5v7c6s5nkb4ehou6qlz2rwgwaj1g1,5,15,5.841191238725803e-05
addr_pq6jwhky0k9qaqawxu3yjdrjwb3noblwd83za2078t,6,11,7.368995300155695e-05
addr_cqb8vcij8fz7zpczh2jfe371w6yx676mnhrwlx7vua,11,9,0.00014538920730421324
addr_ad5c2imj2xko7eldkmfbi630ach6vrfemztr094xyl,4,12,7.401557684481183e-05
addr_vscllgdpeqcgitop4g92m0yd3e1qf8c5jc4rqgs4sn,9,7,9.753976220066699e-05
addr_8vhontefshar4yjcjls7sgw3yem3u4a5cus3w3ikiy,9,3,0.00014014348332660898
addr_g2w8l83bu9i15r6oq92uwslvvyg4wi3va3ovtoj688,10,5,0.00010529429240794161
addr_nxj1tp4rnuuaa3kjj2www3fyjwbzaoosn3p2pbtu2t,4,6,9.268984774082404e-05
addr_ips4flv5187vscxn819guqcmkf5plzw5ryy71ishu2,8,3,6.596095150451857e-05
addr_v5mveehvg0bme8895tjsbs7skkc964x32thhcrrtzz,4,8,3.8558571450976395e-05
addr_2w0v73h94zby6fw6omxhpbu64c0ly6su9carme6ctw,10,13,0.00010968545468813849
addr_6y48l0cv3e18e16gj0phf5qu7ec4ow22lr9ll33grp,8,3,6.788967701343688e-05
addr_pzw3dgno4p84advxi7m1jlr5gr3rw4b66t1qentib9,2,4,7.906514704386445e-05
addr_ja044kt6f7djskpea7r14k7g0drw1lws9nyswgr3x4,10,4,0.00015226422774092545
addr_ltdrjur3yt1ecwkbb3mqqd08q00nbv42yh5d08qttq,11,9,0.00016930276951932993
addr_h8g3jtzznrxk1wf7zp6825m5rvqemaj6xyyete2qtn,2,6,2.2016701195413792e-05
addr_mk1jfh0hnl6ttqxf47oub09cyu7hkuhksa5mnzhqcj,5,9,2.6556996700449897e-05
addr_dvysou4ycs31htppthgh3h6rvaad74b6b4ucj9tm0f,4,8,9.446272202953068e-05
addr_m8tv1e6n031n9eqx2yayixe9t0hdletw5cbzq8uq2f,6,3,6.270767873085254e-05
addr_cdt0g5vc7fkn39dntn3bm3zf55n43ro7ewda4qgr2f,12,7,8.628867297698117e-05
addr_j1skv8y2x8j87pswyqbz6ugfhftxpo0qrkwv7jprkp,7,17,4.2803699654272266e-05
addr_79bsgn2aol7cyw2xr78ucui5fjw1ta5axp27lajnu9,5,6,5.80061029784153e-05
addr_i41ug82z8exrclic6b0yucqefrsatqv9ob3mqw20x3,7,8,0.00018498926091877157
addr_u0tuhs0v6896ibs9wdbwntcqbn2dezh9uwtw1xlwef,6,2,6.53359645660665e-05
addr_ai4jx5p071tpugcina69bjeiwa5ov2fqqvtpvbafwh,2,10,1.9689452769249807e-05
addr_uty3n1mf57arendwdelq1sjuc41xh5imft7lpif1dt,10,4,8.966902366123916e-05
addr_4780m5p6p9ogaxz3vn030jl4tne4gegtkgaxhsazfp,5,7,4.925456962794687e-05
addr_17tcwhlh7fm5mt3fimiygjeer17wx9j89zuhngz4xc,6,11,6.382166171610542e-05
addr_qx9rbfhvc014m7kdj9m77llsjbwldh1uln2qcso7cp,5,6,6.474347606298375e-05
addr_3t9lp2e2asoevgkh250cvgfgm1tm27o19qtg15xd82,10,7,9.65497393725628e-05
addr_xw8dfk9tj42b6vrp2jn5dkmskd9quokurmwqc9m4f0,6,6,4.756279989606481e-05
addr_x1g007vvu0tgm4nxkw0kvgzbeh86i5j5bqxns4hrph,7,10,0.00010135709423508352
addr_bngf4daz1fjnh0rgaboz2ap1gc3lhog1lru9ns55tf,11,2,0.0001273150556189532
addr_kpk7fvu3f0mee0q45tvguw48tp37v7jmkjlnditn5k,6,8,0.00010827074521838588
addr_i0lwqbyau5s843u73z8eztmbaod52sjyd20emtswaa,9,10,9.628987968708226e-05
addr_ui8sfq5eo4cu8vczcyy8r3nicid3hx9xva619nr2i2,9,6,7.71473491499982e-05
addr_plfnbtwt43nbf5w0xsjg30k2shakfglseze0vplvjl,5,4,3.3820986603371115e-05
addr_ug6kijcgt1b76mkfa2lw8e9s1t78vo784kqjule4ep,10,8,8.143639827274013e-05
addr_yt8kn6dknzhccoivhhfk9kbgbrshkj2tqa8aymje33,7,8,0.00012585338256844637
addr_ssombsd475j1sprbl8wmpfyo0jlkazrnwsbjwhkl17,5,9,7.798177124583683e-05
addr_g7utirmuyboy8eqta32158rrt4i7znmd400uildeha,6,7,9.141367317219065e-05
addr_evxctfgeu3sx21jylg8gvhovxvg1reg247pycqjn80,8,7,9.961095659054774e-05
addr_372e7l6bxda2xbdimyvx78ok4divt9dpc0nv0qlxyu,5,6,4.951659953445363e-05
addr_ccho57fjvket2dfxfswjsbdrti1whx0w9ljvmddd89,8,9,8.198626143092148e-05
addr_iw5fizaku7zqqwpbpzynktb6htz7aw6pfcxm1bz1z8,11,7,0.0001409700967882029
addr_s42bkocyzm5fjcnwp5r8vwsj4j3pd5wus3ykuz6woi,8,9,8.177064114375905e-05
addr_lbr5o6ebl647yim138ad8hjf3rkerfgvg8fgs9y27a,2,5,4.7637440741521856e-05
addr_t72yw4bpbhyezktgbc5dtosrx1t5rrs11bo9uwle0m,5,6,8.438457669606487e-05
addr_jnfx1knmln1e62qrejjlkbz9t19smly6csm4y5v34t,8,8,7.503678827639509e-05
addr_8fjkdrexsc05j6i7qeqkfon239sxm5by4023291lq9,7,9,5.912729316661141e-05
addr_4uzxf8d11e8kyl0fq9b6otkm28d4kctdxi1ddouwo5,6,8,6.95421723211802e-05
addr_lg6ulwjh8dp0iossdc9ezizo08e0jsv8tnp416gy4j,7,5,7.888815461309542e-05
addr_lumzxq7xvb9riri12a4meeeekrpa4r8etrn46ce8ua,6,5,5.60131018057247e-05
addr_7t44rcqjwcb4rkahs6g980rj3xiupyujg1sixl6an5,6,3,0.00010102103997227811
addr_cd2pkheozy5t79c4z504l53qfk9q68iwzmv4chct25,9,7,0.00010559685022174207
addr_pjhos6drsykwx23sdetlugl0dx98v53a40vuuwctiu,5,7,5.479508734271621e-05
addr_tk7yfk8rr2gso8n0amek6kkxkjjmfikbm92ix2n92t,5,11,6.957387849549951e-05
addr_0nsfwcpu6woajfwkjxf5nou79q5647kd7pk6z4kc37,7,9,5.849722151834109e-05
addr_purxm81388i6xw32mg6g6skoxhhssa8mcelmng3d8y,12,9,0.00014395432060730634
addr_le1zzgv937ub6ojbxjphcqlgiupqn90794hmmk1920,8,7,0.00010540446008274253
addr_4nft9j8nyhjhmnezst8b68he9bhxs2ck2r1n1wqknj,3,5,3.4446695197111746e-05
addr_rf9keypulvqinrtasxpn2bvjd0qvcpkoihy3v3zig6,9,8,7.805556165012426e-05
addr_aifj8xj8rdwxqygk001js5jalyyb6liq26hs6kzdlr,9,6,9.496535138853121e-05
addr_urdv5pi04n20ch3hkafz1130rlnrlb3mb9lsi4yev8,12,5,0.0002559909687772206
addr_qe07ojvtjzox7ywn3dv1408h9xieq2sylptw6gb0tz,5,4,3.416877816580543e-05
addr_s0smsdk5ifne8h60t02wkyclvvs504xux42neg9rli,11,3,0.00011506216909234884
addr_nsjv44p9ruly2waiy77ouv5fameucw3gxehu3ouedh,5,4,5.524007547154578e-05
addr_v2b03q12ninyqu5uy2uvoxvzbcafk09h31mpyalus5,2,7,2.5759261945935275e-05
addr_nmtmud6wu6hjq7jwm5thv1d12c523f4cg41d7186pm,8,10,0.00014432587254606773
addr_fjvfli2l2k7u6twjuhox7deuipa2ubldf31oxctgrt,8,9,0.00013472581109498703
addr_i3qk2iagl58kxo9t7e8g8jdp0lvsnujza7tz0yncxl,3,14,4.617649236486575e-05
addr_n9hfeoal1yn4cbuww3vg29kw1aakncme6f4o7vmr32,5,6,7.124867719985948e-05
addr_8g5aw14x1efnmoo39y2s4134a1lwpvxbb5o3d549xd,7,8,7.497265725490636e-05
addr_77ivlfu3tk7vnyw2fteolmkwxmsqh6wk0qgxokoesz,7,8,9.431808804147362e-05
addr_nch4h9cgjk91dpiwpzxs12fzxotcszy0rcnj6brjdn,5,8,9.915137591466252e-05
addr_prjz466e30y5gtmjj2log2eb3dzgc3y3an1mfb7u0p,6,8,0.0001343586907397846
addr_41hercy1imq9pgi7b1gmehin2pb570tdmehzhcpp6j,7,12,0.0001263532544264039
addr_kioaypyemnnpikzpxbb3mk8tewa5uy7nvlipmz6387,7,12,8.080603388550544e-05
addr_0it02zp78wnq3mkw67hlgcnpq96mphs4ca9cdlpvpv,9,7,0.00011386696729046841
addr_1q00lqqbdfaysprotij9lec8hzmpzltqh06rjqxqcp,8,6,8.050204588501783e-05
addr_4z9sw5afradlowtpzruudzwh0xuj5hey1jx3kmk3h9,6,8,5.4308362202326016e-05
addr_d08tehoc806sewdcegbp7df4yykglpcm4gc5tkuq5i,5,6,0.00011060755420402549
addr_7cxdwn2ieo7d8wkdef2mglkemhlww4vdssmg1awzvw,8,9,0.00011344865156065161
addr_91n5fpin3ofs6e7c18dq5sydn7mc3odavdrmqubvml,8,9,9.383754300784839e-05
addr_0by3avp6wpe9vaedu250orvv9xsgwxmlpjm3m7kosk,8,1,7.198139593006792e-05
addr_i5pyr1qw9k3rz0nhauz3f6xkhyf5i8f5xevcr4ljc9,10,6,0.00012062960690474536
addr_rwjk27yejr4largh4d4h5fnls36jm8fr04hoffacaw,14,2,0.00027194684226987696
addr_85l26pxlionrcam33xck08d8dz8738npm5cj8gek44,8,4,9.340507928225264e-05
addr_wo0ynpxyg3vzkczmpftbj0hrkauixjogrbvyymi0v2,10,7,0.0001091583769205629
addr_3nppc1pox3issomlx2gellfuv7qkkcj0ffegkuwllz,3,7,4.045171563003091e-05
addr_b4mg4tkzsmgarlqn69limiws6wnyapk01ehl881grf,9,6,8.956564994054075e-05
addr_e779z5pkwthgcy7ly1veqt8b5i49ppfik2s2bjw5jg,4,7,5.224688555271372e-05
addr_dncef1nb026tdoww505bzbqsn5m6sbf0exh7500rd5,8,10,8.289130402544507e-05
addr_efvqcoccdt7hksfh3oh8duj4wh6kr3nz9kpepjlo3c,6,3,5.719964880495343e-05
addr_fhb7n0nzc64b5u8wbtd85ca42veu158pmb8ucn54h7,5,10,9.967114497421478e-05
addr_zi65k18l02tyy5dq949iybdz6orkft68gx4rzcmhm5,6,7,8.198343308263152e-05
addr_0ilfbaupn03ujr7nd3x4gcorrua32mhyrf09lkwfii,3,6,4.8844814520523574e-05
addr_zip4xhqpbhzkfky1ctimuo3n3dide7tl64736h3icr,9,7,0.00011339514148648116
addr_8oeyvhr4zvaoktr2xm7ac0gcwlfzj9ob1tvlmaiucs,8,10,6.240392215373101e-05
addr_73s3hxci5a8vuglbuo9t5buct70qiouawmzjadie5n,5,14,5.915207318933362e-05
addr_ikv8o3m9k0f50v4ipwip76xp3844d84o545deaatyh,6,8,7.817897919935506e-05
addr_yncccv0c5isob1yp7m7rwd7mh2l8fqr3xom6zlvx2n,4,5,3.757503459136611e-05
addr_u2aja7hawqduily7e5rxrmjoppriludqd6od6ih10e,6,5,0.00010247803434820004
addr_qhjpki3046h54uxgwtgbzfjcxldzd7n8rcrq7wcgg4,8,9,0.00010986351861684927
addr_61m0t1igz09aby5fy6mt6rh0z5gm1vulb0rhasp237,12,10,0.00014580986116499289
addr_rsh8rf5pw03gnz3oz160nowkedzkqdww6em9oip09d,7,8,6.571829057893801e-05
addr_gmfagt11tyj0qa8ve7fqzf50sbigu907xe7ubhzzj1,4,3,8.073579420104836e-05
addr_4bljrqcn7togbwgvcqfl1hc0ukrltaat04hasj5o41,8,7,6.097387383856589e-05
addr_kiu0mxxsgfsy5ngo1fyty4xtohdxnm9ok5ymlhais3,7,3,6.78873971917027e-05
addr_nddu0z6oizkuesz1itmf7iu7gpc6shnkev1tcgki2k,6,8,8.593630208937744e-05
addr_31wok0db0021q9r1iddxxhsu3lpigvo6ojja0npstt,8,5,9.538508336838635e-05
addr_1ah54nk32e8cvvttcox76zzqhs5pecps5bjzpamgs1,8,13,0.00011176742126273717
addr_fekk4xsxthl38ieuxvix7vgru7hh0a5xaaj60w08ok,6,4,6.253143140415589e-05
addr_yqwimhyaf574cvnmm3c23ega0ux6srvdil7ncrvqyp,12,2,0.00015736166867600938
addr_j9y4d06pee3cd9ytuixf5605149xklin9kvih8mxq2,3,6,2.792713456421528e-05
addr_7lt01o1vyohyvmtt71elo2aydvswu0ngu5yu9i4eh2,8,7,9.752853110075253e-05
addr_9jzrt7ph2k3kii67xiu4jnaqjqov1nixq1aq6f74zd,6,7,0.00010003182453789439
addr_tjxfjb5ovyl8cx2a4mse7fu7ezu0uk6tl2lo0q18oo,5,8,9.677407872809988e-05
addr_k7917xfh41a68t2a3ah7u0s3kdz4ppj590emc20lsj,6,12,9.701853218251215e-05
addr_389m8jkps73ilobrso7gqt5zt6qv8qdgaxi1g9o47g,9,11,0.00013637441227800232
addr_yb0vwgg0qym3btggvniskpgk6hz4zf6phthzv58bq7,6,9,9.199949893055885e-05
addr_ba6kbzm5o22427pyeb6sxgxbe11bj0q6vrvlbha72u,11,10,0.0001397653850186468
addr_8mbaxxjfsm5t3ks3mwbd7wkglb27c8xvmfw2409uwt,5,7,4.1884976234220985e-05
addr_inrjohtrfozlaf7z4szm12awvspyzfzj29y7cjbsqi,7,7,7.736399816366652e-05
addr_wssm96nc5zytvz1cbh5fwfraqr4p85stucur9fnjzp,11,5,0.00013622530290323105
addr_i5hhae332l9qkv73ic761405rtkfc2e0q8dvqnt9w5,3,15,4.890926460780342e-05
addr_le0bct324zbl5kzhcmz2rno6cysvuhiwzwt994pn8q,9,9,9.519033970694557e-05
addr_ia3ior26q7kb7nd6ipxo4lppqoj6e8xgofkydl12q6,3,5,9.540695400646057e-05
addr_v0obgk9m8yeiaya8hrlfgv5fasbtx5u2pck4pxh94n,3,6,5.271796883008543e-05
addr_qlhhq3dm8wm8o8zsu5k7c9tef659y804brf4d5j32q,4,5,8.810215755674302e-05
addr_s7upu3f92i2pm9sun839on5kp8vlzpfn3i0vbis223,7,10,9.224948422342327e-05
addr_hjqvit8xpkdcp2hn4paop60qw1esibg26hw4ajc3xy,7,5,0.00014194912781319462
addr_zo3zg5oj076b9ks1g4kt089lw8ba3m171iyx4plo8o,7,6,7.082080212483817e-05
addr_t0l6aiok1tvpar86j0vjg0n3972z7nnkjpv5ms1h4y,5,8,4.8356370464852374e-05
addr_yxiry7cgnh4z08cysgztx5rgnznb17bot5rshzfxh0,8,9,8.354546739577535e-05
addr_4qjd7b52xovyxhzpdso9spdu3nm0sxfc5z5l9hgmtv,7,6,0.00010578492999727703
addr_hh1ygcqudu0lxnja1c80m5s3v8kkvarithrkuhzj1z,8,4,7.558320286326198e-05
addr_fqsw3svlp8pz6qdwlzwi6ctk5kgcmwbwjbdp595z5e,6,7,6.652916119633311e-05
addr_qdtuqsa19fgxombgeb66gvfuomj0vu6inay4qea092,11,8,0.00014074385033555992
addr_zuly8f2u7p1q0juo0pnblq1t5ttnbiezs5k0f8omys,11,10,9.192873825046099e-05
addr_meof46lf2sabvoanpa4sxvm9r66ebkhasptp7nf5sj,1,3,1.8883143098944002e-05
addr_s8e393uevhzmvrue93icsqcqdcixgv2zd2nq33621p,5,6,7.563289188329093e-05
addr_d39tdtk55nx98xjgf4fjlbbg936aoxnqjdaac6or66,5,2,6.341602840368072e-05
addr_onezfc8w8dap1kkwvjf67p6suzvzyt2qemg2i69s29,9,11,0.00018033180978776014
addr_dz608i2walcnsf1jzulj3ju46rhf82ha2dggc5jec3,9,8,0.00010564103432388076
addr_ac2edp8shq1m1qzr9y3dkpf51z6tayvoy7j0n7sd4r,8,3,8.185330299919038e-05
addr_2v0mw405g00r5y52pdi47kah8oxenq7jbx9k7mncti,8,4,0.00010452184749323315
addr_kjnawnga41izxtnsrtwlxdsc4e5hrdu4xszjnvc7hr,6,17,5.839916574494937e-05
addr_yvmow06qfxowqpcjdxwm3iw8do2jlob2fztse3smsw,7,2,5.6525732356912275e-05
addr_uyqu8qa2vxqi7kr54ye3dcdd3uk7i4s550zqvc2kcz,8,6,9.156983448539458e-05
addr_enuxohbr9s8qdzrwnm10nlp6ss0mokj6ty8rcf2dn9,9,9,6.536584999902979e-05
addr_ixqcesl0zxalwijw2ykci8du0wuuelkp83ebzt5dmc,9,4,8.538334181009857e-05
addr_ah5ktartw3fh72nmce4pevh4qlceq4xypphv9ob7nb,8,5,7.961348695727161e-05
addr_tfvirrbqzep2xmlfa7w21wun4md9lweit172zxg1wa,4,8,3.8543001237147056e-05
addr_zyv9binmyxdhz0ey8lqdwb32instqcz1lk4ktcm2vs,6,5,7.907168634970998e-05
addr_bmsr4caxuib7avu4zvbdusopj2473okgfywblo0dum,10,5,8.774918806034284e-05
addr_0g9b3gp3quemeti9hdgbe6019tb9pvtynxv228wedl,4,4,7.54586113175457e-05
addr_chm6g3o5p8104c6mt69q5re2avljm2bxv3t51w2fk0,11,10,0.00015291814400204059
addr_kif8o6571myiie34a6cfenjotzjw6n7xih64a60hxi,4,6,3.1219789660863615e-05
addr_ye5t0aumec13g463ihc55xmtjjtc1l8yj1lk4ki44o,10,5,0.00013262528912237948
addr_4591km1aiu9znxkfahx7brzcr9b2gvi4mwavgq3g67,7,5,7.153397546254873e-05
addr_sb9fyy9v3zsozacfaxr57ev1kgvxlobiclw2wz8em2,6,6,0.00010638100865114517
addr_580yo3qdqpgl600y7ah77jaqxdsc947h1cs1bctxzd,7,7,0.00013439969473933775
addr_nr1cgwj9s8u287m5c6reaguucqb39bw4q46derg870,12,6,0.0001238016846489178
addr_q8zzlkhh9ek92d4f09spmmpgpvwhnx7j71vckl89io,8,3,0.00011822913575081143
addr_tpjdad6dsm0y00zhs9lxw9z2volgmrior25sd05cb0,12,7,0.0001878011822962701
addr_6urlx0cl5yt13v285vyxutiujkval6za19ceu7yh03,10,11,0.0001547636762231902
addr_a5tby2yoosbkigm1tdossgqpuyw4qb56vothpcmf1c,8,11,0.00010047369474999423
addr_xgoab0m0bcpegtcz9bm25waz0gvrezkjjeuofke747,10,4,8.512522751144364e-05
addr_tx19ev58skpd8yr2rb9hxlpfrv1ngrka48wvmjaenr,11,8,0.00011128005266580239
addr_g122mxkn6trwplh8c5nzfap8xwpenvggowro31gvsd,10,8,7.701227420598642e-05
addr_qw35f5sayrszqussjhmotoy9qjs7i58up6j3vme942,11,6,0.00012398574703664656
addr_0nkuq610yf8lzp239no616q4d0grwhwq13vd6bp6rd,8,4,6.984945785098177e-05
addr_rg8rc4khskk94pq53yjok133dgtuku26fkfa7xsxw3,7,5,8.253918757608894e-05
addr_7r9s3pu3xd5exo7dnkchug86ycmcdf6c3xk70ah3s1,8,8,9.933953552965252e-05
addr_9qci1z825vyeqmqfb2u6abj74jmydua7zv6i3lv9v7,11,5,7.33697067100873e-05
addr_i59s90hxctyb6gcswiyf9jknxm8168p6z4k230q3qa,5,9,3.307249479068743e-05
addr_cmlcoj7pghnta6xwf3vol8xc10pvw6kh7crx0owcl8,7,5,6.688260959311778e-05
addr_r6yw0becruu0u0s6zc6azecj2btx1dgvloxusidrns,8,5,9.885367510275271e-05
addr_wq9112dfimi2ouuwytja7a351b49gk44kvvdrqzzgy,9,6,8.200215261023404e-05
addr_exx1uof22r78aovz92girdsr0cqa1oxq3vm3kxpnqx,8,8,7.066725176943114e-05
addr_arzv34fd8jwwnnuyh4gxa5gy4kzmtdi5fdc19281sh,11,9,0.00014019992350016241
addr_a0rsbc7lht9tdndni4kdr6ljvv2o97cindm766q5ib,5,7,8.47299796788589e-05
addr_p0y105gbwfxh470t6biz0u84to1wpj3h0chvs4ih7y,12,1,0.00015727357118680395
addr_zs2jkzrgsx8c4120m994w9zl4ub72girrdd8r2us2z,11,6,0.00012956314001991197
addr_ikzayag23phbdc4km90ijurvmeozf6mlov6isiez0j,8,8,0.00011895141997269588
addr_p6mt8dlo5glfl9fkeui35yzllwnvqak1glw78g8u1h,4,8,5.340357522943344e-05
addr_q5adbdfc3uk974qhkvsbyubiesk0bmts1fxx6annpr,8,12,0.00010347222214665775
addr_ptwo6lfjh12uxme7a0b5p8pfyzvg94s7ezs56s5wpc,13,4,0.00014623344451458685
addr_bhjgg944wpahipvcbo4xvfq1z2d34rxuuj4hnwn84n,6,8,8.04072708662501e-05
addr_t7ur2uhb7s2vbg9j04myyym2uh4df8x238niyywhpz,7,12,0.00011515472641005487
addr_g17ih20a5ihkl2tcci9jlo51bzs6650knxsdz415rl,11,13,0.00010820549533609843
addr_pemmq7b3beejk9clmrifyqnn4wjd6ihkcpgc2puzup,9,5,8.256234611222856e-05
addr_l63038r8ka2ytf2ob500ecrjjue18lojggf4i16t4k,6,7,0.00011018753819590364
addr_74pcxtwbgq1qqgxaxx8hkkisss9f162gpzv2g438hb,7,7,7.633630911353431e-05
addr_5ltvcpqby5fktnli5ckpdhkxxefv92cfefgrywlf2p,7,6,0.000104275577181188
addr_3vgcl0d4ep1rq7bag1onz32jkv9dyo90derned1upv,15,11,0.0001714780265420354
addr_a16ghnrzxggeufrl15naqz4rrta8a6fgir0lsp5n6k,6,8,3.7288553914303835e-05
addr_ungvwt3zl5i2a1gjpnc5kpj3e2z522j8fd1u3v9xke,8,9,5.6750379101226896e-05
addr_gd45p51crkyoesyte0k8ox06jnhgp46tiygi2vkvj7,3,7,8.435312431221998e-05
addr_cla8kp2wbhdcewiab2s79b4iqbna3npuvrophmj6o0,6,7,4.951769343760058e-05
addr_e9ghr3wljh7nbvjih4f1xnvb2158u514dymwpfcnca,3,5,5.0100760454808016e-05
addr_2sw51aqh1uc3vdypp7tndv9mmlslgfkwqt2wgdtf2h,9,4,8.844392742686905e-05
addr_o86px51dm5d6m3mjxr2non8f1kym2tpiphayu9v8jc,5,6,7.474858503183164e-05
addr_9lmhqqznc2b8zjtdq4j9criyrnmz0oqh5g3zbrf2fi,9,8,0.00013743564232439982
addr_kxbf68bin873te4edxxjytaxu4n63640ns4ukfyh9b,6,11,8.084397670327698e-05
addr_onc2wyg33en4dch70nc010z4tf1k6uxjt0ojerdx5l,4,5,5.8695860254602605e-05
addr_wx35bi0y6leets18w7sihs0h7s1jf3a59e2gx1hbco,8,7,0.00010663748045654236
addr_b3wmql960wiqflfd31oemiwaww7ulwxvr3ctu2jon0,2,8,2.0511445335444296e-05
addr_62u2auxisgi23lvy0xxi9zrm13647y96t875rkrcba,7,7,6.307413561313808e-05
addr_yeldaug7bb4dwupckulxtiohq1bqt1dtrb6lx89j8e,7,10,7.678115861469395e-05
addr_b0d31pq6pspnbf2sgj9hqis37ic9r3f950touc2bee,9,4,0.00011313811620253779
addr_9kgj0079wsugvszdlucxm25gtuzalvnlc7qirxwn7x,11,10,0.00014637245505856573
addr_uexey0iky11yps3rrn9k0ivexoufgc4jkm5pu8yb2v,4,5,4.144977654657629e-05
addr_cixgwisgdr67wml269h9kef80dc36p8xsj15oeo9dz,6,5,6.518116176904221e-05
addr_15mxmcdafy7csc5wkypsh4lboq9v37bjq19l1xmy93,6,5,6.682606250312029e-05
addr_aozg6fufm82zhpeau4hze22bonjua7r8ili1n2ycsz,3,9,2.492293850334418e-05
addr_g6d6hgkajxl6etd3ije8kapa73ra8t1lcu0ermfmwe,7,5,8.562848484944679e-05
addr_cohc2p7j75cdzh5331ow459mwffmgm751mkey4b5bt,13,11,0.00015746366795073744
addr_t3pe9sn0pqglpd6py15wtzgx48e1cm091eketl6i29,10,4,0.0001280862127801717
addr_peccas30w715rryq48j2f76h2jbn8a2wau9xy9l342,6,7,7.021034715305186e-05
addr_7x92pvnpfsiev96dtw20prhb99olj1k9966wvfm6cg,8,2,6.7133311417378e-05
addr_05cggsxptaq5qtwie3dn2maxi1dr5x2jsnqmc5ry1i,8,6,9.996307260041796e-05
addr_4tmttqmfefa6p0aot12edm4efhanh6z74x0lqd2vpa,10,7,0.0001304109309163625
addr_n42x2ezc7fov2ygnmby49e7eobjlzy1uu9ymszdxim,10,16,0.00011930138243651613
addr_ktr2qzisnef54natjlab909iu1jq1uwxe31ckdc6pz,6,4,8.466955732608643e-05
addr_rxabqfg0dnxfpaz2fsqex6rrlqaq6p9jxjx1gb657b,9,6,0.00010859961363460315
addr_hemj7y92599pzplr2xniz5o3lh1wwjbl5mmecccsdi,7,8,0.00010566241097131139
addr_cgl91dv55xzvru99szcu1q48pc8m793i8p1ot6nyum,6,5,8.458798947594879e-05
addr_mlgd36txmik5l2pde7xf0c2hgl7l888dov1fwkfykr,3,9,2.6183562999940016e-05
addr_3dlpgbzz3ezjer0gjcd3yrjx9ysrk4vwr730f8ipih,3,11,6.57546399483474e-05
addr_xudo5wlfseyd5d8rexu1x1pzo61shp87edupf5rwf4,6,8,7.155890098146212e-05
addr_8xvyhb0hc8mtnciwhj2wcicdoln56lqv3yorovdyew,11,5,0.00010276970406978823
addr_u8pffutmtvtuvb3g608tqerss5ikvkfzgw31p2lr7r,7,9,9.495537834134363e-05
addr_l3g0d2aoblj0ua9o6h0feeb9i9exbnxdxwbc1jlidi,7,9,7.403383281980903e-05
addr_9y49dz8ftmjn8b3umam003l4jzwyix7brrbai3al6e,2,5,2.170814639165898e-05
addr_b4qbiiqwtrpxm779eejoko9fhb5tno2gmpekobk4s7,10,15,9.191751639002389e-05
addr_p3apx88gcqp44fzcyzw74umdbf4i4chkeameqg36x2,5,7,7.128886389136185e-05
addr_iqq6wa62mcztzr4v4pcn6fcsxw3maqtiu3xx91v7dc,10,7,8.89540309236384e-05
addr_1vk2tq4dfax8wj161tktgiw0yhjfwekvjs0l39c6rl,8,1,7.048381111540201e-05
addr_3k8ekt292mi560tohxwednya3s9ucku7zqj3ovu7pw,11,6,0.0001080714814831773
addr_6zifhfwz3r2l9ec1xyqiwnq3jkjngqdn1kvalamil5,13,6,0.00019707845131924665
addr_ipnrqg74dr460sztw6r9ruc97g41x6u9yz3i3e3x1b,7,7,4.416211972390243e-05
addr_c92y692d59swv44cpmxnls2e4hcqt1sk3hfwfps51q,8,3,9.561852392716895e-05
addr_s1k9ye9o2m71hssbelrqvslwf90km3tzk3ny9v20ya,6,18,6.423155124040215e-05
addr_o7pc6dr0axdsjp23o41az1tw3apqy8q3jovyqbz285,8,8,6.064939477924942e-05
addr_mo044qcney9p4nel8svox6so2d0cfiz17ybex3y5ix,4,4,3.973477581645704e-05
addr_3xwzss7zq116nsz1q4nzfu4a9aq54r28fmy6qfd6eu,14,8,0.0001742447207534922
addr_xzg85o23bjtmw8f8iveqnrz7cdtlga6wtx16bfoe8a,11,8,0.0001260040304920491
addr_5ml2w8ewhdhjjv5b80o2uikjog809tu2dv6lxenlp3,6,3,0.00011175262212899468
addr_7pc2sp93al83jp07vuym96zp296mm6exljzz68cpg2,5,6,8.340917055616107e-05
addr_wpvc0azp79uvhsdux5wk86qng8dzafdmr6soh7qlh5,8,7,0.00010865136621066372
addr_he1ifk4w1zlf0hi6el6ovcgpenu811gth5cvfvwytz,4,8,7.874193791221088e-05
addr_d7q37vkmuu6ygynvbdtog4agrx95fmw71sahilnt68,7,5,9.731109565462133e-05
addr_zyuclq40548akt1xusas2t61oroen9oln0iwoie0vx,3,7,2.5570651793493067e-05
addr_lsdch7n4bxfkvdc6wb5ufj3lrwpg4nxo8co4m8mz9v,7,7,9.29780960394259e-05
addr_ycp24b14bo7i3p2p9rflljcjyc37smqq8u8855cx96,5,12,5.72862803003983e-05
addr_qmblmswbmhlrvrltyt3v6lgbk2xwgh71ze6b8994rt,5,7,6.454483933342554e-05
addr_vwdcqzan9o2tr1qrkwigd1sx1d188g7tvi00n8fac9,8,4,6.220057948209231e-05
addr_hl3atag7beow9vdalgsm4dotvrv542ins54q20eeh1,5,3,9.844004602258284e-05
addr_lktoby20rm73cfc4vg9z2abpt2ah3smfejql37546f,11,9,0.00012459214518574066
addr_6hotlwiykousn5nkunbsbk8vx7xdy7jmilfxd9d3dt,3,5,5.365346057262675e-05
addr_lfz2o1nx597kkiww7d6rrnm24eyxde58uo55y97fav,7,4,7.256158735614931e-05
addr_1l0bzipl3xt8s7i5lgo9tntyestazalhttosrf04f6,7,6,7.751886744828911e-05
addr_qh5l2pwh6rznow101etms8shrdjkv58ysb25odtkew,6,7,8.218326370753854e-05
addr_nkw795lyckrrbsv8dybig0a49rn6hi8n2h1ie5zlyw,5,7,4.195339959857668e-05
addr_8t92anci632kjphba9sxvqd9qg7mcjo0k7a4kg6jk1,6,3,5.678025832653819e-05
addr_v4zw2iwkueu38cy1r75uyuuyoqvqw51vhhqhvg2rt8,13,8,0.00016294729514339425
addr_arqisqr44jsms4nqk612juns8wgbj4b1yq2xjssae1,7,4,9.694726632375655e-05
addr_grxjkb49ugd4qckkex8rxicrfi0qe8zz326xx1a5tv,7,12,9.644124850833887e-05
addr_ohga8m62zo14hq84ib00gebe0avj5as917e95ua84c,4,8,5.395118982544672e-05
addr_x995405tqsyqqtl5akoefjoknphn1o9t1hw235hck1,6,6,8.567063682711352e-05
addr_zicku2dflsgzyq4saymi8twi4hfzhylfzmt8005stu,9,5,9.178301096163068e-05
addr_5is2s9xpu6ysy7glqn526mo8g0gn5sq6az2z0brlta,9,7,6.264291881535862e-05
addr_f0jg11igfmz1njzairfm5nouzqp8ky54uzdkij3yut,6,4,7.489313747699084e-05
addr_v9ol2mbruo2x3yvlqx4gsmff2vi24unj31b7e18znf,3,4,2.896533388383248e-05
addr_775zc08e55stqtme91wqjvm3h9r7sljejpq12cbb79,8,6,0.0001538964478111316
addr_dxhxgmz9fr0jtpaps58h4m23jog14efmqml2l82189,10,9,0.00012728143903331416
addr_i4w6ozx25qbrmqg1ved32lx2toowt9nm3v2p2tixc7,4,12,3.801148601778527e-05
addr_zjhsjl7b1gxglnvqkml8qrm64iiik1pa36wk1xdhkl,7,3,9.576936122123635e-05
addr_3jczucqmrunjdu0isb5iqnf74t60plozjcns6g298c,8,8,0.00012109009590068208
addr_ycahb8sjky0wjhevwlb3vdo50lx876cfjwbswrtdzf,5,7,7.775432587069238e-05
addr_grtom2pptpufpbwfo46lb50ic6u7cy35es6g0fjwr2,6,5,0.00014073646321639984
addr_rud24dkrf4fxen3macmvb9zxvth4oqsrldhh2ks1cb,4,4,4.419529214535396e-05
addr_kbkf7q0jmo05dlmucoa9lcprpa18qtyw45kwiq7zfv,10,4,0.00011172496524137971
addr_kdc885itszauf7fbz753p6vb23otzffzqc7xv9rhyk,8,4,7.704194947706728e-05
addr_q2oitdklz4785ty18ji2dbz5wb8h7cyqbwk2nkit6d,7,11,7.568510977111387e-05
addr_eam7m7q2b7i5ybojp2r51moa7aiq3gonu79ulgxotk,10,5,8.209488167216104e-05
addr_tlkydqe3meb7ha30k901r3mcyiv4q27pauk18hcnw4,5,6,6.269719822053108e-05
addr_xs48r5jmyxg035gm18khk95o6rt0o7ahmln32uukg7,8,8,4.6278432525483806e-05
addr_cuz3xv3d8vlgwl2svxsi78g4cveor7qp6drj2tjm9h,7,4,9.417593340122042e-05
addr_3n5lfocrxibz1pt0mxl26wbq51vjqd8fdt2ka0y921,7,9,8.383519475267575e-05
addr_9j6hdbktvp3wzmranlost218az9oki1tc42outm79g,9,4,9.050673643480996e-05
addr_46mh7g8yfh3xdvq8pkd2krcnebcxiijcdgghohs5ok,3,8,2.7988670528036812e-05
addr_baeo1brqayl66umrue7uzuoep9rukqx72npy06tw20,3,8,2.411309857302744e-05
addr_mwbv6ihdgho3yxtbuqf5o1jlznara60an0jr4y6er0,6,7,7.335620863321388e-05
addr_jtcrrcjul6ybp10dff9phexsznnv3y8n1hlggpx55f,4,5,4.536108881012719e-05
addr_lol492vvo1l1vl9kxt9s5ldnngiup252hmhvbdfmmw,7,7,7.072734314533376e-05
addr_jd5f0gfupikr5xru949p9q00a87l0n9nwejf7ietcp,3,6,4.436837824024072e-05
addr_iqbt4in5zhn84jq8jexwmnqbt5ypzpyzw170ugbiuz,7,2,9.675586487903104e-05
addr_x6vlcm32uxf9cc76th4gqgdec0b7t32bgao7m0dnh0,6,7,7.604494173030613e-05
addr_mloavstx2jmuft0vu46hq5k7y3fvmredy3h4y65poq,9,4,0.00014762443168084022
addr_8cpfdpqfvyx339qwxhdv1kfate0iqlcq39bfx2s1qu,5,10,5.048856240905918e-05
addr_k8ra5s0vdilq59cob1ejif1aoc4mmu69jvtgrwfepy,8,11,0.00010628562968223293
addr_hn4pni4bm9iehwl1mqed8eb86fjavgxo6ilf7svj85,9,6,8.352329438448395e-05
addr_ubbwgnyig0v25obbm9wg7p1u41ej0n5jnsbo25qzat,9,8,0.00010738106299158072
addr_syou1z8emy5o10nj1nj8uqv1jay0b0o2g9a7dn2zjr,4,9,4.476886819632698e-05
addr_9ork8bl8sxgon74sy6jh09k3sapg2u0y44091zh1kg,7,4,5.952650723194062e-05
addr_yyljdpcl12uct3hj43g1m7qitvojarmcdx46j2scvp,4,5,8.49901529468923e-05
addr_2pn0lini970hhb1xdqs9q0zundiq28ft412ysaiio2,14,3,0.0001619179454637932
addr_1u6nmp9ktwbt223n5ovdm4u4033nkfhhe8wrxxswsk,6,8,8.35384641686685e-05
addr_8t8zknsy60iwhdnqlbh197wttgngwr0o9ty917vofh,7,11,0.0001631091076212887
addr_7blw9mahe441ey0bd4aqbi4fo7pwpx7qa7ds9w8ax6,10,4,0.00011239545764265454
addr_j2qt3wcwo72hxogmjskz3ps2ap8i6niaffv9z91zao,7,6,8.177489877146356e-05
addr_abvc56hpag6o6jpzodt9qncdnnpi22744pvpmky6me,7,6,8.537796497811917e-05
addr_zwj1spjrz0oa6x0ii3fy4beh9nrm8o2164rj10b50b,3,2,4.2040398796329134e-05
addr_4axyjccvqgxnu991yi8f4md8tj042qv6hdjveiz5s2,5,9,0.00010887180679573231
addr_rgnr5xk7xbvk7xbk5sk58ahzf40pjdk8lwev6vl62r,10,13,0.00018284871648623497
addr_vyvzae2er8njqvcu0663bnswmr613wf30a946cquje,5,6,8.588879908446285e-05
addr_jn6wm7d9wza1ykx4orc48pdcs5ua8znib7vhsyu947,6,5,8.518266868419563e-05
addr_qtwp95918evgwdizo4uwfz2cgbp7rghbsajjbj52i5,11,8,0.00013470701057829561
addr_t6ypoq3sgoewuo5qtcroki8mhh9z1sxquueaz64ay5,9,5,0.00013403734698480484
addr_p8dt3zlas4loc9mvbhm8afhehzxesn5bcrjitdya0e,9,8,0.00010690374004817593
addr_dbhyim0t0ua6p9wxqprzqqgi5e6q3y35byll6b4g5j,7,10,0.00010280365277711189
addr_a29b1e9s4kr16w8t7antigcrwcv9jtt9bzajjx7vcw,8,6,0.0001273174274633955
addr_hi3m95vflebypgasliehvbidp1wwkvcp376zj3pel4,3,6,4.5570293129102614e-05
addr_hmjl6xbvo5objs9csoe7qo06af2shd5t9mmcun2qlm,6,3,7.493795311218747e-05
addr_yzw6fhl8rk554zxjth0t287smvzgydd43yyx2l3wb5,5,8,6.387516202935664e-05
addr_xggn40mdzrk1ol0gnu2ayvrqeb6zbd4naz9sipjz7z,8,7,9.202322098665799e-05
addr_2l4f0359r4dk6u6u42xj1qc98xnslqv31uwb96ysgh,9,5,9.824697601880554e-05
addr_d32ypkftvk1kowq8oh18jvsdhadxn3g82ui0fmvw02,6,3,8.249575657449151e-05
addr_se7gsqugrg4mhf7ct55x3bfzma5gnrgymf5cv9ptsv,9,9,7.229003756497453e-05
addr_hd0y0lnxhlto7z1gedd4a30rvfkh4unew6juz31klw,7,12,6.929174204664902e-05
addr_cbq03xaour45gie4un52j2w5i6gfrxopxpah61ngoo,12,6,0.00012512778672629386
addr_2x24b06tw86t2gl9s0zbcsansrnmbfsw2r1xazvpux,8,7,6.670132728109437e-05
addr_1uy9kftqee4j62ptuml6t44f43ki7gc7bfmo16chd2,9,6,5.5998503083183254e-05
addr_qhqjt7d9j84yql2ii9umhzrru4i2igpzvvkikx2wi9,3,4,5.2906528750790586e-05
addr_coi6xpwf81m3813n8wrzbfnz21bqugz079pzbeklip,5,11,0.0001036209314737485
addr_062puliqg896gu4yboc5vos43353190gqig06var0z,7,5,9.530595375228514e-05
addr_z1eyja3e0vxtx871l07q24amchpyufh2xtil7racwg,3,8,3.173892628942977e-05
addr_s3vagp4fqjcgmltozkj6b0cvi20dor7wxoe0udwzow,8,4,0.00012160766287056778
addr_7kt5f48ywz6i9jubomat3fwdyoeu6ujditm2q38lyt,8,4,9.16953558510931e-05
addr_7zmg7ojodu3rr8n6ufxrmsec73n6885bba1805f08g,9,9,9.560918093884446e-05
addr_iyuhwyqanns5qmlcli3d3scpq4rv923uv15cf89lpb,7,4,8.39124799818467e-05
addr_0bhnl9khp6vcky6kdjlhr1erdli5agbp9gxvunf6i7,7,4,0.00010184527376841892
addr_gz4zibzc1rzqhdsjf1rpwcpfdivsnyqt3glrb8zq5p,7,8,9.458543491921718e-05
addr_va3va9zqw86rtx72fr5t6jf5stk1rrz0usehjfwlja,5,8,9.201714201954562e-05
addr_rwfdm2tg5izoampuq0sl62pi144g8mbnhz0ctx7cp2,9,5,7.56124355928171e-05
addr_rrwq0geqxui09dp3xvu7pdmbawtldtvlcd5v6191qq,5,5,4.182494124153223e-05
addr_dt1k0ptu3htcx5eklyhdicu3uu9dlyytm1agay86x7,10,7,0.0001513353581138027
addr_cvm6oky53oiyvhav5ojunn1bytd6nha27uilynj8b8,4,9,7.122202304698029e-05
addr_zr1lt2xtmep4x9vevt377iyncp42wm6q9z6xpqk56t,7,10,6.4033230714695e-05
addr_46o7n44nerdy9ues4sqbreregh94wsgm4p6y6fyy9n,5,4,4.0889048379827225e-05
addr_ohgljmyssh65zsx0rwx1b12i50u1jol8a74o958g5t,7,10,6.20093247083148e-05
addr_e58f3ob9v1t4jxa2ympyi46n05fl0463na7hn98x16,10,5,0.00010866148090832759
addr_dd8rlc3qgzato7argco2jr0z3o98j5a2c549pbpywf,13,9,0.00010795513116616494
addr_gowaxu5n1x2h8gv3ngvfef4nfynxcy0ayxwoew46tr,11,7,0.0001459557316255356
addr_i0pl0okclcydo9mjjqrt309fvozrjut3u443142qnn,6,10,9.686042189165512e-05
addr_syr1zjvuac01v1gyrw7le64wpihyxoy96aukkjsrgx,3,6,3.3931594668233415e-05
addr_74rs7gu0env5sn961j88qeoz0kz4z7whwkmy9x8syl,8,14,0.00012461233460212231
addr_l7rsjlq2z4q7dvwkzxhbz1ejzq32ra5g2b8nnuqruz,8,4,8.978649952720691e-05
addr_og759d2iemiwi14pwob32zjpyfkrsnr52w853pigzc,8,8,6.600604696941488e-05
addr_e8xe7ljehqgmtmsqw7u6fe7jcef82dl8j3dr0ygmw9,5,8,8.484698565065451e-05
addr_00fnfwdff1cf2maqyuddb0n0w6z5dz8r3va75meqrs,8,8,0.00013025483427852536
addr_aq6xcbuukgsuinjesps8q185gscmnuun4tjj96mef1,6,9,7.050322422668938e-05
addr_cs6sg39ecd4b3cya9swxb4bap5hp4nkciugrt0hnql,15,8,0.0001480377786370534
addr_mzmz2k1ko6xnqxu71sel8mwob4fdd7r1930i6g61pc,6,15,6.503707036570731e-05
addr_qi5xp1glm059zwp4lh1wtw5xmbwshdpfozhjjsduwp,1,8,1.5161519126872483e-05
addr_n6zs6or609ls5x18hrd8dqrt8mfldi3zygqnz73zxn,1,7,1.906040015230243e-05
addr_9xhk1tvkjnv2utss3xec7htxrypk09gjpbf5ahipjy,8,6,6.23206615952229e-05
addr_aj4xkzozoe3juyt82z4jsijpbeuplqcxm0z774e69g,10,7,9.784777839353408e-05
addr_kqi1kxpyczcu21g00cg5h1ojvnb6qjzhmu55xz3xuo,4,5,7.224113677572074e-05
addr_ppfnniix1sknxd6zmbytjptvh31a2mf3g1puxjcn0c,5,7,5.92814033415635e-05
addr_5ubkkhwmrmukswcyv4rzdlo4ex4aod0jb4bq08abwb,4,5,0.00011344746140813196
addr_mgtcqzg47zyuy6utg4fr2kvi54v7b2kot1cetu3h7p,7,4,7.204923665278526e-05
addr_lsfvk0ywkodtk6bcd2zt9rch1rwzqhm9cc9t8kc3x1,4,8,4.0646447966139034e-05
addr_y8r8qxx84nbbl1pdbzdpr38ez7zanuyrdqzpe1blhh,7,6,7.694300562542567e-05
addr_exl94r7j3fie7jqno3gsouwcfzdc3y53zbv1vjlcfv,5,6,0.00011263573878648863
addr_1or28gst1mixxyntu0q5bvbbn1detz9771zxvpankm,8,9,0.0001278206988101236
addr_6l1z03jhxb48aebvzziypkml38kqmdgxzx64yr429m,5,7,5.6641182789873687e-05
addr_af6jkpt9gc4zjm35vz8irjdmjpwv15f84ply8ab7x5,5,4,6.086016651380956e-05
addr_dl2kpk3tem725a2smvga0kjgtz8d4u3q0jyrwsg2j4,9,6,0.000108853325187326
addr_647bx253od1r7bmgc6xei1ti98bkq63aq7uysf1g68,4,4,7.588505027923487e-05
addr_1gpt49pusrzaeqoxbe1p5ei7k8evbrx8u73nkbf2e6,6,12,5.207073408293817e-05
addr_qba3rnqf3adtprtzuf0ue99oh12pgx409wnzmo7gde,6,8,6.441871344692708e-05
addr_det4kerz1v8rsrkpvi2c7rwe9eukifm5ci7hbvpxno,4,7,5.382036920320221e-05
addr_w50cfdet5l21iql5kuzixuszg9uhx0zudqj3d2lqun,6,11,5.408949686146962e-05
addr_kijxy9k4s1gs63mlduvttn4vfuifwmty62bye07c39,7,6,7.546340740683496e-05
addr_v31stlwgkdbsxj089dmkpa97k7k3xh3uf6wbs0jok1,4,5,3.173226323464464e-05
addr_ftjd898ibq5m4tu0sgeue8vdzlk1yo05h4y94y4qgm,6,6,4.230560411216515e-05
addr_j32hh1umo4md2iqt8dbq0ycu9wxdkv5vkvzsj8avtc,4,7,4.4832295888048594e-05
addr_nl52c7wm8ydf3uy128ongf13tqro2gp6n0u2p0k3hc,9,10,0.00014678371137969863
addr_dzk4x5dd5cdl79g6wfssbss6fp8azj85kr8heqpdde,8,5,0.00015311693599753492
addr_hqq0wsvkm6t9qz4fg5wl1cudb47voohh51kk1jmpft,8,9,0.00020440897339654392
addr_7c4hmp5g8fb89hbg243ef967n1847mhisxvqkoxx0f,7,8,7.997537886752506e-05
addr_8p6pwz170qlcylq7qqh7hf36upq9g9p8ryiuoowjbm,9,6,0.0001334762375238786
addr_o08i2wzeygeu6g3j9au7tmcytkonm37xpe490ef87d,6,9,8.200847926438698e-05
addr_l3vzzxt9qubwrp8guucm5fyczu80zrz79hqtylu58f,9,4,9.139308029155057e-05
addr_cegz2yh1djt0q9bhamkcejhclv3curvdm3ln2az0q3,9,5,9.57891778161317e-05
addr_3t1gp02tjzai36ceo80tdzqktm61sez23cqui9mjet,7,10,5.383326248187338e-05
addr_zx0w4t7camso64vc7ae9duv1fict5mo7gds70z8sed,8,9,8.507176890578401e-05
addr_3hzge57kvcnoasroeb9u7h7buqiluvglaf8yftm6cm,8,5,5.5948354093980544e-05
addr_ti934b2y45gw273zcokrj6z5xezt951zoge6v2q1hy,7,2,0.00010759479676446372
addr_bf6pct7gbgzwo5s4s8vd9r5pd1am7o5610jlptmz6k,8,6,0.00017104684438557194
addr_lmh8jbwoxuhexyhjy2eburvjd7wlkmmoczk4ity37s,6,6,5.75218026889786e-05
addr_e1aihvatethmptlh2jpgohvjrteh6ctasi7tna2miz,4,9,3.678561665002787e-05
addr_wc9af1bzcftzal922slq37o0fy1y6jfr7q0qzb0o0g,4,7,2.084717581175283e-05
addr_eqlqa32pnzxnp6kub0mah2xtm21o2y1ejuoiiqsyb2,5,9,0.00011856793142003033
addr_fxbsifz4zd1q1xo16wu8aoaxy4jjutxw7vul6njrui,7,9,7.794335335962805e-05
addr_qkjivnoomcllshdvlxb80affst6uv0e3tpejjqodok,5,8,4.8677036096826545e-05
addr_nwr8ms3vfb6hteefjsn3yz28c43lysosugbzkhx91n,14,6,0.00011183448153015184
addr_vachvrxbfn6oi6emhmlj4a7nktvblbzi0052mzfurk,6,7,0.00010923766057997799
addr_unolcikmrpl6ikwgn9jyels8fphwnofj33ce4ld2m5,8,2,9.270064734968321e-05
addr_vxelted8cvc7onrjl9iaw07dyp7mo76jh78mvwnfsb,7,5,6.168606208328177e-05
addr_ff8afohku2ftlh1rydrwvjq1h1l3oqhf22kdu39pw0,7,6,8.458707042362915e-05
addr_xjkz1ig4quf753k3oot2rf8us2gk592v41jiggmlhf,6,5,8.888862591990734e-05
addr_32fjpd25v0f4c497laxsl7assvu1p3t2q7uaxbjda6,9,9,0.00010561775711871214
addr_uk6fyhh5uer9go0xvjffd90qwhaob8bcnxupbrsn1l,7,3,7.486535167338291e-05
addr_1maekehnl2nr9k0477txlf8lf1cz2pflej8nmluzaw,9,4,0.00016397557486406942
addr_1zl30hjr807e9rpogcbpsshogocslofbxvz9qlkfau,8,6,9.420323887532214e-05
addr_rq127esip1d3t0xg8w9d1nbs7t498yspmtji2igk7n,6,8,6.211291919855763e-05
addr_40j598zmd7hyr1w9bg4vbpix2ln1503og6ayovvrm4,9,6,0.00013069117412596858
addr_81vw3owgm9v0gfl4vs1we58j7ltxddqbny6mzwwhz3,5,8,6.273632636532852e-05
addr_gpi36pt1n04yp5ab98z8bo6dwkbcc7ok90vfvcc281,3,4,2.140227594315079e-05
addr_1xzj85p2m4usn9f9hnvpxapg2z5aq9fd8tufla8698,7,11,4.9942406278059423e-05
addr_4tsx3m083e0j44zlhy2b035vtgnonqa0j5pgnnxug2,8,9,9.373978579073033e-05
addr_2e13nh5wg4af8jj32desifrld1nc4kgkv25jjhu6ap,4,7,4.762011217388878e-05
addr_6no6xpf1a017vii6x502c0stuo95eecs2sgqo2nki3,4,1,3.880484675395334e-05
addr_hkdn1tmqacses3pd1c9k0kl8og0zfwb2ybqkgd81a3,6,7,8.061654594707356e-05
addr_flml0xw0hija6bx7m1smsmm4pvm4x0vvw8x11phhg9,4,11,3.629994226781911e-05
addr_dc9frdec54wyj8hyeu9vpb5saxuw4cxhyl5jxqpuuk,13,5,0.00014582911500265626
addr_26z0eek5lnb2liclq7daeev7zydbolmxf2haqaledz,7,5,0.00017197157474233213
addr_1xn5u4dmuy03u51el9yiu8l77el8nghx3mkvmmdmlf,7,6,5.7265706495022276e-05
addr_eog0uptrehie5rpttsz9ehwbbmfsfk60w3pqrofps0,12,11,0.0001341708944087867
addr_9wnt395jqur51w5mcofh3dx4hkuikckj0kofouhqjb,9,8,0.00012451927837122336
addr_n60tlxoun91fy6yo8dje7xqty6m79fmw04u923o359,4,6,6.138268181026248e-05
addr_q1shd6m2hnpur3lyn6zl13h8wk9cl01mp4ydgq811o,3,5,5.066079313519394e-05
addr_wx0bsk4jb9f7y788xf9lv1ysvgnoqz8z6x75xd1x7i,4,0,3.533541280013985e-05
addr_5801l7lo195ijbt48v62nxl5krjc91t53v30qgdoy6,11,6,0.00013256301603434845
addr_f2s4cta5qhyxzo8uotb1he3taipts77kqkwvnswust,12,4,0.00012054770599168038
addr_xj5nnuworj00gpslr2jezeqarcu0mmwihvzxa1n16d,8,5,8.50004038494488e-05
addr_an6cmap6k1nqmis1en9z1up7ijc4bzzfdhgq03rrlp,9,10,6.545861120259965e-05
addr_eyqsdywhwqov77059eaiarv4vdld7uatjy4a94tpdk,6,8,6.332299634206239e-05
addr_liz63ivv1erk0vf616d3cv0l5c098jrpg739zobzou,4,7,5.858037010945329e-05
addr_b8d82i7g6umlnbutrx6if1on8qfopa4e7cs1an4i11,4,10,4.467350370946153e-05
addr_8jvh7ujodck82853uy8u118qqvaecw9yil8sa3idy3,6,13,5.2569191600723654e-05
addr_4xzlx43fnwgme8ak4gbric7mnhdhwnk67i1b8re3vb,10,4,0.00013518482657305737
addr_bidqadf1687ktpq4lte78pkrmui5mzrdgum0216lnh,10,4,0.00012981153431681946
addr_w639mdcq0y5ym4905gmwnsrlu87ofdgxmucv8wn825,7,5,9.131948512946925e-05
addr_pu1j3jy31egx2iw8gbs8mvxt3v9uvfphtfshp6y1oo,9,9,0.00011005422928367336
addr_pyizfp6jnf538gwlk2o13dzvew47yojvn84f6r0lcs,6,12,8.28245276836634e-05
addr_bi6puk0mpof9rq9nx1kal3ex73vrw92pewgrns9nal,7,6,4.9993302585930115e-05
addr_3wude71woo0hllssg7fwps64hmzywdv5qin7zxfmx9,9,8,0.0001367218138260194
addr_2morpo9kbp744pl877l84z2cyaedl3uec2066lkzd1,7,4,7.187871353251986e-05
addr_5xqijao7avrw0pfur0gviwjsjmql4u7vwhlka1in9e,12,10,9.261542008523347e-05
addr_oj5u8ha5avgkpx76mduxkrqjgjpkuqbo71p8gzt9mz,8,1,7.96612589578114e-05
addr_guuw05802xvxitifxziu6hulprx05h3k7ujj31w0gq,8,7,0.00013129630193262217
addr_tacy15pdtz91x70fqldb2uuijnwpaytxw1vzc7d2kd,2,9,2.6717100488463994e-05
addr_s6i4ahtdqievz8bia9zlrqc3wkdw4sxdrnk02em2hb,3,6,3.5683354102331127e-05
addr_exg8tr0p2b4auabpzbctyqhau5lxc0adz63qdib968,8,13,0.00014511316724912668
addr_u2yfcec8dkgb8pwrepb15avilivi7kx3n5h4reaqe6,4,7,4.444871319595339e-05
addr_juaayafgj46qsxpdk02upc3o0bylzwzrmfw01tnjl3,6,7,0.00011624649234308901
addr_xha4hfacrkicblhzvqgfu40wljjjumxbhc08afqf4s,11,5,0.00015971939204832212
addr_dtggn8qdyqk46g5h09pz4kh8dpibu8iw75xs2atag4,7,5,3.36888989129304e-05
addr_vtyz9345zwuot8mmdfbhpsojdyuaj2obtcw6j2tipl,5,6,4.930687297211951e-05
addr_51oc6ahdgee2jer5bca74ucll3ouxbf9mtzg5jtvo9,7,7,8.850338775376794e-05
addr_il0pfezfmjmx1j1pr7i6iq3dpayn0l0ehql4ryih0j,8,3,0.00012440307391378363
addr_pi4yc1i3n20ar13ijikoxsko7lo6fyq8l8bjxr6v55,3,9,3.057009602653741e-05
addr_3vdkbh65vfzaccti2mhwxdjr1eat07ster7q78w6e2,7,1,4.643278395136486e-05
addr_9ia78wygrwesmei30hm8r9lmqt1rdmghoj9eddo558,10,7,0.00014521233563399283
addr_wljf7b62tkn6n3q6xe9ph62ezk3fh7f7q4kpntpxa8,5,7,5.141577618208447e-05
addr_w0is19zxjtl00tprob8qjzt111cjx2trx546ipwotp,14,2,0.00012222035784542734
addr_wdn9jdyvlbk4qe95iz4d7lvv3ddprxvzweb150lrwt,7,8,7.53462177085719e-05
addr_e82646x05uxvkwc0jr8txaojve7g7yd78g437fyz4t,11,6,5.819923839588801e-05
addr_ujxab9vw9v94d01hv4bi5wp47ju7dx543eaiyknnp0,5,6,0.00010139804630364036
addr_3v7q82emyovt6ldkvihi15w3pbc7rnyuyr3u7jw9wc,11,8,0.00010032911736582337
addr_577cm035xfuyzbz0ecyhaytq8no9w3fmz9m4y8zadj,6,11,9.199246122332063e-05
addr_4wqqydnw8xe3acdi86yrq2tx2xs4f4cc28flk3bx47,11,4,0.0001495296762421057
addr_1s4c8x6osy0twq2vkzuexwpr2mrc6l2m8vmhsgr27f,11,7,0.00029275819130000145
addr_4ntwzxz9ogf2by92msjqlw6u23nltipmjz1n0gdjlf,9,3,0.0001905245310345151
addr_20ebl7b4pq8rsulyk6adg5zrwmnhpjir2o4fxo0pb8,6,4,3.382442202213328e-05
addr_j55uz1sfttycblfxcf9t9u4yudaxhemyh4dldtltth,9,8,0.00010241645639216594
addr_kdy5cmqro8im8vjr1cwmtulgtmi3q3setmkxn5p8ra,2,11,8.0627779142576e-05
addr_5esnt98026cw41rz0rgubrf8vlunmoqh1jqnu8wkd3,6,8,5.894754936049467e-05
addr_j8qy1jz4pwi5zrn7dp5z15mc9hugmu3dm6l32a2mm0,10,6,0.00011018842710450885
addr_v3ajlul84bwxcc2a7p5vohihbzcg7t3fm7irfz1d2f,10,9,0.00010521433461174748
addr_npf3ld4ozbccyrlb24glvv3txig794jjixowoph847,4,5,0.00010238347934784694
addr_6hhlg6cfbbkq7i5imxkig5jq80usuhn5sujrhv97wx,2,4,3.508922146563026e-05
addr_k7noq3q2ae8kezqdjte1y3snig6ehtel4mizm21sco,9,4,8.314180283373127e-05
addr_gbjwavlfdjyujjv8lrzsuzpo0zsrql0sckcwwfcy40,13,7,0.00013371982056346825
addr_mmyr3tj2w3zqkt1gdox0zxpmdiv82k6cw51zhc25sd,9,2,0.0001012651684083862
addr_ujufo0ldtz8bgghl2fy0tuof7f8t3ki0v2awblf5sd,10,4,0.00014230541771316843
addr_xaqiiry1g6pfsg7zlukxqkz0u958c53mvh3bgacxgq,3,4,3.753648103368912e-05
addr_ssts3lq9xdqat18e671v5eg66arj0w3nbhuuef2iil,5,6,4.654422617326661e-05
addr_p5yro1wodgzdn9s8tsnc19arsoz9e5gv7p2a2q9ojf,2,4,1.4374192433633554e-05
addr_ayqyrw3ueei69gr41w5sp44nr93jp58o17rm9ledvi,11,4,9.016885297113493e-05
addr_6ncpxlgrdy4tnads70ar8ubyzwdrlc2ne03j73assc,4,5,5.824115917744131e-05
addr_m5elfyc92rz4qcotnttiztmf12eia2fpicwvjfkvqg,6,4,7.345898238916642e-05
addr_x8yfmao75m5z136l8rxyr6tx7jgixltpr7uass4rz1,9,6,0.00013560727397741982
addr_5k0jl81lm4tmii8yz86l9b2vghd2s5bvvxzizihfgg,5,12,7.333727966708076e-05
addr_1fwkg0fmc18wqbwou6fcnd95ioslqnq8tg7la9sveg,3,7,2.158094385010037e-05
addr_zapshu9ga0lifgp2a0tdzzks46g5o4mp65gdzt6mqw,5,11,6.39841821940617e-05
addr_ldxfib9sh2ux6jkl9blxgws5az8yj9aa9p9urvi8pj,6,5,5.148147583241149e-05
addr_60yup1shntcvl0yqzdubb9mit3vhtn7su62j8lbdsg,4,8,4.036951874617986e-05
addr_ilwur6qw8k0rep1ktlvihn20bwd7w218gavfxc6i4n,6,9,4.132855595055706e-05
addr_4kcj6afe47etas84tuus9e5f67ftvwfny9km777u4s,10,9,0.0001479161813670949
addr_jk3tn5t71r5p0wezmn62xkhf3b02jc6zhk8f0nnlma,8,6,0.00013580659719135963
addr_ccwksojjm7bsvihv02otwwxg4eszoymgjmdqqzndph,9,9,0.00017254140537422587
addr_ps82xlvb9hxkei9ulthycx8ae0jxyo6hfd7lttc954,5,10,4.702029111700471e-05
addr_04dv0up6fy6p0htzy5ik1b5f83xaz60wyyqncf06lh,7,5,0.00010324811515127653
addr_6y1nm7935krnm7th9iiukcum8smqp72t4yur03iqhy,11,6,0.00017122594437368998
addr_gdctgbl24qpqu1905wxyi5ednvo5c9fb4ld2sza8gw,8,9,0.00011769265487464752
addr_kw24vt2ax63vmn6jkktbdjdjv00zqmhatic8nxsqzv,3,6,3.813919237630312e-05
addr_5x8moq71h4hlw7sdip3sz1bd9gotke4ici5kvmd78v,3,6,6.725305625787603e-05
addr_pyomvg2o3lhfebd09ptbp33sa0iwhfk2z75uszj2bs,9,9,0.00014490641833783688
addr_9lf5jwf1ubv93moq8hfzvgn2k6v01ebs0zp57htkw7,5,8,5.2299639275174594e-05
addr_dme27pt2tuptyy6dqfp8fqod8ateszgwlyqddwsrmh,4,4,3.2967559224568825e-05
addr_m7j7xpl3w1ynakq8vnsllt8ka8g8icgrxbsm7i7j80,5,7,0.00011055449012548699
addr_cgbl30y4tjchcivizzwcpfhciqf2a90lnabwiz9v7c,10,9,9.327702524316418e-05
addr_qgp6siynywep33xaukshpu86ytwwzixdhn65mpcbd5,11,7,0.0002260243714405771
addr_iht2rqdfowcsa6upck4bpri9rbz624csl3kwvr6hxd,3,10,8.32499409633175e-05
addr_t4xcn5tj0z67b0e1ifw0jo9w99ek88vgcjntfib6jl,3,7,4.590164689354651e-05
addr_ng4z2ozt0kj096p0t4gpbdlcajfsyknfmcfhxbl16w,6,4,7.065512175100848e-05
addr_u15os8i2gkmcml5ugddxbzt0tpj7c9ja5t7p9qwgr4,7,9,5.945301845989438e-05
addr_y4v8cqdlp0irah0cpsfa8h0o5iae83vsqej7o82h3r,5,8,3.67572597155547e-05
addr_q9al3uct78115b2temjyx0ygezc57afkxqr5w0srqa,13,16,0.00013598672712067917
addr_np5gbvavm9qzzs4qo6ihyx7k9bb4ll9dwb3uhwzymr,10,8,8.765330926092092e-05
addr_s3gjvf2bllvdthukcf7ckkdrdo7z09rbtgf6u3yrsi,10,7,8.240647198272155e-05
addr_6ajfu9u8f4fvci6jcz48zilw2jjrzfc01d2tmq8ju3,9,12,0.0001440910897712631
addr_tmgskxt762thasd88zwh46kb6ilwylhmf0fy5c361o,6,5,9.391641299558895e-05
addr_8pln1ci7v6cssyzlegsgzsjjiuv9b7ron1x1wtwq9q,10,4,0.00011519490847326292
addr_ah35qrr4zgms66ke6zadotiwtlinj1q3q5pcnil847,5,8,6.468891174239777e-05
addr_r01jquwjfypy221le161jhuzun2s0wkobpqxxr0otn,11,9,0.00013532218015770327
addr_pf31gzhvfddnl969eou7xrxa9nbkbdksdq0q15ejea,8,6,0.00013682920688672887
addr_8sb2vctkvca8qd6rgasx3gsxs58qxkua7fi1h4z1gy,7,5,4.972087165100613e-05
addr_paiiucuigm2t5woqdnvqj4u4fggw1jyk820pzts55c,5,4,8.818941692562722e-05
addr_g6x908fnr3m5btgofjmybg1eg9ci3ug0qupshs04ns,9,4,0.0001632330307459597
addr_7zjjhzbemxxh2p9p1i803nffoupcxlsjwpvo7ztb18,11,9,0.00010713217998929664
addr_cs6wzq1y7qjcru8c0o26zizstzsnnsgsjp1d97x94f,5,10,0.00013506984908580528
addr_fjlcdmnrovyhfe9ksdbc6j8ry74mc1t7wtq39cbjd2,6,5,9.037721535825626e-05
addr_fxq0b6dei6b7b4axy8khd5f1ph3i2evwmnuvr34zwt,12,5,0.00012383958105793727
addr_nbt4lcmqe632bzgb5u0phllz6dk7zkadujdy3zeri9,2,8,6.096422684097838e-05
addr_clqqc3yqncse7juog5dcp4ce39e8p3z23r9u5swp4h,5,10,6.648393999857828e-05
addr_p0nfdd2pj0mmug8xjk31dzrhttqayiiy2s530tj2t9,9,7,0.00010663422672099356
addr_plpinjix752ui419bvhpqtsvxoyi0enajxzfrpwkox,14,10,0.000176243060145306
addr_ni0r447sljx5yc6ojkv3hqy6ykkv9nhbgktumd4sco,7,8,6.230765632940875e-05
addr_9tdj6nj90rxn5kyallp6mz11telcqz7bklult7xg5c,4,10,8.277015108491817e-05
addr_97tqax44xh0t54t1a3dewdecvdwe4ycrh3kosm36kz,6,9,7.49615088031377e-05
addr_200qh7cvh43688coadx7jw169rd8qtfv7nl84a8cyt,9,12,0.00011591649341404822
addr_vll3xwjgdyd03fvnepc6ukrphl7ztpeaxwu8lk1r4m,8,6,0.00010025202048008948
addr_x6w5u8wt17xvqvpg33idt5h6nni31vmgrn69g0deb0,11,9,0.00017873957633067434
addr_y2zycupeh4rb51mcssdbcu5ecizc7832jj1m5zb4wu,9,8,0.00012590501901338168
addr_y25vz0zqslzyqij7v2wt73syt7ak3j8dtq5yli96k5,11,3,9.583468260902982e-05
addr_z2p6040f54ryyahu8yj50qf5ynaxtbnnngno6zgbhn,5,7,6.267999531905005e-05
addr_5u7wtuorlnsmeawxd2ixs3w9eyuptzdytqo0a3q0su,8,4,0.00014224556583292632
addr_tkepw52jdp804111n52t6ch6y1wrmgrxj9l11yfw0y,11,10,0.00010198496633200868
addr_skzo3i9lliffcvedqfc1yuzpex7tv7hrbfgcb4jgrx,3,6,4.9515832942492685e-05
addr_7b6aab94zfn4coll8t5evng2j8i1jpzp91i8fxg654,10,3,8.463333604839244e-05
addr_re6nh33b9bqdnoc70l5py0aikctc3kqzdlkkepfgnh,9,10,0.00014375900846528767
addr_kuf1j9ephc1glh78d4bpk093i1dstw1cs3llm13wrd,3,12,2.8473472584913067e-05
addr_3jf173jq7xike6zkp79iq53yzg79guj1zjbqin25uh,6,11,9.811326065105475e-05
addr_172vh2l0fb4nkwug5bawlu84wk3z8mvnreg85qv479,8,11,8.174196022147363e-05
addr_na6c9lw5fdu68qfo5l8rsbcse4bzq52vso94v86wa2,6,8,8.599469255178814e-05
addr_12b7bj2ezpb76fmbqh6x2vz5n7swasrq64toarqr8q,1,11,1.613727931369971e-05
addr_h6t1ntmjsrd9q46nouhfj7upfln4rxyj38xrg2gzr7,5,14,5.033259555445137e-05
addr_xn7h16yjmidt21zbmy5qplk8yah3yio08574nedkx3,4,4,6.356848627441993e-05
addr_8p83a5zjd8n8k402bh2v8c7ht82dn87fch18dzi1p0,8,8,7.19757332172015e-05
addr_q8qhwm4fnq3vpvan6q1ukskqyf3u2fj557rhgk02jd,8,8,0.00010037065006173665
addr_mczewaai1i5jwpsvdlgtykzy5jj6q55tu1y23752bp,4,9,3.625982948570874e-05
addr_uqyhen0y49o8kxpi3wyfgfh5z1ytuymihv11btdrjg,10,7,0.0001279861619613322
addr_sq59dy1d88x9w815qg8a336nwg1a8r6mp76zhxv2l6,5,4,4.6370524742370715e-05
addr_7aj2dan9v4071s71euulo17cknm7ux1q4qvt81kpdg,8,8,0.00010853457151827624
addr_naqorgnlho80dcokvkxzn0m18xbrirkvol8fgz9c71,11,6,0.00012032783601055858
addr_7r0k1qnxobza0kqje67hj3zmwlwopeq3gj33c3kk0q,6,1,0.00010731337673029848
addr_5o9gjbr6te5ptv2do1ilqwoidxai0ixpwmc277p0d5,5,7,5.795730392371842e-05
addr_3t3k9nbf24ao3tuia9lezd88hr6nxmaoejlx07g2lp,7,6,7.206439683566454e-05
addr_wka575tljm25f58l932sf790zjpd1h8ybpj4p4tunt,7,8,9.653812369819416e-05
addr_9743p2kr4wg7s7dxd9qdakg8rhclq9dwcjtac15di4,9,7,0.00011118092396213891
addr_ve4iat7igqm4qsgy7dgjqxdytg8v1kd1bkdh4puox3,7,7,6.576564423387997e-05
addr_x23isx0czty9vldgnc3nkst13cox4if33cjyhg9we3,3,9,3.594435534309844e-05
addr_0k12pl4uczsh8h88wkjihat6st26xqn7iqo8be08u6,8,5,0.0002692596217730029
addr_5nx2wb04w0mmki7tfpkl272u8f7ldknj453rm2nhu6,3,4,7.8675134291813e-05
addr_nielvlb79ij52i9k47395eqnrbd24qx8x3tqw77nq1,10,5,0.0001022130100666526
addr_w3j98935rr0qhpu55ledqkm5lgzdu8k6wtc5baidfi,4,5,6.485664181053762e-05
addr_ilyfv63rx3u9e9l54iwwffqekdizgr8ivwd8tcqe2i,2,7,2.768824797615525e-05
addr_im2ybj38ja6b40qm5h5d2t1w7z08id9czs2wi4taar,4,8,6.279042644078915e-05
addr_a7y55irnmkfkspuil9a6p44x73rbehlqlvt0ox7j3z,2,6,3.094091248966313e-05
addr_eh7zezk3jj2k8y40rwmlg1spdqzoiyh1joj97zd5e5,6,9,6.686875475728992e-05
addr_h47gakugs4r44n431h9dmw8nz9bs386nu1jn0aw23d,7,5,7.391222562859791e-05
addr_bt60gqj4xxwt7ty1bkqy7i22k8se6mwha8cp87lnh8,6,6,8.471068817431255e-05
addr_ujbooa04qgo49673hxlaqruzoenariln4ckam1e5i4,8,3,0.00010373465672048975
addr_6parsg70s1f537ye0qzsa7yvdqbsxlul6lgjlpefja,8,20,9.042465823641768e-05
addr_t6uan2krnnbhlhiqfkn1yq47sxmru6jgn4zu0o3e12,8,9,0.00016821621367133876
addr_mw4okbijpj4lxtub8h8iwam27ifjq8f7zjs9tsxayq,5,10,9.281462367205749e-05
addr_bueykas0ue3kaxlx42ndxexyyc20kg2tkztugx08ym,11,4,9.135694569685641e-05
addr_cmd5raschqqhmrrlvqv7ka4nxq8ujp02yy0k8k8a4i,6,10,6.522704156270458e-05
addr_d3x47bnyjqjab9akzuelefrkj3ud4vhtq0j1ke8osv,6,11,0.00010939906544143496
addr_ozctwjlsh3tow4ycz04cdpqvl00ezzf8s2zge2j51b,10,12,0.00016806311299819845
addr_k7ebmqocaaoavnrdtk2jthn9f5am0khcumtvht6glz,7,8,5.2324503770263504e-05
addr_2uzyvmlteliy4q5nx8jb7lvn4fpyqfv4x0k1u5rkwi,7,8,6.084331719141943e-05
addr_jauieyabztf6xuay6tyoej908czgf0h3es6eyk87tz,5,5,4.1559552344325124e-05
addr_fpkp555n2r9lm86r4yl1w9jpkpf3uz3aoeaoeultmd,10,7,8.966399631226396e-05
addr_vyih0e7lwt9m1h4hvd5o6exogmadplnry0pw6xak5b,7,9,7.880568709439218e-05
addr_fyg1ib56gzgjdktrjrtx466zn8hcmexmp49xnm3yzu,8,8,7.561398236862915e-05
addr_2i4u7uf2lskfyagot6ebxf05kny2r3q073t0qb57z2,4,5,7.240862016550568e-05
addr_2n07rgtg3f09wii3xfn29dzx9ytaq1rkef1a0yj0vb,9,10,0.00012350084157491798
addr_ko3g8invrkoniu7ok0p7fwxucftp8n5qogv2s2w013,7,11,7.759337945261037e-05
addr_2kk07s6tbxk6w61zseutd5i3kzyo3cjqa2kixcwlju,5,10,6.114459240261787e-05
addr_7p0ixf8ydeseucp2rcx9yit0lm11a4r52rkwkgh7c6,5,8,5.6821599908533166e-05
addr_48r7gu5jo0ai5gqqhmh41qosuisqg22wygox4a8eb0,3,4,2.4344829763894966e-05
addr_avd2xn7dnhu0fi8ol9etn0e95vz90f16h5p51eh7xg,7,8,0.00013075055284808137
addr_po3xo6fyp1x1zut2l0167voqxqd1w4rqb999u2e6m7,9,8,0.00012948501862771464
addr_s01hlkeyf4x2ycewlkmviv1os69cjcjcxe4o5mxt44,8,7,0.00010821279817912708
addr_g623j737xrnrmepsv6txjn6y830x7q3vqjddgb9s7s,6,4,0.0002023924659098508
addr_4jlrgz0dncdj8d5w1iir3qoe4ikqylqxyl53cnnn7s,6,5,8.474305105569672e-05
addr_dkrlc0y0bhf0riy4kl9aryeavedhr3pceo934t3y4w,3,10,3.0007094006243293e-05
addr_lwg6orrbqspmyfl6h35ovypk1jnawkati0o7c4ebx2,7,8,7.936597148106146e-05
addr_f8pvmpnev8phalj8ho18ur92rau6079pth1y0jupr0,13,3,0.00012910252074086717
addr_ndojbdvg1t58nbij6ofb8qn9oi46gdnb7vjpvgx4s1,5,4,4.993191274096791e-05
addr_vq7luj2mya6rg73r5w502woyfzg0xk3f45cq1d6fiz,8,3,0.0001083320040115392
addr_vo27ttkojuaoowaa0d86a1qzxasdbxvfib86btduwj,6,7,0.0001023231287391226
addr_6qsslpk76islmdjpcw0r0gljm9cn9a8d0fpivsdbkn,8,8,6.93238839469254e-05
addr_vi2jm4p9bu0sr1d3lt19yaggg96bcej3pko16lffly,10,5,9.998277169636457e-05
addr_66d7wdjv07irjg107r925dsiuaz71uf09uyg3ibg3h,2,7,6.746314237264826e-05
addr_nanr30c8e3of8flopwd7n1g1txc82ava209hcqtwsl,5,6,5.921195335032928e-05
addr_i8u1hmjwowa1qklai48ghrd4qowzrhkoc98xhvazw8,5,3,6.21486576621774e-05
addr_im4zlvwuazh5yg84eniz6yv2x41dgi9i2nka4crlxs,3,8,4.165310637754868e-05
addr_49440dclqgdd0dilxn48lbclapdz6w5owk1lo4p0k9,4,9,4.9254517085692345e-05
addr_zij1u2tg53mozbwzdagmx5lxitfrrcbcngw8yc7q3p,8,8,9.91177324570577e-05
addr_d0807knn2xi08rpice12g8ei4zbtk3ms0tps7kqz1y,9,8,9.091187660139657e-05
addr_jekp8dtt55yzbeg4u3mgqnux7yz7etqz5ve853z2y2,5,6,7.520880719027616e-05
addr_tuxgi2sb9o5x260td5cnj9ylmfrbr792vpdfgp780f,6,8,5.1749761898545524e-05
addr_4451rzuie6hoe70wqis7de8i9tgpr92qio0ozrusa5,6,6,4.5583117525016785e-05
addr_9ac9t6p07hzq8oejm9cuuq4ye0wf3v47xol1ivzou1,6,8,7.268226683446615e-05
addr_euxpjmvjj9mfm2ubdkzeuo00bu05k2rrm9ug2k8t9n,4,5,5.013530522826403e-05
addr_83e26fww6lxuwmw3h71o3teho9kebpyaz26avjzeby,9,1,8.573930275443415e-05
addr_kle1tljeb7lfzk5j8kihhufisrqyrm5m5v80xhy82l,7,7,0.00018487589177970223
addr_thn45s26kva65i5fgph5gctqhivep14qks4tx4urjh,3,9,3.869544971278145e-05
addr_0jtj147l6vnsn4hiiao10eh9jn7ot3svna9ajj3224,5,7,9.667411478797038e-05
addr_14z2fo4ezp98y33s7k3478jo9n0jz0iogvc8gc3t4h,6,2,7.684784713101078e-05
addr_3dk18rl5b04sdgs8vr7f7stqsbqywr65pbmvo71l8r,8,5,0.00012330391320801432
addr_hvmuqm990cugkaz1pai9s3wbjcbfduf734c9zpepxr,11,11,0.00012861080742209625
addr_c0lmnru30xx0ifpz10qt0016d0szdntkwaj0yjlaqv,12,10,0.00017737699736416598
addr_aemy8515d4mu1n01mo458bv45rhqfzqmjg2fpiw43r,9,13,0.00012832583059955023
addr_248sd1tn4535vz644t3hhumnu9d3mkjilbfgzmu46z,10,6,0.00010471712975305787
addr_i203bnz38k4179u99miy7ipqubkowqxh4yn3pczeej,5,7,8.358625899084801e-05
addr_xk0w8e2kmbgi3hf4bb16gv2g90a7nnjp1hjv953asc,6,5,0.00010527911678159051
addr_31fi0n6dgg5gr0xafgovcci68ds03vna31xbidfwa8,4,19,1.986558861989525e-05
addr_cxaj8pg7u5g09gmdcg4y4rnmb67damyx93jh20nx7h,11,3,0.00010651941003501194
addr_8xfrkg7gvgxftrfoer5weitjkyq9ays600ucrzhyzm,8,4,0.00011157550481082217
addr_k23vc7o45ejw0hsytroimrxd1eqt1f7cag2l7vsxmd,4,5,5.827824763216101e-05
addr_27xn2db5vr4lu0cjc2v1t5qt5y5jd9hpisyhvmyaqt,8,3,8.419853439504407e-05
addr_xkjtavlvxs3x24u9yp9svz9e3etsg8vi399gnv0khk,7,8,6.124437067359448e-05
addr_rg2ayy08vzfs7ac3vr0r07ktgjxlqy6ogfae6dt6vu,7,7,8.121028235682861e-05
addr_ua110o4livfhvwyjoxy0vkwz3rs3tca674mnodv0o6,5,10,4.479441900057796e-05
addr_u19yjw59zd8oi8vfd4d3xzaa12ctmhebu9ee9x07am,8,3,9.994195781364896e-05
addr_8l1towl21ygcxa2vlhl8azdxmc6spfgtl5x0kiqr6x,6,6,6.581175632111127e-05
addr_1tdc0xvxdj7cm85sphuqyk257aoev1zbbmytoxnf99,4,2,5.013266506226236e-05
addr_kyfuoeoqaz1b1z5gty68z81yb48ctf4zn79nxmvyrf,12,9,0.00011486438330978008
addr_40gr9ttm1umviuaiwg9qun0u3v7wfn2ljm2bknehf1,7,3,0.00012411110865167437
addr_tdhdx1bjt4zf3d4d32nkx5zt5tt9ka1dluclle4a2g,8,6,5.54842741468691e-05
addr_lsbjlvy6l1xxx2n2sua5m4eo0xjjvhoiqnd8m52gcf,5,9,7.455034462419834e-05
addr_09pudlxi5voig0uwnb108wkiuf4eli7i49c176f4jm,3,13,5.9402989130941614e-05
addr_tn1jxlsfff9lr4pl63djwncxo0dudkcoxxqhf2f7c5,4,7,2.9450280624122312e-05
addr_f3gsobjfhog4cozrsioz6bqy0azpu7kcv8qgtfpt49,7,4,7.30171446617485e-05
addr_md89oo0x6i0gah9atv2wv26rk0et6x1s53ygs0ge5e,5,5,8.409889576828921e-05
addr_ayt13udsj8ba0w0ixb2x9mjjej1wa0z9owukox8xmk,3,5,3.301198240218355e-05
addr_hdz0w92cbk3pz0jqhmedv9jk63ymbwrfdv75orp2oy,5,10,6.674158842448822e-05
addr_pco9yfn4mupmudakrxnqifvbae81csf6z4qgj1iqnz,3,15,2.4421112841315023e-05
addr_k6o1vqdqzpp3zqnrj3obil8882xtzxbxq3jcdqcyfl,6,9,4.716809256638444e-05
addr_pui5soeh97c4a9euh85vgqcmq73xtvjcr779pw87y8,6,8,8.455003012851448e-05
addr_y5hj4huu4dxs16xqv0ipnjm02xk2e4r6byx0d9v14c,9,9,9.084902120988716e-05
addr_fbvetn7c7uez29wn4wfz6kikwr45g1rec7lbffx3z7,12,4,0.00013594909758179167
addr_ibqpuh7bvr8o86uonl5337xf7adhj6ji7hryf7eb4q,6,3,6.366451377584269e-05
addr_g2fsqgaovv4h2plb9g96x90roylf50rtdn22n7asej,3,11,3.7095526229265454e-05
addr_s4138j06kcvrg2xxgjhzgmis7cu80zwrjdtqa4mdpd,9,5,0.00010429282682038376
addr_v821pyiudt0wwlika43m9kam8nwf2p6fdik0m9nyge,5,7,5.059996179391229e-05
addr_tvknpkqlvfhgekgsy5gehohq9u3g0plzvuoro4j1yz,6,5,7.118468187259291e-05
addr_uqnca9ienfnx04v6gnriveibescj4kp3jhgqb0ada6,8,6,0.00013260807153410155
addr_aqdmrx8j3gcp5lwshyc1vykigpywjgth7x82jv78fy,5,4,7.746558814479365e-05
addr_zqj432jd717a9kuc3u7tg9w3y31f7q0vcgfdy1e5yu,11,10,0.00010262880288033144
addr_l3ghkrpakc6y0tz5617j4z8cyqrebmnx6svwmu5eja,8,9,9.202546702746318e-05
addr_i4q34hsccv63310l22ssevpuyxkcof7yjr3wcjimv0,7,11,6.43933228782064e-05
addr_1sefqd47mxy5avirzxw2fo9yhxlrbab7jfq5dsj35v,6,7,8.05484667080805e-05
addr_l7s591y47uc3t4x2dwwctc1srnk3mxt6ekif5x9yzw,7,13,0.00011803338181803797
addr_28l8qlsgasnf6hsn87m1f48adaw4ki9iqs4f1nyxjq,4,5,5.738783056191825e-05
addr_b3ezi0ui1so4cxlc3jgvf3yymvvg7h0qmg075mm6m0,11,7,0.00013759144225156876
addr_vazgvx5pxfckzgdgylbtg5o0zaii2l8c4ikdoiy3v4,8,7,0.0001090812374664031
addr_zdk986qnoqpkky4foa64jtsx1y4nmbub45ejmw6yrj,5,3,7.90729236539205e-05
addr_yrd89vv4q6uzzz6frewkap9ho4so0vfl7rwr7c761m,6,2,5.1693269420559174e-05
addr_ffnifuei48vltv8akcda9jp9azl70qvanrhr6fc4w4,8,7,8.733942382216371e-05
addr_7e2gfw1qyi07irf9sghqwtxs3y2faisxy78l7s749q,9,5,0.0001161069220219656
addr_yx1vkvt4fba45vc3ar6jpwgp9vcycrxznaapg80fad,4,11,4.214696997895791e-05
addr_tylavzme9wt00iv1ggxred8u8nozemdmz5rgoi9wm1,5,10,8.255454970837445e-05
addr_w39ok5a6e4fd9wr7jch77zkmcdnp3pzzg72161gfrk,6,11,5.1661261833676775e-05
addr_7hym1ughg5w7teczkg13svl47gxc7szm0n75j3as5o,7,5,5.669328950319663e-05
addr_4wjvjp7klhxargdmu1annafi835jvsdur9vtbysxv9,5,7,0.00010581428453616553
addr_bwqkxdf9lakbctmf233njxwv3p66a2xmshhvjavak5,8,2,7.986956001044168e-05
addr_3sbe00dswzbfvpijawaw2k899zfr6n02x6fho2yiok,3,8,5.1038695696019315e-05
addr_bdlhty2ltubrw62w0dkts3m1w2ekpdvvjqb5on46ot,9,6,8.336093522434084e-05
addr_uj1512b0c8n6zwcpardhj4qqrmdx5z5lrg5gfuxgyw,9,10,5.974277160032821e-05
addr_rgxbq9ok1h95vs0nonjplyb66sr71npqvzsk3u7nbs,7,6,0.00013395996875873283
addr_5wplu6uhokzzvyzsk3ctzkjcgzqonsh49vbnwlh5bo,6,12,4.034340717323663e-05
addr_f7huyw3oh7obmhh5s3atd3gw88k70098yxf212v1ns,9,8,0.00013527822726464982
addr_6jsr0u8n4kqsmekv7bw7fafvw5wxl5w8nt7f29vl2b,6,4,0.0001433965159722883
addr_e4mzkqaxeceljpp9ipkquu2hbgjp5r5ppjd83c0boh,9,5,0.0001806589389684746
addr_h3e3t8mryv39f70hyhpipb15mchuzx1l5y8qst5jj6,7,7,6.339671188260278e-05
addr_lthepsfc19wg88oq7bsc6qozdqr6cg93y8th3th3de,11,7,0.00018539173487639672
addr_6of18ycb524nw01zmy4rcq3m9rmcp03fbcl81z2v1a,12,7,0.00017779337928770987
addr_ip72v241vab6qltqrwzyhgq65tivpvd3bs3u9fyb9c,9,2,0.00010642326635194584
addr_4vdpovj2u8s49y493zp6mxx6xt8he91ycxggrg8rpf,5,14,3.960815294291449e-05
addr_2zugr51bgkej8neixzbec4qsg5q04mcthrgg8qg358,6,12,9.44031919364672e-05
addr_6z9lvorjr9ly6psf14pn1qy8ecv84xvdn0a59wagp5,4,8,0.00011380571360607641
addr_p3b5g5swr2aspdpyh85zau677sysuewgq58qtrunvf,7,5,0.00012172746072657697
addr_sit5xap328087bivvx6laii0ai0qxerh9b382gzwyh,6,5,0.00010317394860656875
addr_fd60k57toyfiiffajx39owd8gdlz513h761iiagy96,3,7,3.9960375811737683e-05
addr_kik5r9g5gzdzo5stal8o28x3u49fxitlczsy0q0k6b,16,3,0.00013464139508300287
addr_tpoosvqmyotrtcujtypvl6d06snuw056q8o2ifo0wg,9,9,9.225420017715416e-05
addr_dbdpv4rewmub4f0miz8qajxhrmf6m8wnlephvpkfa2,3,4,5.603129209077083e-05
addr_n9gkkpswrftcaqshjyafi2f079gkdf3pphmyzuyo6d,10,8,0.00013915610172994948
addr_3j7h86t7mt8fr0r6l2cxccjngs6y6aqj8cqs5grzyr,7,9,0.00012544970801465336
addr_4qfkpls28a5e34yym9hqyyttu7wmugr5kl3u8cdaoe,4,6,6.54035714591565e-05
addr_56jd1bpo49im4knpi91py9t27yfzrklsppczuonew4,8,8,0.00010692868570606931
addr_7n7iqwl138pnkxhtfsttf4ahceldmc82k9kjhzxf3k,10,7,8.99317560378689e-05
addr_dj86qfwykuqjbgj5wq5uxmm006isxabeiklnr3jdtb,8,2,0.00010370846130005438
addr_n59umh0u2te2weqpz35yt1gz03n0a0mxz5mqyvq8kp,7,5,9.940056047855294e-05
addr_sxm6lga7ty11ht2nb4siaudtm88avy3idt063q82vz,5,6,7.617734025699605e-05
addr_kcqwb00n114py4fngbg4pdfcopzfzz5t6v8vlq3vxh,4,6,4.485196764442175e-05
addr_ajrxi8fesun5vc7seixmee86ah6yg6s7gjzvlvvsz5,9,6,0.00012651623344710477
addr_gttfafthjstznzxr0munya1gotlphtjsvbpg5ude8f,11,6,0.00014162679686630984
addr_u7egpnnhn6ofqyeoi3qijtwv1mm9432b62346a4rya,11,6,0.000156779025311175
addr_g372y6b8t3btr51gdzdwe3ewct30ho0x9qzi3ndtr3,9,3,0.00014411321610966873
addr_y8lzt8xcp2x131z9e05vhiitgio8p7krpjb2e8mxz7,5,7,0.00014146917758070619
addr_4fyq4rk9715mzf645x2zjiwj2u95cg7lxryvhc98aj,7,3,8.71526836897512e-05
addr_3sb9q45s8410kmoo1ucuhzqx3t4tpyiiqlqqrpvvtd,7,4,6.458088527294316e-05
addr_z6cp7savzebu2y0oy58f1n2ojgfhz52qzskhztgbib,9,14,8.722595439981091e-05
addr_90fvdeb1i3tq0av3nbkar76i1b6sly0z8m704fkv1c,5,8,4.9510809573107166e-05
addr_frdmwrw1saya4dm21o3naz5e1b35gesn9psa6zowec,4,7,7.422017526258285e-05
addr_dnb91ro6kmp78knqcldafymdpv1iw6bnalmjsh5ql2,5,5,5.510591486624145e-05
addr_z719gok4u70aau3lgtkazel16ifd77ng9h8lbszgyi,8,6,7.105506861704265e-05
addr_ja1v2tg2ahn110bs6to8wyaqtflvm8nyzhhizebg9k,6,11,7.872846248790441e-05
addr_crkt7vba9x7ilu9psk7iuy522f049ef51te7o0prze,6,3,5.4301490914296004e-05
addr_rb7kttn4529qzygv5naord02hg4c674wqlvp5srb5e,7,10,0.00012186410967070359
addr_gvqmpz1httk1thawei0i28leswpi9xygpqti8pk1qq,6,4,9.873046080409025e-05
addr_ccl2h1z0ao9smh4eeku19oyvwfcnsq6y7bypd4i7gf,9,11,8.578240324036724e-05
addr_6ru93kz1tlejfj7msipluk23249zg9zpkx81erkm53,10,5,6.585544434359917e-05
addr_4g96hwd5guhjeod0s6tsxl1ziyrdh9pb2to2kbtczc,7,6,8.855274735025877e-05
addr_5hbb9j0fnd7ynxei1gua9axg207iu6zt93l19uvgpw,5,6,3.263151292861306e-05
addr_weisky03keyehny6x54daydlbk7ep1m97vgojeb808,8,7,9.848806228185292e-05
addr_9m4b5qjufuuawh5mqb4uwh5ytzm7wc878f2cl1ovh4,7,6,5.937868165931166e-05
addr_ydlzu8s5t82d0mnfzorgt21gquyxn38foxy2fvduo7,12,2,0.00017976538560164436
addr_jbqplbne9ebhnqqa4p29xb4o6pjhnd3j5h4l1m3tfq,5,8,8.002304398043375e-05
addr_qk3syyh5aq78so7rvsylhff6xz8r9d0maw2m0avch8,7,5,6.375224100644142e-05
addr_eirwzb0yzl8ipt5rmoh1e04wm279g836nlqglli5js,6,5,8.368492703077503e-05
addr_b524ewfia5qso38ygjwqlbutd58n6bflz3bc1tncwp,7,10,0.0001136167636998685
addr_rxw0jy7jnohnrfohzoxej6eqia0k8n0f5nund8brgt,9,5,7.156541754218507e-05
addr_gppap5hlnpspwkspjta53nye8rxlwc5zkj98xrea4f,13,7,0.00022689870037100683
addr_coulath9qu0tm78e6wa7c18th8y2cr66v9zp8ws5ak,4,9,9.308592960011074e-05
addr_3s9fo1iy5tw9sohfup8ru518aut59oky0sheb9agn8,6,8,0.0002153057441561659
addr_4ths0cff0tfvnw773nbqlndon8bzowrek5wpihdx5k,10,5,9.043811531077035e-05
addr_quhu4c4ycsyjozjjbo3nd21oumqxyb7b40onvbypwp,4,7,5.452242553968884e-05
addr_ne6zknfwpifr4bqu1l6qqp30bjll6r35tmbcnfxhum,6,8,8.109859128113571e-05
addr_g6ql1n2hzws0zis71nedvgdh45hjpzg0rucfnayau5,7,10,0.0001135505447602335
addr_t37whpkbvwtt6mzbxwhtkntyie9c6d9bg74ejhjzq9,7,8,4.050148507393518e-05
addr_7w6drpxkrlxoavp6q41rwhsd80g0p2wo265o8tsjxv,7,8,5.690003138831219e-05
addr_mk441nv2adlkyofmbq72lea626obs0uye5lcbunaow,9,5,0.0001007867552128283
addr_k2yj4p2j5bhuneirek8zhdyos8tknxqqcoj7s8ig4k,10,3,0.00010983328025990939
addr_1689wantvr4fjsbnu69im8osvc1u5w2k2ub5zr8346,6,10,6.521149552173135e-05
addr_hg3cjax0wl0dvsbsb33cp7xub4w97loxjekempj6dv,7,7,6.405951812393643e-05
addr_5m4r6i9dmi0ixw4t3ktovndn8igg707g6nztnivhpj,7,10,0.00010848098737179722
addr_fwpt55v7z3v9tmrfdi4jdv8v1ksnadg5ijib49h9hc,9,9,0.00011147444856555904
addr_chd3qe05a1b0dmysxv5t7c1aye7ufv5t22ufayi8ly,3,13,4.6055062119401154e-05
addr_gflxov5mfh1ku9bi3ny0joheqjlmgqy2txif30mxni,8,6,0.00013351140695012678
addr_57kmqff5u5d0szrgiha5p2y9omw8nur7s0y8pkqk3k,5,5,7.522289350390376e-05
addr_6jbp33giunwelajm3um94w739v5745ip65plld5obq,5,6,7.247533205727e-05
addr_eat8qzc23r44gl8ju7uwj02ktd8vv8mwobreopx1cc,4,7,5.3187439692064805e-05
addr_lwi1cuf8gq8dpmvi1v0i8gpw3o4dp632f93ntcunbd,7,4,7.066882430110868e-05
addr_g2u0fi3ktjk0gyjsr1erjsncaq3benwfujks7th1ej,3,9,1.789906594739363e-05
addr_sflfcio3lyn60ek2oy2vasy2erfybmdv4ha4ye1bbi,9,12,9.041233077349742e-05
addr_envguasmcj2jgb36h2bqgfqw856u0rktoc19yq5qhs,0,9,1.2591921833626345e-05
addr_dgc651j325u3rnf89adfoyxh1gvvmj48ptj1w1rajm,7,6,7.977310094588025e-05
addr_q43be9mjzmlu6dkzyaee7x0z25ytytftwl3ma867a7,6,12,6.409047457916395e-05
addr_a1qproa6l1q76ok8z9u7h2s4pgurnbzzfo0p5lg0tf,4,4,2.137238855007695e-05
addr_7dpjzevwwcp978d05ymaw77sw26yhmr43eeo4wovgf,8,6,7.92241769449349e-05
addr_23qdtvhbh0uilyh82g79ejlg6rcj6z9240jjowl021,6,5,9.466078804836966e-05
addr_26sncqjgeff4o3xh22467zte91mqpmvrmn1umnj1vj,7,10,0.0001206383143831637
addr_inqo73ci84dbajr6x2joauz2czzj4kaq97hjakb06t,9,8,8.109575671246479e-05
addr_gidj1pvokaxtidyan303rvkftpsey829owh4ejq324,9,4,0.00012763548655898488
addr_9sx3vvbdj6kznyrg5m8rl8zjdypouqyrgoccbikrmj,10,5,0.000129799956554278
addr_49ij1n8an9a48yiqzt8xkbmakf88m9g32cxuv5200g,4,7,4.479172013599903e-05
addr_ln4pxeo86bl9h0vg9hgelv7zfobd5f5y9pa4qgaehk,7,14,5.8434434460787194e-05
addr_uh5ae2wvqwl2lubbz9du5klgej5buwlsc6czazrqtj,5,11,7.41995479887691e-05
addr_61ctaijqzp1vtjic1oraygubeoolmow99w1r93c9cn,7,6,8.944152011213553e-05
addr_x5bnv9o1anf4ih1lu9tnozw39vnd5adcmnzae2m1mk,4,4,4.8346687440175904e-05
addr_h11iltf4f5wa77djjof485lvx1f8rdb6n9uycs6vhv,7,5,8.034632808378078e-05
addr_d5nxaxdkysf7fapwz512k5w8v1xt05pmtqk58dl21u,11,8,0.0001402761085048708
addr_062omojpgs1hid7hv0vlz2wkr61x6vn7xhdwrcj175,9,7,9.220742594481431e-05
addr_25hj9o28wn8chtqavpyuphpunmnkms5ysakn6x6mbe,9,8,0.00017814672095407474
addr_0z7k6xk3gpi3rfssf1hrjt33vvopnc7m1vk0f96qif,4,5,8.552945445834132e-05
addr_dl4ycpuukbi7ijxm5lze6hvoge67snvce8xpu46u15,7,6,7.493213195469117e-05
addr_jr4x4uz4po8r49r3259qavvvyy8xsiryu4gafhzio7,8,6,9.770281328977127e-05
addr_34h4za173bkggbqibreypa4jd9idr22gr1lro0xyc4,6,9,4.903879332440285e-05
addr_gv868cdun519m9n31372vfw17vupasaqhfbat1t4x6,8,8,0.0001024898888853984
addr_fwr2f5t82ddl7fkndg1jrj5xfeub4o47en48nysj5y,5,14,5.924116405438683e-05
addr_kwxseh4epbe3iep4am8mghv2vs7zs4bzi1jasdctxx,3,8,4.383640334322405e-05
addr_06za0upnsm9hwgiyqkq2ys8bh95hhzlplh87d72o20,10,6,0.00017567391342163826
addr_ybq1j0apxek045opicqy0w00y2f5nofrv0vnwxaiu8,10,5,0.00011445204426792611
addr_ghqdp3zvz62cc2b4vh1lwsjbtrbjuxix7kjf7bzv78,6,7,9.606303233198422e-05
addr_r4zu64l7zu2i3yvjnmbe4joynbrw5pt5yera1bj6ol,5,5,4.664054859916724e-05
addr_8ex0m0f2f64kp7vpwx632hdw4wm4gfy78isoypzuhh,10,7,0.00011768757022054498
addr_2wuisw21h57wy3n7nwlqhlq32a8e9ftkgwug8pvxgm,6,8,5.7481798050997005e-05
addr_og9xjpytjtuoqh61f8yr4tikoinic4nvr0ytbk11tf,12,17,0.0002275834855234465
addr_6hepjzxw0y4eijxot15klwvveuci8senhsepel5yuo,4,3,5.877400854523472e-05
addr_cdf6mq886kornlaqxuiejflat09clujy446yp8njgk,8,6,8.355478314586091e-05
addr_gd6o61gc6rmiz3dhxcv7i00tdek7zcge0oiowdn1wy,7,9,5.861934980050322e-05
addr_bchpi796v44jzj4kn2lwqv1ur1pymmm45gazvvmi17,14,8,0.0001451800479213623
addr_e8m1wfq717y5gise6jn59c4jvmxcj0ijlmaefcwys8,7,5,6.371260684832394e-05
addr_jrt0buhxo6c5wxwnjypvhfcqkgdtr5fn1y2xpl456x,4,3,2.8033897070725687e-05
addr_kqxivyiyompy4i0t97hpoockgzf4bdz7a87df067mn,9,12,0.00016354768071273715
addr_0ue1qiz4321lwcuyfljwi7n5mwcslvmaf0l00xupnd,6,5,9.291249558346276e-05
addr_pwg99f9tqxwcvh69ugrfzcopyb6cogautrhqvrmjws,10,8,0.00014781638447887126
addr_1m6u1suupjpg0961k0rw98gsbw6m2u12ghodjbo7b2,4,5,4.761198154263196e-05
addr_g9uv0hw7y2xpeojcsm8xdcb4fw6xujo5xajljmfr3f,3,4,3.6017589546127754e-05
addr_nv1zk1bw0m7we4dlhju59qg9b0uz1wrkrd4m00nrpo,5,9,8.001562121739794e-05
addr_lp4qiexv18znjfdkxmpqbxt2omw31cnkakr5kl2ses,9,3,8.225937944600698e-05
addr_1ac8kkuvgnhfnvznfsmxatd3bw1iudiwf4jkna2385,15,6,0.00026603291215228597
addr_x476keoc6p3fke5h1g8z44j9lkopj1fi4x65ecc7jb,5,5,0.0001256708011296952
addr_8g9vuia84aypxx03euhyecmyjrgzw83hh5gyuljgfk,10,7,0.00010917674030978099
addr_0ed1l3tx21jna4w4wmgc2616uhqkfvzibv45dmtlnn,10,12,9.458465814970704e-05
addr_nspqs8vwkhdfjyntawyoge6ctdb6lrtlpz1ia2gar0,5,7,5.104334727061366e-05
addr_dnhbobvgyihuivgayiuqgx8uwtk7s1oqo0j4eaisdk,8,13,9.166052689050224e-05
addr_gtoyrc45af1333za4175tq9cbmnwy5e30hejxxwzbw,5,3,5.575424876161342e-05
addr_z4nyj6ol207ds76tdo0o3odwd38x6wqe6e3vlravbv,3,7,5.68494734329896e-05
addr_f3szjobje3nv0k1dre6i8e9k7fw0a0ymh4mxc0lhzk,15,8,0.0001755093607927055
addr_zn2bb7cu5lkbzz9p7y9jjojf0s8ng9bbdbeso33l6r,7,8,9.815486436451721e-05
addr_crt52vbwy0palwe5z40yk9pp1baubmy6isecep9vqu,6,6,5.4720441874885516e-05
addr_xmopqwwmllvhqwxiqlcnviqtls8l1qx82smj7z2ae3,5,3,7.162242257324559e-05
addr_udpa3n8tqy6tfb02g5510hdnf308xs8ox9tnfnl5kr,6,4,8.75990005609102e-05
addr_9qp6qbkwm3vddw0exdl5pon9ueiczzx416t7qgoltq,6,5,6.278279325668939e-05
addr_w870otyg46keotzt67bapzs4asijtzrfxa7b1pas07,7,5,0.00012656196637791015
addr_9qp3vfbx38j0pjc5uz0seqxhu9mi105kkw6cq6vvxm,8,8,0.00010204220519719699
addr_76wdzfg5amssufz8qx2jbmhaue9fkx6s9p7y16urtd,5,5,5.486284042465493e-05
addr_wmgjugcamg6fj8a9ze2z03w9l3aer6cahlthz58kjg,5,5,4.156498698114387e-05
addr_ryw695apo1elqeswkqx4tfvl532bwvi4xvlqn92kf3,9,4,7.346246885041973e-05
addr_fouf1h06wf9pttmdbzivcg3m6a1k42sf12a5wsu536,6,6,8.56747342028032e-05
addr_dnqex3e07c4mcswcas3akskq5tupzzavbde76bc8ix,7,5,0.00011637475840886527
addr_t2ojyoteegcdq10lh045ti2p84lqrq5qi1qjs4kjcr,8,3,5.9579228512498874e-05
addr_2zi0e1tj22fles4vp8xf62j3fffkzeox0099kdgxzt,7,4,9.207607452647897e-05
addr_sleltap3luxs3d2jb0nidj1fuug5w65og8u5v37646,4,8,4.963230627975733e-05
addr_lflzxnmuhycoocyi66e5xkb271c482lu2uyxrwyxgg,5,7,4.486142100946777e-05
addr_0wdgc5am98c36300n8l812cplbj2gfalqkxw357op8,4,5,4.7823169443257805e-05
addr_hcbv8rzif36qfjnwr3ssj0zg04y85lwdo7cgjydmir,8,8,6.876651845833052e-05
addr_pa2d1gu2d2crpqeqvzl723mhr9quwaktmgpd9yh7t4,7,5,5.4718702734834184e-05
addr_bv1cnjmt1nybf1nfzz1wtaiyrjlp5abaepqyu7n66c,9,4,5.7818573252580226e-05
addr_e4pqk2ipqoph9f52soigun7oj0zpfdvpkdrqlkl4hu,7,5,4.8517391420625624e-05
addr_uwky6ewjc80r3stea8ssn4rwby3nstmdq7g8eyy5j2,12,8,0.00021236064629151293
addr_t8ju0c9xpobbrwch7yrjapwtvz7aof2c20p5piesb9,5,3,7.008839324368993e-05
addr_d22da0mzhp15bdvv2p8s4gbyjkzp2jpekk13hzg3sz,5,12,6.001284519786796e-05
addr_edqmvqwpqo2lngixmc4sx27dcbhhlk3yjz99106ak3,9,11,9.875066154062518e-05
addr_c6q9toozh1y82vnv3f176yk6kpewp37w3sah36vjm5,4,7,7.900118476644097e-05
addr_8m5wfcb6a7e67a5voh9t9hao1dhq00ep4nz072sv6h,9,3,0.00012135421435290762
addr_ndpsl73nl1jf12pe14f4gxnnhm8jghiyva3op1upou,8,8,8.319756276982261e-05
addr_505jqa207husekmyjlqnvi1sfvm914czot72u15dke,11,10,0.00020082268531991892
addr_948u3lq28qaqx9v3ed46kihokm948iy00g0bf8zq1v,13,7,0.00017133267470439636
addr_hgmn9ztdy61aa0c5hdfub4rc05zj8takuxdrh4k4jk,4,10,5.767105292014558e-05
addr_0hnqzwolkdd66fo65spqisxnfub1ku49uu6qr15rbq,8,5,8.391538806772875e-05
addr_cmktlzkj49yd82795e5iz31yrujoqw5dsk7n8la100,6,16,6.295923934578935e-05
addr_5yi9n2rt0w2mk1hem5c97l06ryxvedwojtn5umx6o8,6,12,9.133991346072647e-05
addr_ef0votqtxhi15cqzcuctsuflsehuds3qsqcq30o30u,6,12,6.041205954726157e-05
addr_3gbjj8jx3xh0zamh3cgt13v29xld76bw2ihcor6r4h,10,8,8.939548160797876e-05
addr_2qjoyqs8nsqsvjb82j3sn838htqyt1jnr0yfwixm74,8,6,7.685403887078981e-05
addr_lb1yk0py5icnycy6l5n1hryb54r1vnc3qpvll3lg3z,9,3,7.063373964778169e-05
addr_w5mpg0aue20hcnc0hacxs4y6goyetliw0rnqsgt8ih,8,5,0.00010039108950123383
addr_r2wfqdwhohpe7f8p14tchvjd4bi7bj9t5fov9afy9u,5,7,5.456011698572686e-05
addr_pxu7b6nbhgfb2flurmw3uqhwtek17m6j3rtxymscnx,10,5,9.18235948329739e-05
addr_c9x5jz6kf1622vxyzx9jpnbzug0it26ys445gdej31,3,13,3.7958366749945325e-05
addr_f3u8jprt4f99xkqh3rs8rdyw68r3wq61ba0zz0rpjs,6,5,5.0514722125977624e-05
addr_0s3xj06itubum7984kektv5wvnmgmz8fvx89f6sor8,9,8,0.00012781650013128895
addr_9vvqat4jenetkt241aneys5ndwrm16fye8ad3do4s2,6,6,4.538452021314171e-05
addr_bcoqwfrb6kaco2mqcp3dhqhniyy3j1lu0lgue215lk,6,7,5.5268125620216154e-05
addr_e5lbv5pgslxz5433u8asg6bcz0e91zrxfiorunekmu,1,3,2.8312256505263084e-05
addr_9tpzve9w5etxkhidfrd323c6vc7rd5s8fl0d9ksjsm,8,5,0.00010356191075453034
addr_mu1ehmtdri6wh5f8xyb38fimuoxqzafj6qc0m101vv,10,7,0.00012634670244918947
addr_oqkbngv01eqa870filk4osqnl9y57kqv9krbokkbnu,3,12,3.9180066574531086e-05
addr_c5ajylkwch996t85om6600sbp615rzyyv5bda006y2,6,5,6.661566677260168e-05
addr_smc8yrlh8xx9st44kjekc1jut2mnmsps4dk4aw6dm3,2,4,5.9361619839003756e-05
addr_l7hiq5lft3qtphqn30mcdqnyhsqcxmwnrwiasaxbzv,3,5,3.303469380142795e-05
addr_s9sl849n6u2p56lckdodj879amyz3il8by5k3cmpnt,8,8,9.862187109686279e-05
addr_2j6mtrkwekxhu0hlm2bkefvdl63u14xuk4xxc39tp0,5,8,5.4189507979948205e-05
addr_k5akad9xqvdwspce5svlbpddv003kgylenqwf3nwv6,5,4,3.6560116913859665e-05
addr_qmlaws9jj21i3u7vxnlkg0tyzdrkwlrtz9kndx6kko,9,9,7.037277865496047e-05
addr_um3zcyee3labtaens28t55ctmyfgzn8380dtht412e,10,5,0.00017677314785907383
addr_rs4qrhpwutukoleldiy03pg0mgum2d0hjfbaej9tzv,10,9,0.00010062987919382446
addr_59j4nqry4cpuotobj9casool69dgtshi5uxdpirswf,6,3,9.361878262788631e-05
addr_el2gcukko0cg3jtxir97ruor1r0jmpe5qadjj6lkn2,7,2,0.00011358317549932975
addr_lo23b9hkimb2ydr9uoe8cd9pyd8q3e9kd5cyol1gge,5,9,0.00010291797241947898
addr_lwdknv3hfyx2m2r8geawn7rnpy9fk2mhjgxm7a9n1x,6,4,7.629788191169884e-05
addr_nlg1g9zqhcwr9eyoexzkaqlj86kqmmtj9peby00atg,5,10,6.355584543678237e-05
addr_az52dur8tkcv59t89dz7vx1ywlkie7ktxgctfyye3s,7,12,8.253781413414942e-05
addr_02jyv6yjoaoejv9lhalckz3vwlo7ammpq0hzyjb48w,4,6,3.929741634488782e-05
addr_mplxc0padrku0gkh8vxpsa97l6x2oz2imb30jguc3t,6,8,6.149647662615977e-05
addr_6dm456421vzwvlij93gc0c8jbemn2317mm6dned4jx,6,12,9.246153645902338e-05
addr_xqfeu4ap8wrhngxclesjeaytu5ergq7b44rwqv7fn7,10,7,0.00013358347940582545
addr_jxycpi2yhex7p6l97z7cnlg0ueolxu485wthot71s5,4,6,3.9857628524720606e-05
addr_skj9wsi8gizixr7kwmcndyf4h6dtam0xkfsismp969,6,14,9.795253790085659e-05
addr_hcwlmlrtet7v9p79zwnmwvlp1cxeqf1ezjlm5dqg67,5,9,0.00013200865222084824
addr_h6elqlp2ntwzzucpdvgw601czi8rnk858u0yfzp0im,5,8,6.037690200389915e-05
addr_pehfj629pk5rjjtd1mwx318nc6fs87veuedo8sdxam,8,5,0.00011390736172300595
addr_0i9bl14hoae527psqzn7xbvzr6kfkldf4hra1361bg,7,12,0.00010056737472932506
addr_wiuzeyrv8yedxa05bm2kk5qvay81pfxyrwcz2undk8,5,4,4.567405008451379e-05
addr_sxhvgoar1s1lep2skikt83zyy9i114n7cdxb82c2as,6,6,4.827831252347074e-05
addr_fo8ipc5gdrleqtim8877xwkl2vksmhkd7tsd3qctpv,10,10,0.00012820631588514002
addr_j1mthi70pgf2283xyye7nr4ps57303rv0vqqegy8d8,7,6,8.013216666064821e-05
addr_y9oadwfnvxr14vyzkgnpxucomtoppn9f7b0yeynxm6,6,6,9.870479661583198e-05
addr_3e0hkejly5uu5na1ttud6zbs2vu42gzw1czm1psxn3,9,8,0.00011053423948407474
addr_yrx7h299keux925ngkqc226pttcmlu1mqdxsr4z9ep,6,5,9.532670345131429e-05
addr_nvfom3vqriqye1sofpvoeo37phanhdt4rk9ffy71kn,7,6,0.0001147476063648055
addr_970jwku35qe2r8dehnrp1wvpql6ygujm623n3p6uvg,4,5,6.14800659536606e-05
addr_dx7k29s484k5pfi24bdohkrx5bobkxlu35ic1fdrqy,10,4,0.0001396159227216744
addr_swt8ntkhfy1id9q3iz9mx4p4alw4yix6m3s1b407vz,4,3,3.9393814673319765e-05
addr_vizeuutnbeloj0nwo665asv82crg7a1z6oftg1lmsl,6,7,3.853243247971315e-05
addr_loy8dow5g6xk6a98i15wk5u0iwhv832tqyyeaquqs9,7,7,9.890865982330661e-05
addr_8c1cqg433e1i1p0bq1s9ryllwb7sjwh55hewlgje2a,7,22,0.00010715676680422903
addr_jvwuptvn29mrqvd7x1jmh6t4u7s0kdy8lwkhrzfdyx,10,4,7.768627753159779e-05
addr_17u1biy09ubdtov3jimg9iych4g8km9es89o6susuq,2,3,2.878182179422037e-05
addr_g36d17rnuc2jxb0xrarzunvng23boy9r5hmyxgt5kt,8,3,8.073144061803722e-05
addr_yqm17rnq0mg31l8wpaze8ceug0kshpeqx4mgkaxuck,6,6,7.10198376798331e-05
addr_5j9x963pszyjo2ir07xhawl2wnl2rvuryhtqck81au,6,4,9.069465696197536e-05
addr_zm5c2w7s3tzuej2037vdg5rkhbhmykax7gs7i05pk4,7,12,8.036287754176686e-05
addr_pnnw2834tftui00sq1zasqblk85m43270bsdmyurv2,5,9,7.395006496121954e-05
addr_6oenj24qj9fdeh6dzn17l90ckzkwr0azj6zcewwj5a,6,5,9.407949715776066e-05
addr_6zuja78e2seun555fd8dvry0wwnsdgdy2r78on8ztw,5,5,7.04358113557544e-05
addr_zvblea6lzc4kqg5uj3y9ybvxht0ghd4mvmjm9pmenn,6,4,8.617342340464118e-05
addr_k13ssvc71hsrgg9bbip4ww0kbxdtmclbf21nw5xteh,14,8,9.741252887394665e-05
addr_d48egj7a0kll5znlncj7xzy0uqc4wxefjrpd5l8f1b,7,6,7.148245916988377e-05
addr_iaq1bzzig4gi4s3vbc8pu9w11sny74p0l2rzyreo0c,3,5,3.1085288360467616e-05
addr_re7rij8npas3jx0solevq071ufllk7uvrjh171lywn,6,12,5.686360726073687e-05
addr_46kk7drizbw0jg9r9vwsv659qa9rsdo2hd1a22wdi8,8,7,9.556135888224402e-05
addr_5xocnfe5q9s16kta37n9bt6innz8ufluvu0etfd0eb,8,6,0.00011549176828364392
addr_basdmtpyd277g5yzmrwh2vbwbqklw71ghb7vvc4a2r,8,4,0.00011567915662818961
addr_u0vnhfook7v7b2db8teddrjx3vpomjynrxgq3m0rix,4,8,3.729983573458916e-05
addr_v9zs4bf1q2bll0o7dsrle0wrjd1x4n6qrolni1gk2u,9,4,8.494930698241135e-05
addr_6p4nvwpn2rma166u1ljmlppiw2vgek8dgxf8ew63n2,2,4,2.2745050090728962e-05
addr_m95rpe5xe4e5yw4junr3bxho8sybns3yms6ai1ttll,3,6,3.596461262590079e-05
addr_gywxxhqm4xngfykjmpc85a55wcok6ss24ue75jg6qk,5,9,6.0352377436364024e-05
addr_dzwl3q92lbxg6rfo6ux9ofmc8rdbpf8umo0mvghc3a,10,5,0.00010189295389684698
addr_ldfajtk3s64mrzxn9bsn46itjmueoy2qveeauvh1tg,4,9,3.417318882496123e-05
addr_k3tsqpd6h8btnmi8mt3xnozeb7efk7wpirzxguy2ef,9,6,0.00010038589033655544
addr_oiuxy4jxr5cyf25m8n13didndeogody6gq2fafsnhi,9,7,9.748403071168981e-05
addr_cra72dyxswr7i3w42mxq45nqcim6gecr9gsd1u0oei,9,6,8.256395892081354e-05
addr_24e7fp9r9mfiotp0x791iy45osng0wb383tz87ctir,6,4,5.0475471219628625e-05
addr_wm04ssx4x7mzt3tpqf0hmq9ql1q2zm443x987uw3mg,6,11,5.816084346188887e-05
addr_s2ygfz7ov4q48vdk3bz5mu2ahng7bto4ga7oc2u6ed,7,8,9.21179857098045e-05
addr_1uvrgozhshul07c75lka1az92mdriz59yvgz8bubqm,10,3,0.0001716487967616485
addr_5jnmiu0uxaflbubdel4t3xb53g6osxbviys9ho7eqz,6,6,8.756313246092287e-05
addr_wtxu00t5hl9xklwunijch0qtq6p8pea3kk5lu0t7pq,9,9,0.00010806435312295475
addr_f7g6y3q9ogsr68yfe8hh0jfzs7c8blhnbrblot25dl,2,5,9.4107926768277e-05
addr_szrr1juvjk9t8x65z3f1o508dhjg0qg1l11okt6e5m,10,8,0.00015115001029522758
addr_r84a3ndpyn89mrgp8j0djwsaaenxxkmlmk4xl1t4nb,10,3,0.00015748352194783368
addr_6s4x2aqy5m1yehdn5r6l3mnl0jts7k9gaxeo8y7oq9,6,6,7.940630048574483e-05
addr_58523fyt2qm9s7gxn94iwyjh7bruj60m9wug67n32g,6,12,8.850443100954444e-05
addr_f2dhwgv4tmcmmrhaezoxsxf80ur51b8v9t3pxvocv1,8,6,6.331644444476157e-05
addr_titugswuns0u5qhy0wnsb7lyxomen69xkr9nj55ab7,0,6,1.2591921833626345e-05
addr_bxukmu16gqjwtay9vkkmnnd57skh2c2ujhljg9tb8c,2,6,2.2828715272427725e-05
addr_8qxmovugogdl9x0t6v01e8lmx43ti3dlywcjiq2ksf,10,11,8.721538644371347e-05
addr_ayk7u6tvwm6zf68rnct14v9etomk5n1ut65ix4cbrx,5,4,8.27850841629907e-05
addr_fbge8sbuwrp10fwjlqunntobxm4luf6trwlw6s5tv5,4,6,3.0267513791298135e-05
addr_c8idle07xbfe8byvd9413f1qy1zimrulercx0e62py,7,9,8.135702181694306e-05
addr_0b8vhhtqt0e65lej7sry3vvi8og7bsgw6ugsr9n1vh,6,3,7.122563599601297e-05
addr_yu6mrhb7fvdzl2f6pktyjwrb4k82pafxmzwrb8oekc,5,7,9.682897171039543e-05
addr_s0m0t6s6nzs2pniowkmtlcc9i3ib3zvvphco7p8jbx,9,8,7.76994818612334e-05
addr_s9zf3x2unncl6vbr0larhwmty5g9ik1ku4upjmlwu0,7,2,6.193134608361318e-05
addr_lnh8bs04w0g20t3jyv579n2q0wqgga7dihp9qog85y,4,7,0.00011930722302689528
addr_slr1uupwlo1yugyiyqyho5132snm20j000mkx5rhta,6,8,9.39404725709542e-05
addr_8drrz1o4neaa76m3olj1kz74bjnd25g14peyk87za4,6,7,7.404992945719182e-05
addr_8n3ywnfmlwqiodljsi7j7zq63gpsxksr2c810ltsts,10,3,8.979221327152546e-05
addr_7mftg31cllmag29ubmn8qgnlvqijfbjba438mb2dm9,11,10,0.00012314572103267756
addr_ynhrpsw1d31y3wi0dwcgy6dyv7q32oag8ce7jltchp,9,8,0.0001372353805475389
addr_c0b3bc0l6u7vwo7x16torwao3a9qox4p4i4gdtzjr2,5,7,4.425810128578173e-05
addr_diudg42ipk8e30uu6pd4v4jmxe4ke4upghdq64o54d,4,8,5.260962117335393e-05
addr_puph0sez4otz2wi837phxucpemcowx1pm563zf976g,6,6,7.609081964542019e-05
addr_r300bfo6vwygi55idadby4kd1b8l1dxq6remry06bg,5,9,4.4135404723232796e-05
addr_h4ybmy1uasdkel9zwl473wlr57yual0usoaodi90wm,8,5,8.914870050220696e-05
addr_esbttycc4vqo0whb8l8dnpanlgacmyhj12s077bwia,11,7,0.00012119845753675103
addr_mflvt34h6na0e3qa7zarks6i6oyqc7pes60xra0t1e,10,7,0.00010048756844630575
addr_gen1mi8kqgk37lsvra3lkhjimgwj2zbgc9tb8wmz0c,9,4,0.00011225514327073664
addr_3nus5m6oa3p94q9dy9fm25ase5u0ak3earas3tbx56,8,7,0.00011198512355312759
addr_lyo3sgfsuzc21unc7wwg08qv6s2bug35i080380cbq,9,7,9.11901982347437e-05
addr_qb9bxeg7ywxnywfnn0knk4ok693nu0whsaw4ghaq5n,6,7,5.6958024284815104e-05
addr_fjblcz8o1o17djh3874r6a4d15lxfnjwyccd28m121,4,6,3.1861134772435344e-05
addr_4qxxva2ieuc1hh5lf6a4fejgxaa2ilgb0s0r2sds8b,5,22,7.42317428510581e-05
addr_jvup3r4h1lrqvrbtns6ci2o0h9y7sy02p35ybzwzqq,9,10,8.075483537878335e-05
addr_201xcerbf5uxdlth6s5vtbq56e31eptzvfucgglhcq,9,5,0.00010871176690799458
addr_21vrv5w4ti58xpqapf12ck87lvrolufy4tul4u8zmp,7,7,4.082339094991496e-05
addr_7pchcbn9wszv83xphx2kbvsigbiaf92movs0cdk36m,7,15,8.358039980727889e-05
addr_7ipd9y9pio53v5g84i6s7v1c4dyz60laezggf36ft5,7,6,7.090440926183362e-05
addr_0f2rqujb3qgi052u2aapdnw99rsa7ld794ldmnxouj,7,3,0.00012105943810505631
addr_z7co2y39ylxtr0n8fx0k3wr0buxa44wutd6bbem4zt,2,6,1.9672325587052044e-05
addr_q9q7fa5rq8k98y27brt8id9sqmjn6o6xy8dss13vju,6,5,6.110402727892921e-05
addr_gh6cx5tjtqxpmaik8hqh7neaxylee908x72n18xk38,3,4,2.5116109133969834e-05
addr_8ow71e90sfjy87wgr8ri6gc7uxriwb0b8c95oga8qm,3,3,2.158513564090229e-05
addr_w80kt1cmdb429ivzhsyha6a6frt4p30b2i9e6xm8kp,3,4,5.0777476670342485e-05
addr_q6dpq2tke7705ziucdk8laisufl476ca1kcs8pkvda,9,6,9.14783722880006e-05
addr_1jb02ft1xworae5xi4y564phuh8ptfbo9nyk48kfca,11,7,0.00010937256439951484
addr_2nhnuijscwwrffz0j0qi247n6fhfrgzpdo51fynxcq,10,5,0.00020040673087548167
addr_ckydug3t10pf1bievhkjmy94zggx6uvtx29m5zdbjs,9,4,0.00016298648108586415
addr_z5xehilfks5x9mrl1ujbeosaplfi95dn6p2uzdjk7d,5,6,4.1850133761025335e-05
addr_nysluj2fna3k08rgnt2gzs7yqki4d913r855wjzp1k,9,6,9.24935372878258e-05
addr_b0o76uvyoanvmhhxtzo4pf2798zm3kbfev1s97p724,8,8,6.555629894072655e-05
addr_zmrtr11m8zop0uebwrtwo9jfoqpl5semrow9r4s1om,9,8,8.216853691367673e-05
addr_7tvd3ydjz3qlcbpkyvk2m6ka6wkg6ce6iikruvrq5v,5,7,3.168235071635392e-05
addr_4oqr95tvuo63tstr42mm01o4kpkjsweia9nomtp3dm,8,2,5.925079436967632e-05
addr_lypt848z3w7wg68fwkjwww7ib2ma380n2rz5lzwz3e,5,6,4.4145420201979926e-05
addr_fcx666fclicdnlg5qg3f9g0t5o3sb3wvg4hhc4gjfq,7,9,9.520716993330634e-05
addr_33dcnf225aa35wfw5q52dezh0cd8a2ibcltrh9vgky,7,8,7.477282255289663e-05
addr_h9xx31t33wgtypdiyxtz725dyudpx2xnrktey2gde8,5,7,4.403778337855045e-05
addr_xihmfhc3aeyt8riu9f0s2odq5l3qvw1jjbp8z7xryt,5,5,5.171974219697447e-05
addr_nvpmtblxz66kof6lj8tmxfwwpu480la4088deqcgyh,6,14,8.400717187742245e-05
addr_4vm8arli6bapy4wk7udlgqz0agxoyzxlewymqapezx,8,10,0.00011036482935383859
addr_cm7c5cq821sm2yll7gwgiwl2qxb9p626wm1df318yh,10,10,9.15773111710309e-05
addr_j4vn5ndcn1wtulqzb0po8byvpjgxkvap4y98nsduat,13,6,0.00014153983838986192
addr_y8ssehnuvccsk7dqvj93ox5yw7mgjv3hw3sbdhmh2e,7,10,7.943133298056436e-05
addr_wiazpgio62i6em7vykdu1spuodnuttsalw89hqm0zg,7,9,7.236893413196711e-05
addr_noa5n5xqmqnkkyff8s243htwqtf1wq1mbnc5t0qthr,4,9,8.117948654007498e-05
addr_0rocmqxtjbldwv7naqgu5io8ve6uxtrazmduyh2w9o,3,6,6.213026675442107e-05
addr_tchygtmov6ki4epxr9ogjegxeyeb900yeh8uxz3adh,7,7,8.358356251594501e-05
addr_e3nl3kwpxk3mn4eq74sqakih0ffaf85qvx4g0rcu2t,10,10,0.00012879972202460148
addr_f0j8wbkenmc3e02jzl1bvvfhth3ls2jvoou61epu1h,7,6,0.00011445182422278226
addr_s1dyknn2xhayb0eho1rwojzw927vii65nmbi6yrsyl,14,9,0.0001399687138351722
addr_m7k4986k33ufevstygx8860i7p2r5jglwmk6sf9nrm,9,8,8.196905514286926e-05
addr_7uqvwrpjah9dhioys0cvzxtun1biu998051f8n5u07,5,6,5.2954659986283765e-05
addr_05whii2kttnrmdxiu50n1h34q1i41r3t945psl1oh6,7,2,6.936627522944401e-05
addr_nka2b459xzcv7xgmo2ih8tskj595l3d1e07gvdq7f7,8,6,9.447069442257016e-05
addr_ycj3uaa31xsell5vdywgdoduyxyk9wt62fvus7387e,6,5,5.989879467016387e-05
addr_pqxxj3ofowr4b2egicqxvz1108dcnk4owd14r4ut6f,7,10,8.043936524965861e-05
addr_25sq8croyr6ccvcjwtl9tqvdz4x1zhqimqodpxnf7c,4,15,3.377913242272714e-05
addr_jyaagb5evh19dsiueibm1t3fy2pr3ul0yc5nnmtyau,10,9,0.00016493505200712265
addr_pfnpwa1ts5g7vlfsll685anwr2000dncgat6axzj0a,5,9,6.215986957797285e-05
addr_ageb98hain2er2fcu2ww2sgaaqeye3v7vcpashw3dn,7,7,7.838625331362019e-05
addr_ls36ymjzicl5gqrdg6udc37dzngikf8m4fb60whtkz,7,4,8.135904218740973e-05
addr_7atl60xe6dq83cwkl6mp6hrssiyp20zi3q2cx8jgpb,9,8,9.823935886181717e-05
addr_4i3ikjbl42y4urudewd5ajuzlnikcz9uhrl7p121pk,6,12,0.00010172031549998431
addr_ezok64okbs90ezz8xcgxh11cij9bvtejq22fbx2y7w,7,10,7.304484670657718e-05
addr_krj3ej4f4cc88jrpp2hu8eful6tc1rk3ajhxkj52w0,3,4,2.3076197557170222e-05
addr_jaz05j5hvl2olg6emlt7u7wrpjsa7cjig6zuicjqdm,6,5,6.436091938881307e-05
addr_iui9kkhzlm72jeyn9382kkzmpjrht7zewviytwbozd,3,9,6.056396403550746e-05
addr_5bwikotckeh5sw2292mtr6snglh62c9t199dxj37c9,5,9,3.130603687918595e-05
addr_ke4cdftuntsxfwyzxocir1jcjxg6wk0x8c71y74r9i,5,10,6.694663457773283e-05
addr_l1gai9dl5gmf4q2jmqisk9qck64swfytn77rs1vtb6,10,10,0.00015230682749468606
addr_s3exydw2fx7e4piwp5jtls5ngxs0w0pt536gpyp1cj,11,4,0.00018470378343106813
addr_kh5zzwkk82azoah85cal8ypyfruggul7a6s7t9f9vy,2,5,5.32194445135579e-05
addr_5038mem63xgwix3yi9c5nob9eu8dccnfltftc2scr8,5,8,0.00011360291841335608
addr_wersrp9gljvc1e74m89pv89jzw0h3bfwqa2mopa5h7,4,7,5.730100462811366e-05
addr_847whfb6g880c13wf60gf1w9vdsh2w3rtq7f2p8gl4,10,8,0.00010904687861527519
addr_ex4vk49msniyrlk4hvyaynfo6yc2sgv7vsoe6ko4ml,5,8,7.966109428642644e-05
addr_ojo3hma7yqhu45796xt0tv0wjdpdyh5dsarmny4vty,7,5,6.747294766912227e-05
addr_yn4u9bxf445cri8bixoiq2q4qerxdouadvwkshy8nb,6,14,7.498996205875503e-05
addr_zguo9ydscmm2pvgkcombffvbmh8rdulgxjbb56w8tq,5,9,4.840910401269523e-05
addr_omzlak4pooj0nthtnjspq3rkelgnfqrpgbp0xzhj7p,4,5,3.898086883655266e-05
addr_2yxhhj3qhutxobmmhsbf84y34626qfpxvbyp9sbsfg,3,6,5.055996100227968e-05
addr_fdr5bufjm3crmgd30t4en2zyhmt1cvy0u9sdiscqti,7,5,7.969399864350063e-05
addr_tmzzn9txcu3pibe3fu3t12mml59t51nf30uixwhp2v,4,5,5.069380210048574e-05
addr_dt1wvf6rolvm6h1xmpkcdyujmj7oh3qdyy9dsngmqo,6,11,5.920400627837309e-05
addr_tvfdzwpwsdwvg720f1ea4kpvmz7ztf8rt7x9zq03du,5,9,7.037655022561094e-05
addr_0be2uugpm9gtqe2y6l8dze0cmp21x6006skecwzj47,9,4,8.901109505100359e-05
addr_z3g0ksjh9po2ubatpz00h4fl7q15whqmn7d922wahd,4,4,0.00010128244827750074
addr_s2r9qo69h3fqtiiztnmxi4pszff8oy8be2tekjhzv9,6,6,0.00011588713680892847
addr_icpj4pea0ytexbe1k1h8lbe0pknq98b9xb9pkgojlh,13,5,0.00014358774314315192
addr_2g4k40srod4u6zrwrjt67e3zog33sub8wlfya51sap,6,7,7.259452883802787e-05
addr_2l1ieoe8854sjsknnisqdkw4a4iwt993ykq5y5j8i2,6,5,2.8633440193490798e-05
addr_v248oj9mklsi68m9gjbxbe286we4y0fht1dcpd6s3s,12,3,0.00018228485965752068
addr_1l7kenh3i6wtl0oc7hkhbedbpbx2x02bn0i97err59,9,10,0.00014856735761032663
addr_rv7uux0is3vtwvepa9vky259e1qn8qa0f8qa7ug0gy,10,11,9.501624301371283e-05
addr_5c29i28ss1my5jr9y2om9exzwvwa4f7gsv7nk7zml4,4,8,6.127180302298732e-05
addr_zlyeiw0pn3oa9togo54d40sq1zbcift9rthlspd0mm,9,5,0.00016469868181252694
addr_27dvfaz9824xqjhrojhylf82h2ludbkfa3r6jjlwnb,12,3,0.00010016944411062938
addr_y0gyl6te4ax2b26vp3ehwfxk5vnjupjc6pfm9u9hlk,7,7,5.8370843664503206e-05
addr_pws8x3cck7p0dt79t65scumd2ovaal7y2gu7vldqrh,6,5,6.975151697281408e-05
addr_ljt18z017q374m3r3mfzk852wb7tzpzvowi005wdnl,9,8,7.415999141431149e-05
addr_iza92t97ipb1nicsjcm71qlyz4udjk0oen35piujbs,6,10,5.8850491892578855e-05
addr_klk1zkvonhmc6ahm3jtyjsw788a8fmxxcngcgbuk7z,6,8,4.9118646494077944e-05
addr_qwip6g3mxag8ap34rgpnqn1ku6m8o3usubz4k76urc,2,6,1.4672270160246395e-05
addr_pq4k9xqvkymz58qnk44t0fr9vr3h8mb2g1hv3etuoe,7,7,6.710962153070735e-05
addr_zluabwhn8kdhjedindyzlbp8egxsqvdpf73ayi3lp9,4,4,5.923964132350537e-05
addr_l1v6w9ji3ez4j67puyfsv2vksxj78548wljprnldww,8,6,6.787768531560358e-05
addr_4tz9o6j53xuf5p6qfda8qaetlap0t9uifp7owy5vr9,10,6,8.555175184187882e-05
addr_whhaig8jssyykqnegrb9szd06n35njqvulmw2jd2hq,13,8,0.00012356283832043571
addr_o29y9dx4bussdpdv6l8ntafegwfos5xfxdj34l958p,7,9,6.754043059503399e-05
addr_4lsclsthhuq2xdkdcc2k5p2prxu91ocf2n0vh66dfh,8,5,0.0001295927029301914
addr_sld8q31qkyb6m6iyh44gekibkgcx356thsgm2zsziq,10,7,8.014066531560377e-05
addr_veuymtufs91bgukegglwom3cv0jof3acqvx2blq2a4,6,6,5.051315392808074e-05
addr_upmanqy0hu97ng0apsaldnj7vbjrbzjw83579wrr51,6,7,4.7081581761187454e-05
addr_m3qfedykl1enfl8m0zorph6chewd0vv7uy8clu5u3y,6,4,4.947982963035793e-05
addr_pkkkjkyonp5boi5afqony8mzchz1hkn2virr2k06gs,14,7,0.00012764090685443352
addr_ax29w7rpp9cwnbil8b5l9jpa21e5j7o6rhd5e9jlwx,6,10,5.911801113937053e-05
addr_2ph5c7aqtgazlzd22hwfzpln1qvhna9zpig5cmhtb3,4,6,2.5273500946633608e-05
addr_agf075uqcmnbmkjtocwsu99d39l9b0ph4pkobk4xkj,7,5,0.00011641288225019595
addr_8xsd6vqreqp3vhukto79i5ib9nfwh7jxns1c7nhrvw,10,15,0.00016603638228573168
addr_jvkxyd40pivzatj3ok0iw84wxkb76iwtwmshshwovs,5,5,7.064350412232423e-05
addr_0kjwg44z7sb66n7xclldd4jwfktoucobgy9qpwxg4x,10,4,8.481344066567455e-05
addr_2wirm8iw3d82oggs2m8a166onxxzwrr0b99uek80je,3,8,5.679186475255702e-05
addr_ymult3nqr5o8p3he53ffdyjn82ve9nq0irbdr646o9,4,7,2.5484472696193367e-05
addr_3unr431uq7zdg9pzoiln9uxdxebab02uclz2z0duam,6,6,8.25686925259535e-05
addr_1k88no1rbn62nk7hlcnptt3m5h0jhk0i7mtpforpok,11,9,0.00010571791408840113
addr_gtud4gfivfu9km2v63e5rjfxzcwv87jn7efmhtmghf,6,10,5.2010092103991567e-05
addr_zxygave1cnrsvg4hdidjbz3gjclsf8fwws49ukb6v3,8,3,0.0002116391343925688
addr_2ja7ohpbap5suiwamwet5a69f7jbkjlw4haqzfjos1,7,5,0.00013411152282421048
addr_g24lujn26ny7ko6m0rh3pv9ju5bsb89oy25ctjcukg,7,9,0.00010916431217683839
addr_9ojjjtytunypizw9bzj6yxjo62pjtjrkleo015zcrz,7,6,0.00011142399833118186
addr_lulvfz58732p4itdq8jncgbe7nnd6kn1s6zxu29ows,9,7,9.418164906371204e-05
addr_cn03154bse1fmkezmvd5h5bmj2eya1q21xh9af7cwr,6,11,0.00012340345079324983
addr_35x3x10y14dsf2uwufuk15u2486d43i21pu8bwaufx,6,6,0.00011834354942794266
addr_1ulu39cgwn39d8ceyn6ckej8n0cqaet89e9wof2yzd,4,9,4.028322817344317e-05
addr_cf1l1qep10y9hvllw2g6d1h3t63xjke4xiw3aw0wdv,3,6,7.240911142187944e-05
addr_sije53urt85qxy5x51ie918sd5rt5bwfqrn58hjzb9,7,7,6.77166034913444e-05
addr_ctxvi9wqakywa2sarouvdkvrgi0m61hmcvdg5mfaz5,11,7,0.0001390796960992375
addr_xlpbdi3xunay1ae5z8lfyfx93ticlfgh5y9ofndf4g,10,5,0.00010141617720970412
addr_bqhj8mbf0tb4ygwtuteuusxfx37s33n3bzt23ilfy2,6,6,8.303306630558185e-05
addr_hfprxgz58poajy5h9wygrkmc4ix6apja5iqtrsq7wk,3,11,4.52065104397216e-05
addr_5hauika784m4g9lkblwiim8wajhcxzqzf1d1dhpgh2,8,4,8.409341436911114e-05
addr_hwg1t8u2b5rbm6lzv3xwpm487jng42a4h5crhkop3i,7,8,5.3107724350290386e-05
addr_8lc1kxbrbgfpev0iaa08xqgzv1lsqi11iwzcql709y,10,6,0.00012864244666022665
addr_gb31qgbuw6co0sff67vo54hu4t8ik8iyrz84vhf1tv,6,4,7.171482185387284e-05
addr_o6m7ub6wsurktyglv831ka3wppdwmp9ze0ddi3rki9,8,11,7.597710802075171e-05
addr_ho6z8i2oj0vxftkrzo0y9o3sqwnok2uqiukl1iymsq,7,12,0.00011458431930639746
addr_swixn1lvzfaa2i477pkbrfbfl0v8hsm8rt419fg4ub,6,11,6.664079091338314e-05
addr_ioo8cc2y9p2cd8go6kgzjb624k0mwdmeor90b3pvap,10,7,0.0001189360775102702
addr_fc1p0w0s3j4arucvjglyxcrhy924uutblbk6hd6wpb,4,5,4.142180678059325e-05
addr_4bdqf27pzp6pnmr3ck0e77owkbz6hf8w6e1zok1jyl,11,11,0.0001575628025583527
addr_o1nnj5rxc4xj4a3s8pgbzq35aw3ovy92defqgsem2f,5,8,5.09018362108119e-05
addr_r5p40tfu3cegsa1tb5igs3qnxzqfs3wap6xxp5i97b,4,4,6.207063075660829e-05
addr_61f8ylttj3lqrsw2rp1iezgks8robvckes7d8q0gd5,9,0,9.686974537864803e-05
addr_l8hvj89f2ikrfk7reidmmyiniq6j9n0lxioqaefkgy,3,5,3.466807034178488e-05
addr_nhhyxp6hijxnjmqnchmjqbxohp3uv8dyvogszspjjo,4,3,5.510359900865833e-05
addr_4oepc8tzv0dsg62ngxcynlaima57crcpj8r1zng13w,3,10,3.738836959132292e-05
addr_cdo0oxb3v7g5dwv654v43rd16nj1z820cih8nx1khq,7,4,6.92258951732431e-05
addr_22erm5tzs9d8ktzkxj5ggt8j3ao8dz4zren3t268o2,9,6,0.0001380575273426801
addr_d1gafunh7i3wyykatcrgevpg4gma4ixqwouyaadu90,6,10,0.00011073877561620921
addr_pufhfiywqs9h0xu3vokt4tt7j121608loph2u8ir12,8,15,0.00011405116120870041
addr_mhm8wqz8jbs9jz09sf9dlincamc808sa57fq9x4isc,9,5,9.607967567689293e-05
addr_y0a0hldw9pocfg3hzy7zx0cql13kwbctv8kj236pdd,7,2,5.355431390709417e-05
addr_j8ms2dbbf9nlm6595rfljm3ka9g90kvv6fj2x0gd2r,8,5,8.407774028020075e-05
addr_3rxdt59odofpizf46ps2eyz6u0uonuuh7cf2z7cpyn,4,9,3.562423528667075e-05
addr_z91k64pn2bioiodm9hrrliz6qah58oorcpzj66drjv,5,8,4.5798344666804596e-05
addr_hdpwvbz7cn0eqwmi6kti221xj7wwudqvdk6drn4ora,2,16,3.5752712768444085e-05
addr_wg526rtbdaayqqnd9csd62cvt2hh34yhn0784wnk5p,12,6,0.00014230589468357252
addr_vjh4umpbbtd7e1mk7rsdzt03wvgjy4ltfwitc6bagb,8,9,0.00010886774471621257
addr_hmlsg12avcz3ud54f4l7jhw7hj5cqzlculmiunmlsq,9,9,8.591560823910483e-05
addr_7ohqt03dsn049lknvgastjyqkuu2lter5obv5t3nnp,5,8,4.3402359358392885e-05
addr_9spqdnblwd8m7amndi5tbdjgggu5rpzh4yybkhtab9,4,4,0.00010155292346683702
addr_995eiw015oph8mj69s8xw9bpoc5oqixejwwz4r3jei,3,7,4.590602410614586e-05
addr_3vnsnsbmevm7fxrq6ffbmq04ewuunbe5qvc7h56e43,8,4,9.853188800269764e-05
addr_uvnbx6767i614banuy6xhez9q1xam9yw98279g0hol,5,8,4.299275691863095e-05
addr_u7xss3eipld41op1oviy1d5h5yvfayu1z34pua5p69,8,9,9.255898687062463e-05
addr_z0e4gfcgia86q64urs40nhuxxdxo7sf9h83d23tugy,8,7,8.425020357114192e-05
addr_ibwvwo5eebd81v2jddso37q26eroz15thdj0690xk0,12,5,0.0001334982776890093
addr_x99dbk4epbo01717hv0ehlitsj8bfi8ojgzacf0r7f,3,13,2.3649657902685245e-05
addr_svwe5ydmqe84mjjv5vwebe2w739t1x33p3zc7kloto,8,3,7.098400960521938e-05
addr_fa7q3a4xwvspt37rf2m3lc50kno3fus6lifugeocw7,6,9,6.896283523020392e-05
addr_wbop12iwhe7s1jnjc62dt06goyd0dmme7nmsizj5uh,7,5,5.073850358691498e-05
addr_qiqmgm449lt9r30gaixtqmoaj2w0sp3s0dtfq20q2y,6,9,5.1152914203958216e-05
addr_ahanmvtvoav41b8e9uf3qw2kdoffws890ymt0w3x2f,3,7,1.7030166210130336e-05
addr_bt6be3v7i3xmkpslo46lm4s909ragmob2k8mt08ndq,4,5,5.573614926879652e-05
addr_0k1fuvpwb4qmsieuxjnc2ryneua5k1q2c6d9ixapds,8,11,6.049168255815293e-05
addr_n5roues0mxvl57cnkwstvs9qkjfpytyovvt2is2jc2,5,6,3.0001914147791894e-05
addr_w9ugv4erhc7u57qhxu8vop0crbl22fegor980jk4og,6,5,6.145444150708584e-05
addr_l7vjuz5pfbce5z3ztds7xsv18f6ftscjlei6wgl8i9,10,11,9.387752053878941e-05
addr_vj5czei6wc0359vd1yysxjb2t52pr7zbfcjkf19fmt,14,2,0.00011167444134189748
addr_i8n8jl4ibd34jm2azzjfxk87eao3tm78v589pggjyl,6,5,2.978397898059562e-05
addr_rhomqevwjuaxwe7excod42cqvgv3g7vy3kaxggeiea,11,6,6.0371353517023145e-05
addr_636nxw1gp5mdqxh6x81r7532iu5kucicvhumsvm3vl,7,6,7.920627209484638e-05
addr_msy5ypc7syr7s9r37v3869ojrghr4x51mo5jmq0njv,5,5,5.4004867228618284e-05
addr_bcc8cprcei8bqk1j2424wz2r2gim9ifm98actet0mj,5,3,6.104397494801114e-05
addr_o6f9hbbcx23h032wq4nvdz6e3zvzyqfy35hsfn39ux,9,5,0.0001118824521434421
addr_qqmqkwn8akbdpbl1fnb0hohank41p8bdble5gzpds1,6,5,3.8443687642562863e-05
addr_x4svkkuc8ak2ivd8dryp7zz3f8cg2lysaebfk9n6cx,7,10,0.00014854328554846744
addr_rxxwfmh6aaf28nwnl2urqn3bznhwclo2d8fu8kxhrt,5,11,6.10818906745089e-05
addr_v8sbdus6p3kukk52zq99jktdj3mw94nfvcbik74yah,5,11,5.8839466622201473e-05
addr_ijzs9onva0wdym3di2zg884bncad4zn573vjt6tcja,1,9,3.2396480879864337e-05
addr_ln459wfayld0i1184b7klztskndxmkepdwkofwb0ab,8,6,6.786140411541221e-05
addr_k7wse4hb7whfyr8fzmxpeihmxm214fzmayiklnt64e,6,13,5.7304237536219785e-05
addr_go1f9rlpypwrgor45o0gr7sg72zvsfv1glnax0r7lk,8,6,6.302879055907286e-05
addr_j377u8be11umzbauvxnogz9oot21qzv3s1x1ta586i,4,9,6.648622580769107e-05
addr_wcp9k7thygi15bvor2qfn0sp2sio8zoee059qflfm7,7,7,7.127041425670052e-05
addr_ees7vh8c7l75z0vqoxif0gb613wmfxti0bu2aminil,8,11,6.736398084080126e-05
addr_j7dw3zruip6snx21v1p5948aj44a96ss1pstkwqumj,9,7,0.0001349542060072056
addr_5zjaucyhonbpqga6x85zzhjy8gy39bu4uz2z0kdn3t,7,4,0.00012939830389037515
addr_6r7n9m1pe1gxrd0kxdfonamop6ovpslb62wdgvo0z2,7,10,0.00011587451512601081
addr_ekvkotslwc7s5oxwpv4o1xdqvf6moa0nwpslp46hhi,5,12,7.114151497052425e-05
addr_2eyou5w2crb4k2c4abz82oroy7cjd5t9594l1g5gxp,5,6,6.899531940279939e-05
addr_hbwke1t4vhm344ngtozesnw3bgw8l6egcu1x0umioj,7,6,8.543654083253529e-05
addr_8q7mbppv5xdjx78tbhvfk4jy44cr23pqz2kl9s63hq,6,8,8.912466853419072e-05
addr_iullb00oiuzlrb8kczeidyell9yadgmzi4l6pngjwn,4,6,3.609201255568875e-05
addr_k20gvf74vmblcw0dpdznxydc14zsexe0of37fd3mwg,6,5,8.530332760224873e-05
addr_fxv2yrelzawr7zj8fn2be6oormr9p95uzydp0lo2k9,8,6,0.0001562430427181236
addr_vhwgszjey6a19yefmmic2icod3ylib47upwexz02mn,8,6,7.376876831431269e-05
addr_jvemc2x9t81zwn91gfyz598lbq45ad1yed007t8fyf,14,12,0.00013718892903650796
addr_d31o6u63y1zx96g7n0gbdal9ktlhe8pe8jeqtgx1pe,2,6,2.0532681384940993e-05
addr_48ih1keos7lv2wkn0m145e0istji0ekpvjf1m49ojc,8,6,5.414106100860595e-05
addr_b6mavd2oo8pa5o3kc98d6qhy5iyesy3z8ix8yvnuqe,7,8,0.0001190485859776427
addr_opnzwura7bmelgji5u8oen4963us1p1lxaq9gngr46,5,7,7.375778707089926e-05
addr_k4ljfwpsymthhvzzer9ez22sgjevjbzrkdzni4ahxx,5,6,6.097048197087923e-05
addr_qk4ltahukwqvr1h61iaoim458ax40dtirc9zd76szn,7,14,5.099073307922286e-05
addr_2ughli9h6k95k14d9krhdt1p40npg84eae41zotfoc,9,7,0.00011717063744865417
addr_0287kjct0yrtin0pkbks4gldu2m4rtfdotdlk2kdxz,7,5,9.670271052803598e-05
addr_n037c9ge5wxsf66dbnrw3nxjorjjhcbhoq7q5bp8e4,11,4,8.239938719043611e-05
addr_gwzyb0nx3x7nqk1i5jwlvmvx3mn7a7cbm9lomvrz43,6,9,4.520672623546268e-05
addr_iq74l0onpmr9vdj2gnens3ikcx53gbf49entl9iqzj,11,10,0.00011783956466785603
addr_erajat4woflfo0eh1oggt88qywss6qt5dy1qgh3n8t,5,5,5.27162801596552e-05
addr_xh42cirglxgcbf0sfxiiq1pxuumhrvb699dq0ahb5i,5,6,6.689278285475385e-05
addr_tsujt70y2rl4n7s3hmo1dxq46ga2sdfc8io3td3abe,9,6,0.00011731654497648737
addr_fzq1w09yw3dp11ikx0rb5tngcrzxc4vniblwbv2izs,8,8,9.43553324181877e-05
addr_soyhuxfjyyijnxcrfqdfg8io6ixevci0xos5eqycmq,11,6,8.599770782574508e-05
addr_q8k9f3p1zitjng254z29t3cg79o2m5qyin41ar4iu0,6,9,8.287848524469883e-05
addr_kei5s9vjxx3kxc486fj83httltsnkf95z6dye8tfuq,7,7,7.23688803887712e-05
addr_yagr7nok23jddyiajyn73vbq47h92lj95ubqyv7akt,5,2,3.955092521893364e-05
addr_h2ilpzfvyr7yzdxiqdxthjm67drem95qh7upsv156r,3,8,3.992713911163879e-05
addr_42mg9qqxxaij5hratryrmf245y96bkwh8e7bi3rhk7,6,7,0.00010846114221620847
addr_oc7rr7q1qiqehfv9f64hxrl2qr6f1lar05su7wejuh,10,8,0.00020397023066705348
addr_7z0c5tgaxmud94dbst6vomvop8vb7gb5k4b721zqqi,5,5,0.00011012920901432739
addr_k5bov3036b3yqmpuyw6mxrf9cfwawq4x6g4ywkoodv,11,7,0.00014815269260909977
addr_kv4xa2dnvw0xgezq70f939fyrk6igf2vjswb5bwias,7,7,7.412846450915207e-05
addr_qdjd91aecvhn2vluk6b7v5apv6cmxio72wpg3o4g27,5,10,6.974222196892723e-05
addr_h9dj8d37iqqf6z6b95wmgw2a8u9vp0sc7sv71amj5k,9,3,6.024064906233633e-05
addr_q94gug7k16d3zn5zuvrvvj30tqwkz1v7vlz40isb03,12,8,0.00010541611876464687
addr_27922fupex6euv64g46sysrb2szsw6p180jfd2u4k2,9,6,6.950011109190906e-05
addr_kel44y1ovaqjg9g77ricybklg068a5d9ggx0hkpgm1,8,6,0.00010053390355549795
addr_snx4mlcir944kyetwb24pmag2wr870y4to0punn6f2,6,5,6.020846799285418e-05
addr_9f42j07ilbtl1i2x32oofptfwvvqzsxk22py34xx4t,5,5,7.822903214708455e-05
addr_2fiwpghx7yejfh6nbmbkcn09btu7rilu2kou072jt8,10,4,0.00013480000745630198
addr_icsqo36l1no2dmxh8qccz1vk2oy56o8fnthw86715j,4,9,6.107041882099089e-05
addr_21wjcxovwl28xpp30fj2ojgdbzm87w1xgwy0sib9lx,11,4,0.00012996692918388478
addr_48jhelrldepgo6j012tdjtt0bqg11svfoyjh74nopv,6,2,7.51679634313078e-05
addr_c4b9q2s5o46imih0vifrg88dh97bjwt1yf8kyb0j2w,4,11,7.386481508448722e-05
addr_epr59sympkhhafqsvzl3pn4chd2f0169oluucu5vnf,12,4,0.00018137231250106562
addr_9gnctijh33ic44tonznq06ujlqv62j16w8minq4o7v,13,7,0.0001663256148775877
addr_zb59tmvgytkkq6r0f2phcobdats252at623n35iqkd,9,9,9.704606503542025e-05
addr_ezuqtlwburseiyc72indv0xyj6vgoe2prj7qcxj7d2,7,7,7.185856374375541e-05
addr_818ojek0yw268aoax2qtelri95t5hw9pkjg0bzr0z3,10,5,0.0001779551068484551
addr_vhob6xecy46xpjvg54v8mbvn0yjhpfsz9xuzocmu3t,9,1,0.00011452688951398026
addr_ts15smjz2nk8hj9basdk3zat2ebnzc2qdtc9qpkrpw,7,4,4.823653970053234e-05
addr_xnj0cwh1ddeg5cmk2g05znojye3pc6wc7vcxajmvge,10,5,0.00011723208462836607
addr_hr2avuvu7q36zap8vlkt7j4g9xsoel3rp97eaz64b3,5,10,8.686122295562984e-05
addr_8ufqau5sefmm3jt4lmag75to3e1e42t2g43154maph,9,4,9.357166261717302e-05
addr_knwoqb0d111nq881zs6n1th881nz89ru44zv8nynhc,2,14,3.1276779220161116e-05
addr_7ixw5z6u2dpobun98w4fdgmzq3ojg3wfs7wsw51tf9,6,8,2.8102297237902263e-05
addr_2tpv03k0k37irnsp12giy7sy7ff20dui11v9xdr6tx,6,3,0.00012366970098432297
addr_ttza3b8luhn82swe6hgcrznvx39qi79vawpuu3qnh9,5,6,0.0001115648828242444
addr_pfcyc7xmuqh5qjviw3fi35ppxu4tnptqpj1iqvu1vp,8,4,8.269182023986733e-05
addr_exb8qg4q0eh76nmouuxmcybdyv5kwau9ad32ktnnkv,8,6,9.117148515054465e-05
addr_pydnycu35661iqyiwu9l67prjyfxfdqnk2t463kjf6,8,8,7.757274048000522e-05
addr_k8sm0v7ckxn90tpzk3gmg5waaechg74l8osdwat80q,8,3,0.00012340813176549352
addr_hiurfro6fh8ynmf0qcuikwdl8eikky3pa4otbkgiv9,11,12,0.0001279291190516092
addr_lylf5aukg5az605et9i1ftcbzwp2qrwunu77g9on7s,9,5,9.314713033800406e-05
addr_m6cunvgvaqwdiwwz0a0e2h1v5qvljj0nwlaf7k9uwo,8,8,9.932976575120612e-05
addr_80vxd3ldn43tzuxy6wpub1mden0q5bp6vnt93t8udd,6,3,5.544879701015038e-05
addr_vo4w92fe0fl55goxdt0quuovggteliw1lnqd6hpzmc,7,10,7.076635327070661e-05
addr_wdhb0z7pb1em85m1r424kskmlt86bcv1s3yhcr98dw,8,11,8.736829421593321e-05
addr_devlvjc6sumitc37djpjnam8nf9886qy0gx662ola4,10,9,0.00011399146661850908
addr_qxmcthphj3muurmybd2qe4pa8hyexf7jxjn6fokzix,4,12,8.721952814601965e-05
addr_cjdpyk9xw8ztbjupk41hjr7517qchdjz7hx2itwjhv,6,7,0.00010942378101203625
addr_zn4regb1ajo091c795rlqiob0nlw0vs52sq3b9so0u,2,9,3.5749080650281225e-05
addr_x4rn4vb1a5fegxsz5uzzt15z63espy091lyuop4nqu,6,8,0.00011064304753119651
addr_c4p6sxoey19qv3jvaci7yn8i8r3b34tjgqh73s04ik,5,7,6.519384785169072e-05
addr_kzadbs9cwqq2g1kvr6ax8kxxj0lebn52kocwdemm0u,13,5,0.00023492671705881927
addr_bkio34es7wg7dorv0rnqvxwcfp3yuqy1kyr5123pow,3,4,7.05524838863624e-05
addr_jroulayl5w5awp4ldgqyh9twldjli8vam49thqejm9,8,6,6.264078481455508e-05
addr_brxni5zvlfrv22wmgihttqluyn89o1xmuqtvq0608g,5,5,6.98388505368607e-05
addr_dxj7xyj4wqbtxngsl4t69zd2lo9mno7jyswmxitnjw,9,6,0.00011029657085930816
addr_nrhanxasv259gwimgzyebic4j6qrvg46g0fouu2t2d,7,5,7.945687169079284e-05
addr_685b938gqdl8tmzqsqh4ybmsrmsqkb6qjpu8xabmdq,15,8,0.00017512919050674308
addr_keh7ewunermfthw2vpgnoj9nmdxe8je6nep784inow,7,5,2.717650558922524e-05
addr_ooo5qqfs40gw0w1abbffl7rsa2rtr2w9wibe2jqy2h,5,8,9.110327521042799e-05
addr_b3x0s66v5y3sez6u8hpp2pyk9ytxe2rc3tc2svdtz7,3,7,4.675681030463963e-05
addr_s1cdbshey3is6yn2kd820aiv4vngacojxxkehsgop4,7,5,0.00014844443286688032
addr_961ca8pbiv2orinakg1ixdav61d7wrf3j8upz1cq4v,7,4,7.0585246065561e-05
addr_jq128t4h8ir60mdx1zr99tgs7hzz4gw43kijknqwk2,8,6,7.081397734987016e-05
addr_wmqowp67827xb0k9zfkfdqfhhay15nb5sc0shj817h,8,9,8.862236450228001e-05
addr_f4io2xm43o8jocujvxhshv1y04z4vcvzpvwll5v2h3,7,7,0.00011947762331295314
addr_zcv7ut6cred3ofmbtcx8g21mb4y9yzg75qhieiuxgh,6,10,9.272607202894863e-05
addr_aenfmrhknqea7m3lm7rj49k83wcv6d96li20sw7exo,8,9,6.429219331933752e-05
addr_03wz10agwvlewlhhoaxhw2vz98395ix612mkcst2k6,5,8,4.496405127681983e-05
addr_npaoog8u2ker3vpyoxsiggve6fy8ssvy9hwoz6rtyy,5,5,0.00013050074054963404
addr_o504fx0akn053k54316ujkae90i2hq9854kyxce6q7,10,8,9.879115750612949e-05
addr_bir82i6qrgfb495426am48jge8fvnc9lu058o0kxac,5,9,6.95342721376325e-05
addr_gelctcc3c3pug3n9f8yud1v0ehhgzn4ysbxqc5ciqs,11,6,0.00013855895791100442
addr_xpzquyw2ffvh2xhhyzh1pyzdgy9ksc3ukojuwvlytp,5,8,4.164762998340806e-05
addr_4fkvwqyo0naw5u18zaomf3cm8cjwjaqteycon65x94,9,10,0.00010621785840300549
addr_8prqpofy3u4s8vpj2wkt65j3d9f3bqv7llmgz1gb0p,7,4,8.762239370313157e-05
addr_mgnncz30dvk6tmd6vupev3z69znrhke7uepbahdchg,6,9,8.139856319650119e-05
addr_8u84ww2y99cjyhypas1ct22uy1g82dc66l4couucjl,7,2,0.00012633270395192377
addr_ovs0rk0a0m3tzx2ughiqjwg70lrz5sefhseyw0o7cz,7,6,7.933143069843189e-05
addr_v1ba1rk5cxvn5rqerqvy3718yr2dlg8q8ii7ctgvkk,7,6,7.030454947327216e-05
addr_13q1jnpnzb9yv26geb5xfy4ujugrxp6n7ogu6r49s2,6,3,6.524232550069053e-05
addr_e2atn2twdl9zs13c9xqym52xg8p6befflzm764jwte,3,17,4.298178253918899e-05
addr_i3nv7d1avi116fmf8qavc8q8wmc2aawfglz62hxko7,5,9,3.617405969690341e-05
addr_n8u8nl1qkqv4vctuhy49kb3r3tvqkronfu7wxvd2xm,11,8,0.00010921698895950974
addr_con0yasdpxid4jbuhqvj7idio2nif6mljyyp0bnc1b,12,5,0.00010656265620411329
addr_2y8h6423b707rmwrbribxhmfvy4c9xlzqn5wncg5c3,6,8,5.578196814316316e-05
addr_4qy2l34w6z7kne3ak3infh4lpy33781i74bd0df98d,8,8,5.620461880699866e-05
addr_g4ohpn9fdlr8z101jd1bje9xoawcud3i2iwmc07lbl,4,10,6.531252005033071e-05
addr_dz8bu3w7ofvoy1ze0iimr5rogp19uxciv3y9mz70mh,2,6,3.541229409451318e-05
addr_uc4a7gs4vb7w2f3wy8sdewl95b302qd2ew0pc9tufy,6,4,6.791046463130056e-05
addr_h9n4fq6jx23cemylkz01x4ldnstedq7mmhlwrcabfn,11,5,0.00017190832597866292
addr_yclesr57iqoe0frtsj38dlrxg5pas653pxjsx23bzu,7,4,7.181172839274065e-05
addr_p35t54gylbi18a2vzpy9qzo7io2f2natd4gwlf9yxa,4,10,8.72362850342424e-05
addr_15gzagvnypxyxwax3sr1son0hvys4va8eufzjcmju9,6,3,0.00012648941232107526
addr_zrwhxthycylqnjer2yoit5cb5v8t40c152ippuzd9q,7,8,0.0001081410369704095
addr_zwvb1821q0e1z1epgw9hbpiw4t38yye5rvhmlbwcu8,7,6,4.92657917487969e-05
addr_vr9sl5vx974ppwwldt1sqxzggrqsllkryab120tsgt,9,5,8.4043388704967e-05
addr_1ac9rbc2cs1p5db2cpxnsifn5fho4ub8pvsna8egha,10,8,0.00015048463355570005
addr_rrpzlk3e4xyf9igfu8iogxpbwhvnzh13cd5glqj5sx,6,15,4.666605099309583e-05
addr_3ygycgmprq96l9jbxdogw83daovhmgy24alf8sxe2c,6,5,7.237510071128379e-05
addr_mo1fx6vb6p325nh1xklut6plm58dpu93j21ex4kvhy,5,10,7.83169764628387e-05
addr_waaxtkxa40udftbjuc3f252b3go5uf4zkjhalkjk15,5,7,5.78773454759189e-05
addr_w7yu887a2y3dph1xohdg402j1nkl45nxmzaxrxk0c6,7,11,7.531817771784595e-05
addr_44hokngijrazyflbsmkfula8oyd0hu1amb7getsi2h,7,7,6.068533965234977e-05
addr_xsjag787l6k1cntjx82vrpk92wu1rg1l1v696dab4q,4,9,3.251098167651852e-05
addr_g36olezh7jyjxgxhbfumyewl5era8yv3yt8jqypyln,6,9,6.019203677003263e-05
addr_zs9mthd3igk38vhmewcjn6ocjpztc09zgnx3vpf9pa,9,20,0.00021415217062042304
addr_8n1p01liz3tcwyp03m4vrpr1k8d121byr2ftxudmio,6,6,3.4031533100055636e-05
addr_t5ncjocouvfghgw1ccyqurrv4x0q0ia2c1tiojk2pr,3,14,3.2903524915091096e-05
addr_fbhlxjntrs2x0ps6u3ft6gq95wvfutiazdvh80psiu,8,7,7.362376733221057e-05
addr_oqm588mxrhubp6adbcbcjc0j529fmw27cayiyc4osl,8,11,6.948860123398181e-05
addr_6mk9x40wj2riwqegqv0pf908ts4zhmaodm78135gcp,8,5,7.57678849449358e-05
addr_73yf4wbo1fmrd56ce0nbknwgj2vac9xhz4q910eqau,7,4,0.00010664670718508678
addr_5zepnratidebrtuzu1bpp9bcwwy0cv9daov8p00k0a,4,10,2.4058816957975698e-05
addr_447hjjnvfk6d7nzagx0rzxmpmufkvpbz1l007yq927,5,6,4.960106519171001e-05
addr_hakddzxv4kv1bn9v3x7w1f02vplwuhon3r84affo71,6,5,8.111818968248567e-05
addr_en2cqxrqtwceecfvsjw7tbddcmoq5plwqnv53iw5lv,11,6,0.00013217029492611028
addr_0hreyzj0o3gegyaqgugqfw4qr31exjt6xw6h3eq386,9,9,0.00015254988170896043
addr_wvf36zpi288h23tu8lm7xxcn3on4fg0djq1pqvczka,5,5,6.387057527976839e-05
addr_oifzhrtnr16iudru11wp2yrcxozcclk2nfup45hqjt,5,8,3.866705391848852e-05
addr_2j5jd0tebqp4enrr1w8w8j2lpu1k5z6dxwckqbfsa1,5,13,8.24152323156941e-05
addr_yw18otzuh7qz5ax0b8ik2rpmgv1opvhce5iqe8i102,14,4,0.00012265751657767517
addr_68umrkf1etyu57n6i3hgcruwn84g1k4xpuwh1oqvl7,6,9,5.158027310935787e-05
addr_kej0frhfjx7r56y14xfidr06rhfspfzet7uxjvvevq,7,8,9.708399512726486e-05
addr_xntjw3x8gghtv3sy80w5gsm7rbrxdy633m236mkzrr,8,6,0.00012177596290437492
addr_nritd7ku74e83kaiycmoyny0amccx0oidxffx4to4g,4,10,3.8198969961073696e-05
addr_r7gysiejnef0ydrrdn208rnppapcjehlycg6ne4590,9,5,0.00024625135708575545
addr_765pzhwz95divaxffw1cvrzapz5ivjlfv9hl23rwwa,6,6,7.361594554273702e-05
addr_qw64b9kkc21p4u0nuje8vlweqd6r5fl42vlbfj06ds,13,6,0.00015052411522245332
addr_ovk2hqkq8fkcek2gpm4ghdomspfqlfqebiwrcqla6m,4,8,3.832978612504032e-05
addr_pv14iyl8eub0awyr2pz2i19hc70em1kkf9x8wqdopd,5,6,2.920179172689778e-05
addr_8052umkn5snq02wtwpxwvy3oipinw50jq6zjg4inng,4,7,4.957548164496448e-05
addr_6n34av0u1cf2vd2lcu0m3w8y0usre57p3lrmc69236,4,7,3.621481284141555e-05
addr_1fjlletxuglivl70pnyyvfonbqt069n1c0b5h33qz7,10,6,0.00013343753718361403
addr_6tukxnk47sl7k4k1w7gr7ypl1ouc89hveld520hh28,7,6,7.88153050946894e-05
addr_3akqfrf623n6y0wh9wrt4hpbvairfvql28ir78pwag,4,6,7.026863302171775e-05
addr_6k58ma32p2kvv3aend4vt153vqowmmj64naaicobf3,14,6,0.00011611008886231219
addr_2rbli28ie6iwz9f4593s1qv1tsu8afizdya5xc03o7,5,8,5.8729956092224705e-05
addr_s99ilijge6fu7rv6hl7w9buzi1kmnsvki0b5djakcq,12,7,0.0001735650949733898
addr_li2cgkapww3ueimnhdolf10ynnve6vad51s97evema,9,9,6.444625519507849e-05
addr_1elkg05vl1ii8677yex0ujwyvfdbz3zaa5b3d1xd1e,8,7,9.20154951497441e-05
addr_gkccaar1p2g1e9d8odmkiba6dwqrkfel5qsi99p76w,4,9,4.88696482818289e-05
addr_i80dh7q8p3ucbyubob4o6tbrl57ab8eo7mhym1f83o,12,5,0.00016812758931217812
addr_ofuoe7gj9q22yc5ub6loap70rucprkfwj8dax158x3,9,9,0.0001449571719688239
addr_itmj8t8ocxturbp828gjbfi4u7ik02sdn6sy4aotks,5,5,5.14244253547081e-05
addr_jtw1i4bhjyn1b9te608exo0cs15429oc11go5sot8t,3,3,3.425118009756575e-05
addr_onwnyii3btlt9eih3kgy1rwxoifjiz0i44su622rgm,10,7,0.0001041419538734004
addr_wpopsjvyf9pb7wohqd3ynltedjr8st5wph9ccwbkss,8,10,0.0001211974609136552
addr_d6vbpdko6sdmf6jyzjho1lcke4zqitjs2ywc7erezs,6,4,7.556495051960955e-05
addr_2sa12mesq790von8pvwjazq4x55pb4w6c8hs287qmr,4,5,4.0443459435692316e-05
addr_ti959kqnyy2z6v2m9eed0c2nyo6qrod4dktc95gtrp,12,8,0.0001217936571995306
addr_f1e0gunx2cayxzue59foo5qzu3mk3tw59gr335kyf0,6,4,4.69371311162682e-05
addr_fw1mbr6rz7mx9t166tirinozg3ixi76wpwu28bb878,5,5,7.592856737994998e-05
addr_ij3066tgo8t3tzwnxlyhn36n7jfrs1bcmjjy0703cs,10,10,5.0113714497723674e-05
addr_1gjq5gzb0j9q9j57tb5bl2bbji8k1p9jjh8vyxo4it,7,3,8.03758051669307e-05
addr_ghxpq4voef93t3m8vz5wiwrgp4rr3g6wtixztdnrmq,7,5,7.760371067395716e-05
addr_i5vctti2599n1reeaac153vztoeghvnhcex947ui6d,7,4,7.337620605193171e-05
addr_wzaz9t9i93ruvg7avze7kor1tideud7mwdkrv1yvvc,6,4,7.038329525853453e-05
addr_p69f1ftq5rlbch1dvaso4ciu8p132rh0a63qclm2bv,12,11,0.00011806214756498165
addr_r76hnvvhve3vxr4v58ydgsp7xkcvpqnlh00abrr1id,5,8,6.804339084708218e-05
addr_us56ydycvsyrpf35tws6ravafivaq9fr8eg6rltzdp,8,2,0.00010564312892929098
addr_6fbuwchob9t0e58uegcz17r7b8lckarx3da1lm0vj2,9,10,6.814296834580952e-05
addr_m2hh54l20cvq2lodor1ms4vzv6u56dcof8clio5gox,6,8,0.00010679287587363315
addr_0tpac56t4ufel6246hid25owf75935a0l7253j2d54,9,14,0.00015067772936416327
addr_zpvjhy8vbf3kq9i9u7fmhvexbgwak8mwffvklf5lhp,11,6,0.00012245155096497293
addr_g3oiuob47u7x3u6dx6tf0whsi9kp565fbflp17t36b,8,11,0.00010215828432725877
addr_ix06nwhq6nn54l9tvltpig0sdd3jywpjzqzaft2v50,9,9,0.00012215259516761985
addr_0bx9exlzlw2sxs9lbtc2f4s1f8mc9d9di6rra8w863,2,12,2.578618621609955e-05
addr_labhnm8fmxq49f6b0fpaaqc1rysqq7uqxk5dup6qw3,7,5,7.882468867499858e-05
addr_jh9mmtdfgv0e49at40iamudl7vb1g5ligjpnkiqgtm,4,5,5.725117636021891e-05
addr_k7drvwfcpjznrcbwm6g5xtji2pfrephh5nib0nfoa6,3,12,4.811562729927973e-05
addr_48b02yxi442vge193czzx6l7cbnfirwver3lie8fsw,3,9,5.553522936253241e-05
addr_ir2t3l7fx4e5b0nkme0an5sdh22vgtg3zlwhiggovi,6,4,4.880204129810629e-05
addr_mj8k1dk4fj9zfz2hfup7sol7uz5k7fxabstxt5ihw2,5,6,5.2607744229483324e-05
addr_c3mp7id4wootoutva42048p5wh96fttts0wwacb51e,6,8,5.649094905608759e-05
addr_oj32a3o98ofy1dp053tzo5pvwctinz56ba46ly1ogl,5,5,4.890522369323737e-05
addr_qrd5b5prnutks7em739ljumhjp4xi5uiish7x4spu4,4,4,4.548600817475842e-05
addr_7nu4wqta8vhzuk1841kwgdsm9afdmmxjz3l048t2kw,6,6,9.907156453955378e-05
addr_ph6p2j761eexlyjbyn2j0qxv0cjqkslf5f5h0ryrt9,9,5,0.000142386130178306
addr_rtmlxejx98nr8us4i1cywo0k3l6cf7hyvvn6p8asob,5,9,5.8979443157511764e-05
addr_o8a6z9vwcx3s4axih22qe6mfrb9j0gp5aep9b1h755,10,5,8.308302670125548e-05
addr_t9r9ebi6x507zl89meehb6bj6c64kfo6act3n6vfq6,6,5,9.777835174868558e-05
addr_jxppu86a73162lwj3rx56l3414wqwuujmdtwbkyh5h,3,8,3.686717096969257e-05
addr_d7m43hk94073qkt157ltjahayatbysonzbqfgokrf3,4,8,4.9572787873946306e-05
addr_64yfypy74l2cu383yydrb577sxeqsx3o74oa1ppqqh,9,6,0.00012737392011654013
addr_v4oylx9op8cpfy4lpim5o02bcchbfxjzcilicmzd5t,7,8,5.2447701954372674e-05
addr_uhylvyuwwgdcgzsv6n8vdb2s2yyajkncrgqo3bxftp,5,8,4.031130024814967e-05
addr_yfi22p4u3lmudzafqvi0x76uawieoycw67lf2m0a2v,8,7,0.00010930824400304617
addr_xqsdttyf8vho8mdllj0o7wxivwdd742daubd4yxbxa,8,6,8.421393148592813e-05
addr_narur37921yk9xpfo86080yapig8ofsmnawy0peqlv,5,7,5.444673315961104e-05
addr_n6pi97anreyjsb1ngjzb4hxx6zce4hduuylnynn377,5,9,4.387771198361353e-05
addr_lcrz3rj4biohk0veyd5mlgmxzzxheuoys78yp5ssm0,10,8,7.303786448164031e-05
addr_b1r1umymg11663emsbglnodbn2yuvocr6b5xl17v4t,5,10,6.527100543627523e-05
addr_nm3tixlsd55v1fa3s00jorg5knxkhn385o91moyohs,12,8,0.00011838290523815475
addr_7kkbnlvejs59610mmieqrq5vaeh4ipt5tj8r1epvcw,1,6,1.9705464787820334e-05
addr_jsyxufblpvr79yt1s4jida6ueyerbl6sgw2nrv4eib,6,4,8.891698633335482e-05
addr_hmh50gk5czczmz00kg8ijilo6s0vhlwozm18ioeruw,5,11,7.042770399954628e-05
addr_z2gufi2ybvjwo4sza9s4pl8oqg954fextpf7sp1xt7,7,8,8.715795792104822e-05
addr_skoytk06akt7zqht2xz52ohkbm00e9kdts1fb2vi10,3,8,3.978694550317464e-05
addr_e9x8ohgy1yih2kqyyw7rgvp07us7p4o5lyon8h1648,9,4,9.962042951331661e-05
addr_9rpqix31dcs6wpbngzcw6j7oa8526abcbabtf7yg8e,9,8,9.892296027251079e-05
addr_ppbsniyatxjxyxmm13tr1y0lkff0vfgtyc0oiig5uw,5,10,4.389088124417019e-05
addr_qxcmogjtlintbxpybo1mnt9wi498jtn6uwxwrblbqq,9,2,9.00057851585977e-05
addr_oxeseve3tbir1wpsj19bl1zez0ql1gwal7uitgiyem,7,7,8.882896655764604e-05
addr_0545ry69bm0cxre2yruk2anmq55y4gnw480lxpgwaf,11,3,0.00013228502154595778
addr_p7mv4gylgcqujw5a9pbw386i2d7kw7r71j9u1em1yr,6,10,5.8953760653309684e-05
addr_kscygo06p9n6m23ziu4cn60dofxa126uruv83jcd3n,9,7,7.434127013285273e-05
addr_gu2r2leznbrs5dntlxkcekrtr29pz8a8266xv00jbf,5,6,6.498231407476955e-05
addr_x61goxyyfluct0yfejbl11dnl7zzk2kfl4f4dh4lr4,5,7,7.926595034080649e-05
addr_5isne19fs8i4xnl7kpovvlpe862q2hf22x7pymaxij,4,10,4.9366741402622476e-05
addr_cvwdrsjguys91owbvrhirm3wlsk1xsg5c1ct3skmc1,9,3,9.346248024132206e-05
addr_7hu3d3513lm7e41ofv14j643f1aysv6o9e9nhcgw33,7,4,9.968959435639978e-05
addr_nrl511y2adcoidqjqwaoh0nsoe6ff95qtuf6vitud8,10,3,0.00011068758168994859
addr_s4rv1oeid3wr3e5wxt75ghbj4ntksz4x1u7xhee3m5,8,4,5.087861360343922e-05
addr_zmh8g22pbxyyw29r6lu4kzpdyn1mki6pfmt952kvuh,8,4,5.4575218680313764e-05
addr_lulym7y6clgrr4c9asz5g46tzmv6rl7gjcml8804fi,6,7,8.934337718689093e-05
addr_v5h8nnucom1wwk66kl8vl34i99m12d49h84puy3cct,9,5,7.009573141897405e-05
addr_si4vbkmbkb5z7jczif3o94sjgb50x8kgmxd9oospbp,8,8,9.016860576593239e-05
addr_dgphl54m5r2a23tccvb0yyayxykm6z34rirwqr2mj3,6,3,6.133980849293572e-05
addr_meybsmujnqkyso0tcc64ayt17hisfgxpxd2vcgjcju,4,7,7.243305775869406e-05
addr_85cm97d6gdbugymc5exrvbzb7iaaddwpmsofq9rnhx,7,5,9.360905466718341e-05
addr_pb4gqp7y7ehenfn87kc7psswdmwffnkixkhn53e9dx,8,6,9.280035946443342e-05
addr_uv0t0a50ltte7w4asfc7ih8uccca8wm9licyalpu3v,8,5,0.00012616973645703295
addr_8g3z646ld3qv0j6x0t5ku0f94g6ugkhozhr2hzrfdq,3,12,3.8853221455262476e-05
addr_ehodlkw0g3duirdd75pkhutf4e76ppfn21irsuie1l,10,5,9.618206025077444e-05
addr_gilcwrgjgycc98ws5137aiqzzlh04s9dh7wy1u6xwh,10,6,9.914331674432175e-05
addr_ag1uw5u516z2y1cee3d5p4q2si7om6ctsfmfbi1gw9,12,2,0.00012161440098991822
addr_zbwydbzm3xjhjpoz3f0utfjbgjujjrr887hbxwzjf8,7,8,8.827600843664673e-05
addr_ik5f5f49wpja11g3nq50664ixyofxs5u4j38kdyxcw,7,4,0.00013181176178434848
addr_1q8pj1ydot948u6b15x8g1hzvnasjp0esuswiy7k60,9,7,9.155776930592824e-05
addr_tz1r15o39u5njynzkgqhlrcox2hnblvboqostotpxy,9,8,7.717549317600586e-05
addr_zeognlzim9t7earao7x5okzim314d2agmpi47p3j7f,7,8,8.396147315190854e-05
addr_cqgnxvk71zjohh8o8lfeposzbsh8iu9mshezwbvi35,9,9,0.00013625681147861192
addr_ofmaok8tir0p8f8c8clrki72oalfwypeek035n8cqp,9,4,0.000114338914558216
addr_y39yj67cq42enh39wluyvudxprm7jpagv8zhyb8h10,9,5,9.297394326176494e-05
addr_h3mvl0t91xaubyblh1a23rvssqfbx8aywwd1d560rk,10,13,0.00016469340734506818
addr_b9ctaaqixtgf25a9qirpbcvk8kl6eygbgafyeae3hx,8,3,4.332888001700397e-05
addr_il5vh4pq7j6ect8f0pyj922hs1edqx210wczc6resf,6,5,6.592753861702027e-05
addr_xccycc4apmvs0ka1uxjzc5ica6rtch61g1keq0pax4,6,9,0.0001325332985868541
addr_lommw4gh8p9lvewtfmsjbw9yumx00ydkly9xtb0z6m,4,11,5.0116489039547227e-05
addr_0eedskrx6pwrcojdu4544hjbo5biyldczemt86fmgp,9,9,8.103689841848646e-05
addr_ajm4gpuz5ta0ib24k7zdjy157n9pm97vc0wbf3zruw,7,7,8.618094125782078e-05
addr_0tbbmluduyvqbksns7ubrmw9f1xlweml68atavv7zj,10,10,9.119478851078906e-05
addr_n0dl6tj2uucglw9suy40i2ladln464wvnrtq47s97k,11,8,0.00012791025455151996
addr_pi03etfbo98gg1rc2gjpv5zccpkyj9bxktpgq9odtl,8,5,0.00011053543383854722
addr_urf7aci7ytxbxq2rbwai7ywe5eaefqx2d9bzulaqhz,5,9,5.761582829642421e-05
addr_r8tq9r6qdju3qweezieuj5acyawencu2e9pn6i2867,8,6,0.00014915833994712607
addr_gc18eigrrcort3gwzsxrjabcyaq880oplvg6cgmz05,11,5,0.00010838445973810196
addr_mzrd5d7vkc5bnz72wuma4800hersosp89ukai77lx9,6,8,5.441420932464271e-05
addr_ojpg4w8etp6lj27pd21aoqorlmet9l896xxvc1xwc4,1,4,1.803318011193667e-05
addr_phit3kr1lcv3lpyrkxndz6l9j1xyzwvfye7dzq2una,2,5,4.770724594839723e-05
addr_j6evltblgyz5i23dzz045glku0mqiv1xe81r8i6uzd,13,6,0.00018162079331725096
addr_8lluk7thmnyj4asxtn6dfrsilqclu2lialghrbzhqo,6,3,8.384209272954567e-05
addr_8nm8h174tjh56rnckrpeqw6yqef864bwx0s4t0kzxg,14,5,0.00015007848459635943
addr_z7ag54sbk426e34vworers3d28f9sj2jgwmzmmknw0,8,5,0.00016909111732545053
addr_019qx08s5s5vtvrkcypiuh8vyomtxnsrw12g5i6nma,7,6,0.00011192535501838289
addr_cv3xpq1h2ixfx68yibffoduqifz5i2rmayvflvpcis,6,10,0.0001452679556946811
addr_22mlro1ppf7gxjbb6c3gggjfj4nrtxmvowamfdrair,9,9,0.00011859440064657246
addr_0yhm6yihqm97n5g1y23wo6qbq1owrs1fxijzrh9hc4,5,4,5.129759512652774e-05
addr_tyqgig4th5jrkact26todjqc0kivzy97pujvc30x5a,10,2,0.00011839988912637976
addr_w6n5xae10mjdpfj3ag3pb7t6lkopbuaxiu6gas11s0,3,9,3.292553563500174e-05
addr_nso0jjkf43gt1m6p3qt6esq99mua3uhhd9qkd9y4o6,7,4,0.0001338634041654498
addr_s03q093yhlvg6403r2vmrcfp9g9dhnb9e24mle1myj,9,2,7.126481130176866e-05
addr_hh0kdun06bw2jj4nhwq4pnbv89dldk53738wri2zs3,8,7,0.00013921811578801037
addr_ju9f51ni4eubygs0jx9amsm5r7goklva2uhtjpk4w0,5,8,6.808437605967835e-05
addr_xidrd0vetb4bttti6pn6xrd1wim6dwk05vivzus57n,8,6,0.00010471108583188042
addr_46oojjdp5j7qmg1k4o27evcnqiyftlxbwlwm5jlsbo,12,10,0.00014860206740362656
addr_pq034cbfccznhm56k2zbr484pauqbevdp96i4amorz,7,7,8.876930971859267e-05
addr_ttw46m7roq20yt6vfyq8u5e3s8w382cetrldhov8tk,11,9,0.00010473296341499912
addr_z2qz3mxjno45exvg934ryld43vvr1l83l3z12ci0vw,6,5,7.331827341574431e-05
addr_qvpoky9h5hayzhg8tfk7782dp5vygteny2ugs8je46,4,4,9.217286119138747e-05
addr_w1b8mdmrcm297y3da5tbpqmlnto85i1vdv01ywejtw,6,6,7.125835833020538e-05
addr_htvtganr35kcy4yyd1wapyrslkhd1njvzp1i2ul7gg,7,14,0.0001027589337657248
addr_qmnbkbbhfwbw95pytdvttvml7tnw7fwhdrk24xwu66,5,5,4.57836763130928e-05
addr_xpdrvl3k3y7mfy4wvx4gcw5ja33bmuu1hzvhjqoxzq,8,7,7.497183850229498e-05
addr_ruva42q3qu7rvncykjqvwoohy3kmfn0vw3duy9uk7y,2,10,3.0096110141434145e-05
addr_nqyhx2scjm2jhd1h00f43zsoh4bhkgsmee5feg39d6,5,6,5.6996407515997273e-05
addr_gv39dxe41fj9vicm3g94evnvmmkvc7t8t6riezgi6j,6,7,0.00012307746876242807
addr_f12pzt7z4rpkj6spie0z8igqki3qblrho0f9zox9kv,5,9,5.220700115400503e-05
addr_dal4drtxlln1b9c715h1xilarp96v1luacgq9q32h7,4,8,4.0277725564675155e-05
addr_nr1lwfqh0b90y7c6lce3z23v3romnww0z2cyx3u5fm,8,8,6.99591227833741e-05
addr_hdrtsdsioqgg1msnhfetm3igchch9c4x8o8u505zft,8,6,0.00011297085817733267
addr_v9nou3dyms1mwnpr424tkb9oi0d4dmc2rh2xk2ptho,6,13,8.721850274136146e-05
addr_cgb8ipumhoyt20ba33mpijhh2ctjri3tsmd3qb02dh,4,8,4.7844314874084805e-05
addr_tk95xysyavoswswbvrto4m9wdp5f1ojb5wvpeyl3go,8,2,8.082974828442934e-05
addr_3ajfvyvcoxfd5rrh68b801sbhox6mtndtm1udypviy,4,8,4.6026511162286736e-05
addr_so33pzlxeklrm0aeyyxj4uyh44qrchepwbuz36jkry,7,8,0.0001138219201094896
addr_cpzv2041mlnyylccm3q4wtykc1915l22iuy74cyr7f,7,8,0.00014059903620682068
addr_4w65pad0odgt5hnzaaf3p96rsk6jf5sbywz1dw0sfm,10,11,0.00014847212847964367
addr_5falz9xhukh2ejden6t614will2kx3xp1el4ffqwwc,4,9,8.106751197987112e-05
addr_wer3zvo3qft6ha7z7ir3acwr1quvnwaqej7fcblk98,6,8,9.071299559746638e-05
addr_acpt57qieldvoj5i4k8infn7uyi005im2ctyfkkpd4,6,8,0.00013953032276209636
addr_ofn1r4kz36u8ueihx74d0gjyv5g10ur5l8a78e9riv,4,12,5.984000693474504e-05
addr_3ba6hveestrbuxvqwo6p3o0m6zxoyajy5qfagq6jap,6,5,5.956474965822417e-05
addr_82qsfeof0z5beow3i081vmlc46mvvs7e80q6xot9zv,9,11,8.976675257890248e-05
addr_qjeodnuh67k9l8d2aay4r5n8rbe8qg4nbwp8cskmr1,5,5,4.182429945672324e-05
addr_u93gqttegtdchpv9kiqblkl26iheqax5yzo15fipjr,10,5,8.884437957430812e-05
addr_pqfm6ghpudzq60dm5cv439aith51hcplsfyf8heypp,6,6,7.306049810069414e-05
addr_vde3ojgq7ugirf94l4jrgrwyq1r3v4tsbgretvd26w,3,4,2.8786191953171787e-05
addr_lge6f3f5m0qbn3a4gg2jie2vyefoq4cpl3zncyfkkd,10,11,0.0001409545276730101
addr_a01j6f5uecz93jvmyfhyxmgnrd056fmp6u6ygvqfvv,7,4,7.69545361043155e-05
addr_t19gnh89ktjg7qdnz6rk2zvmni8dzehzfw6511kick,9,9,0.00010035461445956093
addr_hr3qc1mcp9fw40y06bj9asdbs6l6b1vlzos97b23iz,5,9,8.999533777113373e-05
addr_86lypp3fzmsnwqfxnm4yo6uay6ufx6glf7s9efvbre,10,4,0.00012096260083936985
addr_qsr98vf76knlc425gre8lr9efsng0n3enll27naobi,9,8,0.00011266211692165468
addr_h1jz2ad4985igb0p8xiuyvfy11ef3e1g3huyjqxcgd,12,6,0.00013810477115426762
addr_3rai3gopvaczs5e72i2wp88tngv4ujf0nd45x6d9i3,3,9,0.0001324708694076059
addr_cc19vno94h1md84tknoou9m2zylc6ut769u3duunod,8,8,0.0001512987962446468
addr_v8aus6lymmdxuyfnmms6e9tsu1s60j0d1bqyxghofu,7,8,7.14284229555127e-05
addr_krgi2otci160ltk2qx8wc3u9pcyeow3pbchdbzw3gx,3,4,9.570176674245207e-05
addr_jpcmw0jpjlbwj1irva0y0wliwlap3k5b8sntht7ugv,8,6,9.33582611717091e-05
addr_6swh9wrkvbdxn6jfb6ljmifpfp2vv6rbg90i2ldsyj,7,6,7.442113990104336e-05
addr_qqm80dg1f65wlgmx980atgccgza84070zewidffkhw,6,14,9.008456410112805e-05
addr_h47bkg1mveehx40pu27dnxq9banxq1catoh01cqdvl,4,8,4.2379424224192804e-05
addr_sav9cng8tana6u48gwghm56vu6z5gf3bbt873lkmgs,5,6,0.0001214468292623597
addr_tq8xtyo7747fcdj6i7mrdt3wudar5b5n68g4irynp4,10,3,8.964896593536996e-05
addr_p6phkzlqg0ri5olzjzt7zp0952zunurcbrlluxeotj,10,5,0.00014646200690737358
addr_kyjcmf4j10yehh7mc7ny6v9mcj1mk92xe9gufi389p,8,6,0.00011305745696715189
addr_38jllvtbce0mv8u2tua7d7y4idp1frx5j1luae83n6,10,9,0.00014794147348399015
addr_tg5qsd4vi89gubsttqf08l4cymomfwdrh3c0140k1g,4,8,9.4450239883045e-05
addr_rrid1yrgrmx15517lmlc8sbc2ljx952zgwyakse6f7,3,3,3.341591976092162e-05
addr_jetovm3skangnflocrgssikn7uzoalorlxp7o350ru,5,5,5.767952791604165e-05
addr_hvzfmvmqufwoto4hd9on6tlesjfus5j9195rk930fs,6,10,8.56043424085362e-05
addr_6h9g9ei2limp391s8131yk6fa2hzteiwwcw6yra65e,7,5,8.072169099387844e-05
addr_zqy8uc86tdpwlyio2qxqjxzdqz81zwd0cxidy2f4cu,4,6,6.303793455804068e-05
addr_54su6i1n7v7a6xg6f4jmw4bz25i6bs7qlapfwxig4o,7,9,5.843211145923396e-05
addr_3zry7shp59mg4uzpyjjxjuuoirkc1hj5zg3280vwui,8,8,6.286553826118918e-05
addr_z9ayx2u0tj47hiitgr7npvvytce6nscqpmwqzuo96e,5,9,4.88165732483697e-05
addr_m53m21vwq0tsxgkjtwdv2pz4m26nrrjbj7v9wuxj32,2,5,1.4304622784418355e-05
addr_xqnds3vupzua71u1sumkyjnxfoah9ewm5nmym4c20o,7,7,7.930196090052772e-05
addr_p7n4497ysltdnqd9pqr9pe6c4zdbg1ir70iofsl3qa,6,5,7.920300282986325e-05
addr_xju0252bidz4khkr9m3ji1e2ajg1c04jfliowopl6f,5,7,0.0001119038270563929
addr_pn8ao4b8hye5nfoc6cgav0ey483mco33yeid9ecw9o,7,6,7.705106835750746e-05
addr_nwobiuw54uqm0cvizoswc3c67ppzads06k8detma6l,10,8,0.00013069702538097538
addr_ns0kxwyweqdcc4i7o0vrc4gjd7x5hpiosdmdkk4cb1,11,9,0.00010840710182565813
addr_b08fjzhu70tfj3l9ojpivmfg0fn5h074crwm5fi2ch,3,4,2.917195888465762e-05
addr_9y34qslhvuu4rozje9gnji5wfk9zpa4rlpwqjfnc92,5,6,3.6581648143210686e-05
addr_n5of0hiigu4081h80r4otpcf5pjdfaiobedf3a8nm2,5,8,8.462246850766156e-05
addr_2op4u7wj0vysd3c5bfv2kgghkhe15ibcb0flabeham,5,8,5.441983939112305e-05
addr_c4do6e4g52aaoj7capsimzmhcn9owku9evh05dw0iq,10,9,9.07009778209801e-05
addr_uqhaj2toh9k4c8qydq4jep4lsvshvofbwkxs1n4i6t,5,9,6.233124509914004e-05
addr_zof5mcrkdconz7q9xd50ttargxfndbxfrzc2codjfh,3,10,2.8985384401159044e-05
addr_5mua58c7nlp2jhntx6yanxjcm9rbvpstt0i5chqxcd,10,14,7.253437724138995e-05
addr_tvgtekt3dherhpxxz9xx5fzhfefpq50o0fjk9727tr,8,11,6.633792598471576e-05
addr_c98wzgw1h19kjaszfm6e8xtme7h8lgic5l3uq03jww,9,6,0.0001252941856850187
addr_0yj1qb4eapz0vdbi0rk03rwer2zi8nyqmiyzmuvigo,5,8,9.0422522334798e-05
addr_9dhjmaubpsolt9b4d1l04vu27mh2089gjvr0ms7gry,4,6,7.268685388672305e-05
addr_9h4a3e7bszujfgc11oc95nseeyn4saij8sok2i83du,7,4,0.00010548158487736369
addr_e2vthpxmtu7fi4ttyakhk07ifa7lj1dolrrkagwzwu,7,5,7.127583214582845e-05
addr_mgk4m9dur7tqac2kdssw7mgu03bnxn1wzlhhvpbmnv,6,7,6.319133683314022e-05
addr_25dqusb8keh2tzascebq2iokom5p7v9fm5rw7biakv,5,16,8.019695021744267e-05
addr_62oedr9rlqk0pqs2fnukm7y1uvjytmp4nvv78zoheo,5,8,5.521078816727652e-05
addr_eviy9scn633axiko3b37g7dbjj76gzbs39fura3wbx,7,1,7.734041041166383e-05
addr_vlhl2amhxra9cgs3qjmw42sal0lu2mmtb85jh295f2,8,3,9.157995805127129e-05
addr_2jfjburrfl3iljqisc3fevt6kaci47r83186yw73ik,9,7,6.725253742609653e-05
addr_ked1i9695r4fm3smklhgxv83mi4ib6zjgub6xjjere,2,6,2.132147004995669e-05
addr_b9xv8wobiry8xny2x15xjxnecrysauuj02grxpudc6,2,16,1.7091127364813282e-05
addr_2rbkb3vp2n5nejy9dnqmucrwmcsci2ps436glxr49x,2,3,2.8201909647088723e-05
addr_ce7ntu3h5bepnplfazw2fb7iyk3luadh8tnyod1ct3,5,5,3.8870575740946094e-05
addr_x9t55is8gzklztj5l569ygsrpa09qe1nc3dat253hr,8,7,0.00012152564028985247
addr_v55mbh00nzcqpi6xr1raxprlu2ciwej806vqbhxwuc,8,6,6.964665244640298e-05
addr_ddkox42ah8nussxbmuz0bpewixir8a42vlg3hd634m,5,6,4.518270033111991e-05
addr_mrq6c88ghrvbfje14psnpb8357z3c8kn1zxl3cbr0o,10,9,0.00015598787370561774
addr_6gr37pvcf4us3g19kwgbnu3m3td7urudo4cdtbj91q,7,4,7.248926068984484e-05
addr_et5urn5arr4nio2sby00nifsq858ykhxejmmx5pvf5,15,5,0.0002196710549852892
addr_mzubl3ua30nky93vp2kbbneiajlph8dqop9zy2xivn,4,3,4.502124885658484e-05
addr_202tmvn1tmzljqaojgyofuqy6j23myt8kykicn8bzq,8,6,7.374622791231686e-05
addr_0bdz7kga7n7c9s2r60m7xrsp7o97gu7ivjubfas50e,9,9,9.607178332725607e-05
addr_q2llgljfy6x6vtw7e1ahegxnej7zrloz8iicxedfk0,9,8,0.00010738087347860212
addr_0lzhad5hcnsabjtud2ta3wnvke1cvgkb4j2uceqv77,6,9,4.6976077105524716e-05
addr_hzx7l4ab7a83m61zz2bylxfho359goe5v7ykt2sdfi,9,6,8.679271919910784e-05
addr_b5ej6vl4ttvoeygll2nvkh52giz2w3i9pw2fkzib4r,6,8,4.130902135946121e-05
addr_yrzw7a46bll4f9bfsu0z309ugcr05nz5wqsm1251y9,12,2,9.309508501916062e-05
addr_yybwfrsmqgxwcrl2ib8193ogp6v88ws7snyoenimox,8,8,0.00015280735663068866
addr_xqgth3jx5chy4yfxx6lem5kquhuv4hsurush1y74xa,9,2,0.0001370226338382649
addr_m7pwj6q41f9233u8zbfa0vu6jrf5txoz3026e7zj6b,9,6,9.990105663737584e-05
addr_2y03o98nr88lfmxy4yfuuuirgbcil10rovhq25tn7h,10,7,0.00014914213664485548
addr_z4uo7msw2e1x8q7d16ttxmdzaztksmpdblkoqm4jun,6,5,5.1859801211349686e-05
addr_jj6nzawupl3cx2grlw0hfzukc63mwaqd1xozrscimk,6,6,5.681613869700063e-05
addr_xyyt6fyflrk7v9pv4rxt46jgweukbso0nlo7jec7ix,4,8,5.530186946531718e-05
addr_xgxdw2kqpi1pgtucqyqqpylysmm0vrzjtkz16gofgl,5,10,8.733162048400377e-05
addr_onl1z39e7rugutoo05tb1ljx3h4grct7vzvqsohlyb,6,5,5.903463708532729e-05
addr_4936w2ivzcopq0pedtmfg5xxeace2kfeh5ql6fayb6,5,1,5.8106311663991214e-05
addr_5n4u5c5jaxf856k3ypav6x92k4dk9a7x1ytn0dhr7z,4,14,4.6309251565913906e-05
addr_l36jeisarw81415ftjrdp95x9woogf9kn93tav9nhy,7,6,8.204251805408109e-05
addr_wb944bcfl6qoqqzl7nwgw4bov18asg7gjakr719u7t,8,4,7.154142988848775e-05
addr_radudbw5ssr2p5e5s5bf7zbejp7y41f1c6qywlm73e,8,9,0.00011477094177088148
addr_welc2tz2rpo48teysl5hd9j0ho5q9fs17p4eiwzis7,9,7,9.327078761205032e-05
addr_nk4otbgdpuh4gbgo8utd9jyj3ct5q5173c7q25y7kh,9,7,6.672219291179192e-05
addr_j2m1nfsglnzz5crj945e64w74ih93300wg1x4cjqtc,5,7,0.0001229533947765932
addr_48picl75l579mtbjmfn57mj3h3wv4oiqpm708ak82m,8,8,6.22231174250187e-05
addr_02k7axnu12bkr7xnohtznq15qug3fxchidvg776pum,3,5,4.336476062429236e-05
addr_k632r2khg3h4bbmoasiu7dd2xf66ps1m3f1cuajmpe,6,9,7.129180882632431e-05
addr_1vvty9fygg7k19evqbz1of6dxq1l84cjx3jerz5967,7,6,7.396441645512628e-05
addr_2d7gg3z4zldajjo5okhf23pdfy9zwqf78oslqbw677,5,5,7.059779594314897e-05
addr_yuoo5lsfp1fsi85xztgqiwyb9vfb535za1c5ez7hc6,10,8,0.00014994548694621524
addr_rqvzw61ni4xta77azx4y9kwoldfmvr47lcvh4jh790,4,2,4.3417969816666476e-05
addr_27ieuwrvm764t8zyn4xs49517n9g4e01t3y5pdj3cs,3,8,6.389690950094911e-05
addr_ye1zc7bvvg5s93s8dydglsq5d6dcyz4usvv7ixlljo,8,8,5.8777410010954106e-05
addr_blwls8kan7gwjk24fz0tx53rjyguuyfxscegouzt6f,6,5,6.0043494091633195e-05
addr_ompprhgfxu5o7bh91b68pnut2qhdlb6osx8d9pbzuo,3,0,6.0737657174019485e-05
addr_i82i0p2un38dxjimpvmp73htu8jucesl2qpdtsetvm,5,5,9.259461653451456e-05
addr_osjv7rkdp8xeteqwmrwwx8il7ludf5feov5hvxbpqp,5,4,7.175271019555609e-05
addr_mak7qno6n394qxqfhj6h7xajqd6ylnqn7vyp7a04c7,6,6,8.506033240445806e-05
addr_4mw26nkzu9we0jd1bekd9kyxcnqp3rraocidesi4wn,7,1,6.361741195217085e-05
addr_ov9jydfzdtc5paygaa70tgo5awlgitiz7tfp3g21cq,8,8,8.434429988852714e-05
addr_eeoqw4isp2wj1s6sju5l1484n5vzs5cbvhzzsty794,8,5,0.00010443482455814972
addr_44vbdpr3bsl397fno4085sw95ccsmfr8zx0g5yv7o2,3,14,2.902196249004752e-05
addr_o35tzug105547kitbjnwnmtk6adlkuh7oeolj2c4cs,4,6,0.00010118299189441088
addr_r7vqg7b9ej6yp0gdflhwdq6fbwcfx6k9m1d0rieish,15,6,0.00018604887782106445
addr_ouyz9p9s3mgj7dzthtsbgj6s8n988qhoq3ildf902i,7,10,8.03784636442365e-05
addr_5fqncg33h8psvx4d85ikp8wnrpdd6d4s8kv0nw7qq8,5,8,8.06021485303071e-05
addr_oh9sdbdw2pcn9t84azytjxepq85jsg65kxvf1t2tal,6,21,0.0001257478505434462
addr_zslcx7i1uftm4ha3c62s1n6wxgb3l58fqkd3bqy9zd,6,4,7.709913546329625e-05
addr_0n8unavl9reb6ts2p9flf7orcsyrcwjgn7w3vca6u7,6,5,3.947991597864551e-05
addr_9w3tyz0q4dvdl84x1rhj8d2wj4n7ahxk5dk6bq4upb,6,6,8.237112585458943e-05
addr_mde41shnv7pknqcwiji61w4ye7jsq1e42hjt8fny82,9,7,0.00012799490480016175
addr_8sg68ejhwc3uiujdfn73zzoz56v2ge1mxb3hmzmm0t,7,6,5.489676162685161e-05
addr_7sp0yi1jhdkjj1zl6ghqcebe70nd5b450x0ltxyswf,7,2,6.746000268957183e-05
addr_xpeatijzitnsq8xv7dd9klzxnxubj1q4dmdht51sx6,10,7,0.00010650999218105874
addr_tltwkhe0yiuq4y5e7tnew4kpsk8nivah99p3mbb0dn,4,6,4.348267520207195e-05
addr_q5tsyxq363rzh37oft1q1hwx9m31b2em3hydb6h17f,7,7,9.435962074807247e-05
addr_fbswynvbyuqvg2uub5n033ri52i79xeg2yidpzidc4,9,5,8.970026629649355e-05
addr_qbm2kuoe3qf201f6x0k0odtrwsbqh07rv7yp8u3dbj,3,8,5.434192792852007e-05
addr_tq8d30imxg69x3t1vvh18lphavsyt5ksjfwsxdi4yw,6,6,8.748262145691638e-05
addr_fd3s38uqghm351ccpbopto9av7clxn5ph1fmg75vtq,8,6,0.000154734325375363
addr_u4eqrueszgbwak7jp5peo938zbo2itt62rpsdvk1ud,8,4,0.00012903499690682566
addr_xqqphi1a0ja1yx8i9pd5kwm1fskx06z54dufgp3vrk,1,5,3.00389737261159e-05
addr_21m8cc8tzph26mgldewsvsh4ejshk0fy6e98ifmy72,7,4,6.806396717495387e-05
addr_obq816bog4zwe4abbgxa4yp4t1d475pn0jaa3aviar,3,5,5.375106578526284e-05
addr_emsh74qer3mw196mk1we6rd1a5qodw4lgotzp1c8nf,8,6,0.00015912212153683283
addr_ni82229jvrwqd8jcpix7pgyo9jijwmb89aiittb7qp,13,9,0.00018590723644425563
addr_0o95xjbt6dttbb3gn7g42hpp7fbvuf9mnx9p5h050j,7,4,9.601365585315979e-05
addr_rg6388ow0k6fc6pgwvpegchmqruynjl3kp45cigacs,6,8,7.323740593923584e-05
addr_ik3tdw7v1qsa11ptkftuwfv2ttuswetyx2cb2pn4u6,5,6,4.860453754962645e-05
addr_6na7d1vc271x3pcs3lvk94h2jrgh7ytpnyesw3qfde,5,7,9.180705705234773e-05
addr_3jr4owxqaq9jdagnsngbc1zru9f6pzd7hehvd5a7f9,7,5,0.00011313729421015214
addr_5fuzs4unevrvwn7uqnv5z3h4o4nzqov9vg75z77u1w,7,6,8.468697460643608e-05
addr_9179b9nt5dxi7qodsu9f16x14ai7reficgxloarrxc,6,5,8.035845720405484e-05
addr_1ek4mdhf18mbrh0mf2kprwlm6fipriyyaylqg14qzr,3,11,3.567682059579934e-05
addr_fz456r5vcecemcilrsrqm8pz2qldo6wh3181udbdwe,9,4,0.00013101351294548248
addr_7t5u0c3jpr1owoz3tziw94dkegk80q7xwio6jw0vf8,7,3,0.00011292364063352915
addr_qbtpxesbfh5ptpiqdhcnefla4j80etpobsbkxych6m,1,6,2.5010099797284754e-05
addr_bp9rmd0hgpswamy8ben9yga23a5kpfag64vtplysdf,6,6,5.4167474739518494e-05
addr_ry2636s575s7j01yhenxtvmciyotnqfrupe3syy6ce,8,7,9.011367600433279e-05
addr_y8c2rd6t0d4wj98ymihoyo1xe56j0pum4gxwulwj1r,2,10,3.0068536975288972e-05
addr_9610lycnsat5ibno0aliz9s9xu80vrpcedoud9r465,10,3,9.027232746720055e-05
addr_fu1nset63xr0m1q1j48lsej7dmqbtdt0ggicqmx7it,5,11,6.25731412085326e-05
addr_fa94axbmwjsgdtvgekfjptpc1cbwymax4jwd6wm2cu,5,4,6.52723736554255e-05
addr_nsm0x8cey51tlcwed4rz5x9lyx3fbyr2fxn4gty550,5,6,7.646910649079641e-05
addr_3xjvhnmigve5f6rqpd68lhl5xn2j1tvkmkndvwe4ug,7,8,9.252032242717539e-05
addr_fh4nl1zpedc6g16sqr2mqcxwz5ys7sbjyieih177mn,7,8,0.00010750637858557513
addr_3416uklnolba0x9a8f8bor2keg7v48tpg7uv5ipbxm,10,4,8.670054949086505e-05
addr_dl2ellwag3www0u844s8yi085q1or5x6emewlirnas,8,3,7.544981072675267e-05
addr_wweehv61806liao3015j9kb61bh6h4rmeuoj8vh64o,4,6,2.8412546662801647e-05
addr_wnyj9qw2ask2lzhwrgu62146nz9gs966hahci8uee2,3,3,2.7937616256388645e-05
addr_mb9u2r6saqtlm4gtvv2t3hqm88eqtcoll6gtb8118l,5,7,6.221042348158265e-05
addr_pc8g6sxk16tx7mx60p6q68h752lk0z78nus7mfgcrl,11,4,0.00016216231188141277
addr_hfbsz91nok9bsqpx8i2tkwcb3gjwa4b0ix2w9znnni,3,6,5.701869838962365e-05
addr_aalmlp1mewpk081sgb5sd3ukxd5vtl9xvrus4dprj1,4,4,6.34390923993098e-05
addr_mn48yd7827u9596tlubfxbz5fuwkudwi8rn1gm8a43,8,12,5.526119318545945e-05
addr_6763v1m3pp00cdnzy47quusfn07ea28ditmownx23v,3,10,2.7399881802951465e-05
addr_oms2ai0glpkdaund1sur5zs03fnzte5xxugi1x4ned,7,7,0.00010112427270800717
addr_ozeo35vm6ac823egtyn6mhj1ri7m4ues1nghpcmr7l,13,11,0.00017123719437034035
addr_xiotw2rhh9nltvyukt5b1ym2ew7l8rq9wz8l1g9euw,5,6,4.915274906161027e-05
addr_x89dmp79awawdkl620vekpyr9vnidrbuecrnwjqbkv,13,6,0.00013711837676264857
addr_f3do48n5ik6iofph7wvnmdtzh9t5g52os8wxo25mcu,11,9,0.00013567974868129593
addr_jiqg4kix9qy7rf2pshcapj05hdddvzkd27vb0jk8si,5,8,0.00017070394502066236
addr_izu2dfrgdd4hvk7vwd77vcie5ju69t3at8gcxffi9a,7,5,0.0001611998400825025
addr_nwfrlvqtt3namlh9fc6awmrorolbc2j3tk2hhpd5yq,5,9,9.753594066040312e-05
addr_gxk02jtum796k1kfn8ytsl2k003hvv54d20818of7e,6,10,7.520678702251679e-05
addr_w3x117lf3i1j9ghbxwmi5zugd84vlqzffwjcal40o0,4,10,9.696693545620922e-05
addr_9c24ugn9292o7zcl12ryogco223lpv90ktxov723n5,9,6,0.00014687861182494777
addr_ch1wy6pogi3eeafdzhdidvkbw8bttcno3feuy5bfyg,8,5,7.226137733861121e-05
addr_gsq7aitmofmmwi9s3w563btkf6xdn8wwiif86lthet,6,14,4.135471281722304e-05
addr_02en0hf2aa9kpwaxqf0dutan05zoip0ahf7vxbzwu4,7,8,4.308034235135751e-05
addr_dg8y1jxpeqb46ygiggvcr0pmgc7mpduke12h6gshus,6,6,6.195366574029793e-05
addr_h7ff05dtzaqy1xlw9irdtvie16gkuf2zethjrzn0bh,8,7,0.00013979989051194592
addr_4leehjst34cart4s6sxxsq36s2qm8vzn2d1yga0idm,11,9,0.00010406692890711939
addr_v870mpaiyljmfb4qa7lva4sgk3v2w7di6it4fp05pl,5,4,4.814225055144871e-05
addr_y8n1utoxie0rnujjq9k6re4q6qdy4lmct64z7w2seh,11,12,0.00013885926057943495
addr_nas2m4vllnx7isz2c0wdb0ecgkz0rnvvu2usxuegfu,5,9,6.117831467645139e-05
addr_9cxlui914azvv5qtf1ni8sb7oixcmllt8zqgny3dfj,6,13,6.933380108625963e-05
addr_ea2f7y6db7dg9zh54snwmi38zrhr1gs13jty3ps5sg,6,7,6.281872371924906e-05
addr_ylgb8lunfwzll7qcdhdc5i7qm6p7rt9o92epz1h38s,6,8,5.726485721126961e-05
addr_aw0ewayaj5nd3ao4mlvw8botov50zfggjaoyu534q4,5,3,6.333274685321047e-05
addr_ou9xh9288c3c48743vdw1pzf7dehlyxnwiiara929c,9,6,8.426887276169904e-05
addr_syanra0m5tyv53pg8kcyxpcrr5wu62ew9smz74f7t8,9,7,0.00011268353456878486
addr_vle9yylrxcu9p0spg7qns30sdpq53ymhlk27fihrx3,3,5,4.143968032627731e-05
addr_jyt4sczkpx9qcznc5aa2mirykuyr1zs3erzwdbktsg,9,6,0.00012126240348763618
addr_2r6q7khyvj71v5y7w4zfp3ugmkm4qx27oba89fac5j,7,6,6.1023557427231234e-05
addr_tw585cblc98e2lz8ncbwvpd9nm3jrqqlkhd6lpjj6j,5,9,5.618439368696202e-05
addr_gri3woje6wz0bwgpuw5z95ybot78y8imspjcdjumzi,12,8,8.406054855784095e-05
addr_4v03z7buaqavbgivagrkzxopvw7h0atr8ktodrayo7,14,4,0.0001673059374609755
addr_8a2mz8daeter12raahnmrwi6m8g71imx6nov73kzct,5,6,6.652445729932901e-05
addr_owh5v28vxt2mbs92arbwex5uxk5um94rr53mgx343r,2,7,2.3024249347610442e-05
addr_cfilkjxjq5nv8oga0x7zcgdc5tao1cjfx5likwe4bx,13,18,0.00011785003825985467
addr_ok29rnjki04l7qktkvcqqa0wwd2lq97mgu4bxg4u1h,4,9,5.448470187396066e-05
addr_xnutqe0k0jxfkjzdiqgwwu2bnj6zao88wc84wkrb3o,5,7,4.336697768952091e-05
addr_r0hy488rect4ve18cqe7dks9io8nf1mkgp8oblgzpu,8,6,0.00016291089075190355
addr_51lypxm6ob08krcaqbkknl8svasagjqp1sw46pl1yh,5,5,5.547384656343401e-05
addr_6au89xcy21cj2cye40b3etiocvqcyu1ym4dwc14goc,6,7,4.901523168385109e-05
addr_8qgqmvrvv11bh2ngpv89zczvxxxuzdpn3manjzeh77,7,2,5.404988977363336e-05
addr_nym8485rly5srr4g3jmkr3iyv9lygomij6ry7xu1c3,5,12,5.532427098660673e-05
addr_xu6iqd1wyt61h15erjgwd6y2l8392iwbu0vckha8qw,7,6,6.654146068252969e-05
addr_o50uwrvfqv1crbr5rxcanbaojvpru5xc38zkkgbnv8,8,10,8.67902887114994e-05
addr_28cudop1fa374ceio66a9adgtt9zq31buljgwbzem8,7,11,9.755547883043355e-05
addr_et2azkeb9utde5ignpuxkhi8qfrflezdoa01nt7ynx,12,4,0.00012090827957489378
addr_qoym8bslt5v48714nbi2rt8ukxt614ofn1bwvbye9s,6,8,8.445013511225054e-05
addr_682pn30opb79q60cdqf22hdz0raayq7n1yzv4jr373,9,7,0.00011046538869031552
addr_gnif90dm7m1jome58bc8b30kf6s82o9hunb3suk7yz,7,11,8.458443238717578e-05
addr_mv5xx60aqpvw90wip9x4bu7jmdmrltgqxz93v89566,11,5,0.00011332126928550223
addr_bjbo32ql9pk1807gkqq1vf80aahcidxhv8lgpiiebc,11,4,0.00013460800458136427
addr_il9k3yekbito16yxft7zafl19p0kkx83duqj9ece5u,6,8,5.259352609775215e-05
addr_3cm26756l35wbahx1eoapdbd6vpwsza7hpmm48kh9u,8,6,8.461050568110565e-05
addr_lgd7s1hva13pmdbmw7vwaw3xasuo0os4tpr05rrhg3,6,8,7.181416240157297e-05
addr_hjknjz1bgl0foo1p0oqyb4psfrnjhrzdqf7ey4ekrn,9,4,0.00010740803150482831
addr_065oalswqavf660xlo6smkcqat1w3ic9mer5bi6689,5,8,6.324416922545074e-05
addr_1m7rpwd1jr0912ifs7ch440vp8o4o4921kl74oeiuf,5,5,7.408568099242028e-05
addr_ux81s3l1upcq4safpztsx1er534a3ghq7eob2eft4n,5,2,9.675590027025318e-05
addr_h6pyvgk3umyjdqhk4whp3xqfymwcd5i9b8rbra1inm,4,8,6.615820754562893e-05
addr_l5ulv3mluteyago1b75osqlymyh4lig7pho0oqhd8k,7,8,5.177841543419394e-05
addr_7uxwv5wx8wbqxs2px4ionj91nn55ooq5zz0bo9bze8,4,3,6.077470871264562e-05
addr_trb31ohh56kr48rhssi60jtpna7ogpjvaew0mczuvi,5,2,7.273510012380074e-05
addr_a26yfpmvxpj4hnriuu9k9xjuy0bvr6k2vmwwyzx4w6,7,11,5.77859561416785e-05
addr_hc7aqw7oiw4xvt4kyijt8n3lfi9u6oten8omng5gk9,3,8,2.4101202565156914e-05
addr_5fvgvl1jltsj9olpw1olso6yu3wcfr6im00b6vg32f,6,7,0.00010844609313074
addr_dz6xects8hse096r9cs6tjfdnh0at8mywgg05674d3,12,6,0.0001560609597659791
addr_qnvm9pjmse6bsq162ww94mgpi0fj6607by37p6pwvx,3,5,3.958579960938996e-05
addr_jop0h7omuh7tgmrfvaf11ys51ytqw52rul6u5ixx0c,9,9,9.691243823469622e-05
addr_rgcqujki9hydadkbthy1zi20h29ldmw5t1otpprzkl,6,6,8.135733426974195e-05
addr_z0n1xs4hjg0hik65979l8cxd0dowx3h0jasmi90rfa,5,10,4.997885914436116e-05
addr_bj9dob1epjyafxz8orngw8n6offtwrn1jzs5rtzdl2,5,7,3.288466721057707e-05
addr_0krvc931zvw07tt4lhbalhjhj3g24af8qmqhzw22dp,9,10,0.00012404748378393917
addr_68za1hip93nu0st71tn1ylpkt0cyxh2nvsaxjx3o4t,7,6,8.613675987831212e-05
addr_p0m2wq3kphpcdccta6cjus3tol7ry36sz2csvu281t,12,10,0.00011934189078324726
addr_kh310fvvun5fekzwg2cbfkc2wo1ztbjhbf6taqjnqy,5,5,3.533636287199395e-05
addr_i38yxedk0i0ulq6zudm63fznk4sdetn3hojwxuq9wz,8,13,6.852135876814448e-05
addr_x9ty1nxxgjz8whc4uw1by04tjxmikmoj3oxepolgw0,7,4,6.942657500010396e-05
addr_rwbj9cpv4h1rzf1u6vqs4hufn4vnboobck3ervkdxt,4,4,6.974726883924673e-05
addr_dsb7s043pew2d10gdwkxsit6zue9r5pjd6tcby9fsh,6,9,0.00010233010422472053
addr_yw47gyd15ex78c0xdqlosdvzxmyxafdeh76sda5ad1,10,2,0.00012378205167800241
addr_oz1hgo0fqzh8wlx8sp5njnrd7hk9bfy3wnhgucl7ug,9,7,8.785556223483258e-05
addr_sipwt56azs207cvb63hczmvudfiotxm1knca1sma1z,3,8,4.065499382546624e-05
addr_rtfkdx7ln1cdb1xt72nmwhwl7l7rov854gdmgfqagl,6,9,6.26294486968241e-05
addr_tr1rtzei39p3e9g7omdwgxr6fuoswkx4dqg4fb6waa,5,8,6.243658743991676e-05
addr_ypjbvtd9vm0ey3s5jcl35pvcefwkcavgc16vn9csly,4,4,5.119734836598652e-05
addr_r7aqfpta0zu63cymyy2kiwtmg63o76hu0fvj9lcn8g,7,4,9.502657845252483e-05
addr_6v2zpfcvz921iniflovfo02kvyy5oygyq26rzub8yj,8,8,0.00022012736367066417
addr_qn72twrrqjevoc6nwsaoagt21ok1d1you3lmgm34mw,5,5,0.00016163913919943007
addr_1uiw5e1qml5mqt8egt3hfjy5fddsy1zy6n78jp289w,6,4,7.066166627862889e-05
addr_gzf2um8he9e5oz8bulo1141aft2c4zwbmfnd4n2zq7,11,9,0.000149042651269758
addr_eyqb020ftq3279nt6clf188wx7xmfk1j9rvpcfpohd,10,7,0.00013227009221736575
addr_3muh4zmh43nv5x6um60xpqd4d7x5gyqbch1dvugfhy,7,9,0.00011997845840340663
addr_7y7nnylipxybytvu3k4oawfm3sfdphl6erlre4tw31,10,8,0.00011701731462935077
addr_71m6arepram9nniwj7d3ycjxqhzje9651js7a5yoty,6,8,3.0743826260084224e-05
addr_f6hiigbvhh20txd3emz3oz8adnpxzdv4v6xrfcb7hm,6,4,8.430016928615884e-05
addr_kebyq7uk77uler2lwkmsn5vc4swgay259borgt49dp,6,9,8.668310090482884e-05
addr_4n89qkns832ejx5td44k1j6fp8hqmabsi9nb74x2ek,7,14,0.00017454171046995317
addr_rw6tm2o04k0lthy25m8kb9w4uov51zlboriq8hke22,10,13,9.202782446706328e-05
addr_j4x3fagp4rjs509da0ut8gs4if0bwx6126si8n3yau,4,5,5.0652882595716356e-05
addr_lvbwa9zr4oi3z1bx3er6yn5ntm906wdeq8c8p3ph30,7,4,0.0001248209914026922
addr_us2abhwj3u93a375jf82h97h7aj9q42g24abyqkwb0,7,5,9.964652938798873e-05
addr_tcclhce3dipp6uun4236wy0qitky5nzam6iovodrvu,7,6,0.00014756481035029694
addr_qzhvp8x80u6oc7vqxrbbhc8lsl59cpejxg0vpyfijq,8,6,0.0001427504999647584
addr_xvpforfc9ij9tihcytjgwnlm4hlrtaq2685v2v9ymk,6,4,6.276255751838529e-05
addr_f4ge81mxcpg8vof8npcsrwalvsi6xe59car4cvx2qy,3,4,4.740632890357671e-05
addr_bips1ho6pn7f63d9wyc4v7zyaq0nk7zu6vlyc7xs7o,4,7,6.548205542647917e-05
addr_egvwesv1b3by9vlnum6bqco8pnrnha8ms86or84kh5,5,8,3.780634770854325e-05
addr_bvg07scqbexlz8j2082ru5u84fnk3lv2gkoo7rrwjk,9,8,9.151981960555857e-05
addr_dyg4xjwv1cwp3917da5xcgaw1euhe4umnxcddl4p27,7,7,8.682243584547397e-05
addr_b29isbdmhpaz7k4oa03r5mvgxgrs495yppjgd30s21,7,10,6.178693452378137e-05
addr_4nnkm95d0p92k38p6fvdhr59c81do6ouz1egntb34k,12,9,0.00022547786232672508
addr_mviy515ww1y7v1hskyo314hmab23bmmi2t4lw3qts8,9,7,0.00015106600145856292
addr_rzhhax745t2e6v8vlyk28qfo9vjlfwffryqa41mkyi,9,3,0.00011315469377395472
addr_dl8ip0cq6dfw2v2ann35zlqtl1k8ojtb7f34xmokoz,2,3,3.1295801855232154e-05
addr_mi8qkccfsnbnpr9sgm2rh9d4pn85b7giexawheibjk,5,9,8.821909064241702e-05
addr_5i0cy5i91zumi7r3y54c0wunz8mbkvz8g7qvsdj886,10,6,0.0001075969703145869
addr_z3tfy24rflgfge7ozd79v3vt0vzkzdndleu4f2cgnk,5,5,7.960243067254731e-05
addr_h4tvsdkfkgenusef9amxu2obone0k1d3wee7asok4y,9,6,9.577050514210963e-05
addr_8vmv14ea1igsxq8aic1pfs6br1ydkqjdq9a4zmq8c7,5,13,3.627589304172084e-05
addr_g9apqtb7rp7smymipjltgzqzqd620c8fxd85j3ssu3,14,6,0.00014535725171237087
addr_8zs5cu31rmr85cgzmil1afk3zuid6cb27ersp0lc9k,3,10,3.6944316757964196e-05
addr_uizci4se8zu9ga155a2ervghho6o56k4za9imz50un,12,3,0.00017502976270170138
addr_l52bjil3fvknw7ccyn3bwbz4lns01mrdcekw8cdpzi,3,5,3.353127539329116e-05
addr_aq71kqta27f2wcc5qa824q2w8g9itrtdtee45zsg2a,6,1,6.681818954779977e-05
addr_1ltoleiekc4zewxrb00xp27j432da1miob93myfnce,9,7,7.31950588037698e-05
addr_pj2shlk9fbuucctz5appe139j1kd3bfnfvlcwxibdq,9,6,0.00012773616189787137
addr_e16yuhx6288q12q1c4wwjdbvrn6829g7g9mq85wbu5,8,11,7.721270100969076e-05
addr_85j7zlif8yusg9s2xutw7cz1x4zijbxffzq2p19jak,7,9,8.9281455419215e-05
addr_njejfj7fws19plilm8q8161dqmqt466nie16dvedzj,7,8,6.437096685070934e-05
addr_1tysigf32pywf2v2cm4sgh9sydqnzxej93c9py5hqb,8,3,0.00010700188652193545
addr_c7gjcaevnf5qfvwy8ql6jg6ceb32lbredqblqq7hsi,5,9,6.981604661128118e-05
addr_49o7d2jigco7tzuyct8r3xe7v7zq2kj8yjr06f37yh,9,8,8.765347862129502e-05
addr_kbicaddcu1y73131r9ll6kc6y9h21m1p17a7wm9kee,4,4,6.197961450781328e-05
addr_8ftw9b49z08f2fz3b2zvuvkr114esovsowxccmuf97,4,6,3.5246840685273966e-05
addr_sjbccd4eoxiri47c9ugz40zvqlqp66zvgimruxvt3o,5,3,5.0899751322135814e-05
addr_4bk8ejnfmoctclka9lz57v4ndjm5gh2ij4tt43tuyk,7,8,4.1681714975093605e-05
addr_t3b6uzsn67a6spqbh44n4w7f8tkplvhq3k81gqr3j9,4,4,4.821649639890993e-05
addr_okmsayjcejmn9loiqwhsq332gi14z9pat3hkfyccgz,7,7,0.00010904022669838798
addr_3tyyccjfeh1jf2k6xyeo21p9xrdsas53v4iw2khxzh,8,7,0.00010035021076722332
addr_ak8ye71twd96hhwmf1gzvg042mz8m6xhigx1pzgsva,8,3,0.0001129916545969403
addr_25lzse99f77lu8el5015oop767j2dg1wjuiiymyrsv,6,16,0.00013710619333116706
addr_6rv9777tnqetmni3gom6736z4dsxlsutothlqh7ppc,8,7,6.450487185637876e-05
addr_16tunftvk7v4c1y3lf4z2noepp3v18cxyh8jyuiyqe,8,7,0.00010490113964528464
addr_1pmphhg66nppcpcij884a2qk6t45iviqi2hasrjwim,4,6,5.4073624846632866e-05
addr_70vojcugn5xqndg9yiogp96blv31oh4armsycjwstu,9,9,0.0001404305150455196
addr_94ra8kmnxqxsbi2esj5ny2enhrae0rl2w6rvewh11p,5,6,3.625618205969551e-05
addr_rwhx5bguu9f645hzi8d0xsh283zcgb9lpr1quw10vx,8,2,0.0001252667551337475
addr_76oejlkfovqdchydro8g43ipf6ts0etrz8medpiipw,7,9,6.21642935097633e-05
addr_7bgciaydk53ymq2sh0dmxotlcjrx9gdh78zjgc62vl,8,10,6.960243578627644e-05
addr_pew8ti1d3aa7tpg460yli311fdw4u41utuv6iitk9w,5,7,5.8819476879038205e-05
addr_knbviawa2v1qfplwwxnmk6ds1f4b4tdlos1g6zddjh,3,6,4.181323160790399e-05
addr_5w6e47v3zbtajeo0f1u20b44qr4coghzie58d0h4hl,7,6,0.00010813154407961937
addr_07bvha688jgrec3kioqrj9m61y4ibex6e2p52nz86v,4,6,4.743480184216426e-05
addr_hm0wfq6lxo79j5blj55qmdny3b413arbjfu2hk01h8,6,4,5.1415182290247155e-05
addr_987dvkk8640gc3f2bomlsyauhds9j07ww13o8d9jq3,8,12,6.460949750250205e-05
addr_swqszyfwkx84j1xwqoaxor6qkwnzwpxqmxlv1y5xdl,5,9,6.653545133407841e-05
addr_um2z9a2so6lznrxn6agezx7pzk1zj8jkve1a9lhfwy,4,9,4.7796786516318174e-05
addr_wuqaygi0p0hibhc9gcmyz20fed9q7gqjt510lk872p,9,8,7.693620885048362e-05
addr_0m2gkuvh3ao3fgimiqu8ltf0fft4ahb4n2jtjb83eo,6,5,8.38028762571954e-05
addr_u9hn0pjjhb0na7g8iveyiln8npa25bplb01j784kon,9,7,7.46845115753296e-05
addr_0ej8h0nmjvmdxo8tcz97rbgn0fbuye8qr746tclm14,1,7,1.605511159914999e-05
addr_uon0lb5o42w75r6zkr2sydiczcmqm58ussbosudx1c,7,8,9.631492933159684e-05
addr_d2hkobdeaqf2nrh7z58qd2ojcx3ttacckldh5fppmw,10,9,0.00011197411256214776
addr_ome0fzodtodslkkcn7pkmac1cvli8gbppiluqfg4lj,4,4,4.3967740280961085e-05
addr_kytscbch82zg0im75e8peswfqtoo7jrfg53v31hw3d,8,5,9.819242071303697e-05
addr_0okk0ojbqu111vpivxsytp4julsxl8nv9uzi3lplfw,7,7,8.644593347784426e-05
addr_rh6sbyd1rk1aw77oxtkr79u2c3wuznqt7u4dwc9bl4,4,6,5.257155554768422e-05
addr_oh0eys6880qswjcxak308snp059zyfpq660clf8o5c,13,7,0.00012554097589003523
addr_kasjoph3q35ltqgknfzkeq1gh73gaj7amc0jt8g2km,5,12,5.676174992062924e-05
addr_r6ifpq9poizam4zrnns9r3lcfj3pkujyt871oc9coo,11,11,0.00012454332084508402
addr_7ydwxj5au5y7f4n4i8z818woghdygtwy60ey0j54yn,5,4,0.00011272108629285793
addr_wmogpldj4v68axu8xywmgvvpenav7w5d49iz3m5ial,8,9,7.759065845023018e-05
addr_emz6agr6z4a5lm32is76rbzhma4xjspbvaclye6o42,4,4,3.1817862800140094e-05
addr_2tfd2at5knluao1t0fugh7r3xo5dgebpzjqxjy59f5,7,11,5.574790519516027e-05
addr_x5njkgzdh9pn4r4iaxdrms8ucpgu4orvd09nm87jqv,9,9,8.135481430139547e-05
addr_6uxv2o2qszo1i736mv3t0kg6umh4gblckuhyd07dvr,4,5,4.0434440821232754e-05
addr_0hft7hsg9t5i6siywvcwc4tj31oo23nzrpxnm7qmgb,3,6,3.388096946380952e-05
addr_srcd06n9h200oa316k1cig5m80fgqnr0nsatdc8xlr,9,9,9.471177302136875e-05
addr_hbijjpodrwlytnl4geihl09trqqn52dmt66iunl30b,11,7,0.0001242014942011498
addr_duzfwg9ggl3aw58trkpcp1t0vysmfh7oewc38icyhf,2,8,1.551701719904009e-05
addr_lhajiupjrcqooyjkwcfky1jylxouoykm4m42n0jomz,7,5,7.173298642613862e-05
addr_kntcvjnurjfx1a83c7fmojznqp19apkgbugixthlm5,5,9,4.781253604120295e-05
addr_c3lsppkufvtmguf9nmjasaynjr228z418sd0v1ewve,3,6,2.677764765274812e-05
addr_9pn1qrxg4u0wuucwj5re7qrgx33vynpd2vbduf72oo,6,7,0.00012175763006150031
addr_tw5pp2rqhamji83ytd9l86oo57c9efn6ru5dgvah9p,8,6,0.00011390617067257758
addr_s3naqml29fak323eqakodj2ix4ciiwvqd4o0tsp1z2,0,5,1.2591921833626345e-05
addr_aeay3qlckr9hcyhjuoy47oahg0lp7duv5jq3gleldf,4,9,4.3674213805023045e-05
addr_yoqhx2i88gm091x7qec9qbxtizc3bnrivprfq5dwe4,11,7,0.00013691679155899871
addr_5vpjw07pkgo6peqhyfjrxhkgwwtat7cmtyvi01m0nb,8,8,0.00013369495716272864
addr_9r3vp8lim06etcqr3ev1rdnf4x13qinf2p091pqfmp,8,5,8.246120588738284e-05
addr_hh54mgbn2ej0srct9efuyn8gv9bfw39e27xrnakr7w,4,7,5.7709606819788976e-05
addr_iwoth3ge5dh6kq3nod4nehyc03t9o8a89zhj674eft,6,8,0.0001419809626255708
addr_0p7nrshphvdzqoegz0oqst4slhp96wuicxpeoa6bhi,11,7,0.000155069177575708
addr_pujgqkgytg987rgslg1sxvk5tsdnb33o06rwjzr6ng,11,5,0.0001596447359588668
addr_je7rpve0n5rwy7949d3yxe3944wtftcrricg3nc2kj,5,2,6.346010445853924e-05
addr_g4hva7iadqqvqiqy9doi14x75hbvzfobzhe23wyqhn,8,8,7.696076462909071e-05
addr_bedwbjb3pq0t5bvygwmpcw8ixlslupzri9pbs64c64,10,6,0.00013612217966368806
addr_lp33hzrzjw1ea3dadduntyzk4fm6ngmbw71k9ejbcz,8,15,8.854447194666228e-05
addr_eika7jzeoy9itkal8b36616jzuvfq3k6ofmxp49z03,7,8,0.00013232320267899563
addr_ov0novguxgpmm7hx0lv0wr50k3tw43id1m2e6y5ulu,8,8,9.263434420483771e-05
addr_hoizavzcta946w82ru24hm1vdf8jdy722la3x5ib3v,6,2,6.341470960484258e-05
addr_edodu68459696em7r3qcqaooxj93dri54pugq9mlpn,4,9,4.56154420917019e-05
addr_bvr68s4udur941c8jkasggbb0rryfc3087gwa0f37u,5,7,0.00011971922378921277
addr_24ny8nz33vxe66ctbbitd1q6gxb3diebyfzv1301j8,8,8,0.00010798383021359035
addr_qyu0t9wl9hyxkegrpygtnzl3yk015zovail06ur7ba,6,6,8.172843168663913e-05
addr_a0y11sy5cs7gjz3kj8e38xx5sdx5kja4ja1uh1y8u0,7,4,6.11649593829521e-05
addr_ylmkbuxoyyuj24582j67iuhs66zefxcpgsluz78iwp,3,10,6.541742855968054e-05
addr_9k8sj2x2t4qvcuiektpwam6mgsz7ee39q2ibri58dv,9,2,8.750566913318855e-05
addr_ig6uo3zin1a7kne1ybmzpsctpn7y853j5sfmzqrsjz,5,7,5.370474071024954e-05
addr_bga7scpav7qa80ehapwpxs2lym9vudmk3p6owyegpm,8,13,0.00013542221187119168
addr_k6l7hw3u8f9beldxrmxda32dneyw7m165yj3a407pa,6,8,6.116445085014643e-05
addr_lfjvgjpxkfm3ion6tbvgaamxejgnxh0glvafpr8z1c,4,10,4.5617260420129255e-05
addr_3utg1cvyl6cawq3m7o5ckmtb892s9qgd9ehpbahdg1,5,7,5.103958731053973e-05
addr_gp6paywl9zq1j1t3p5gndy8dgol0jctrmtk6edlmay,3,7,3.6726507489005816e-05
addr_07esfkoh6v47jr4z94hjjpm4ym0orvxbprgueox1ia,5,5,4.26527096000774e-05
addr_ssuz1qe7y68uckm4izejsx0913reysd2nk6t27qgjp,11,6,0.00016985429055468607
addr_lp1eiw7o9izwv6mi3glb04qml42z10g567aq1c0w6d,7,9,9.791327491831703e-05
addr_m8l10i187yohqlylewfvbfejrk2lbimnz9b9boqcpl,5,4,5.3751661372255194e-05
addr_n1be5xnaobuhh3g0p6bi0mjcqgwpegdwaxpcd6i2uu,10,5,0.00010529285472443509
addr_77acrnafsbqcfwbc19xt9r1ev2kly0zqfrle95is1d,11,6,0.00014850227927074274
addr_arxx7qsw5m723ticyvznex5cijm9rmds9z34kkf9j3,8,7,0.00023665367433099732
addr_eaisrxyeg3lt5s8ri5x3jmdk6vop7mtjly3ecpfa0q,8,8,0.00013883644504404403
addr_4sec2uzv0gk67yz5vywh6lnjso3zf4l1szojrcpbxe,11,9,0.00010732744749916394
addr_t35jjgsxc3r2xnhtv4jmfkng8u3lp0343pqfipkb93,5,9,5.111434720778174e-05
addr_a0a0i6rr29wurvdtdnb2ctp421cut24gbkoultpcdz,5,8,5.101888250033329e-05
addr_exs8wvrx4m3n7kx2psvjsaqz49v4brdg4qnho0fm92,3,7,3.1659040115448814e-05
addr_hgxnaprk65b5gbybh2d05ac7ls8m9ax20ovql6zu4c,11,10,8.801497086462267e-05
addr_xwgd25amq1p6vs47h4c8jbeoxzn8oy62c931e6ezrx,5,5,7.529898761562398e-05
addr_dlonkcp8ov5nwvsjjcaxod97qq1q81hrulhh9btd5p,6,8,5.163693324636479e-05
addr_kylh9n2mdvshzgs0m37j4dw3o1b7vjrjwvd8wmhucm,3,8,3.466209380243402e-05
addr_2f96kcn38pnxr2miix7g67cs1yvqgan3n16hta57ag,5,8,5.6839226883820605e-05
addr_c2an7sthla1hy3xbhregmwfs6h3ycdtosvucvfpd9h,2,7,1.9516577608694016e-05
addr_gfppsyazhxdo3gtxyz8akv3udlwrflvrktgu8tl777,2,7,3.834870697274582e-05
addr_x3gtpez9fenlvgack6splp9sspq3rw62czv0wc0u24,3,11,6.840788026783596e-05
addr_ujklploguhdc6yr39pnm9szjopzhmcy8luo8teihan,8,8,7.132840507006067e-05
addr_9x7q9bjl31quhl6ye295un2sekzhf9oup3zq15a80j,6,5,5.3947703871076025e-05
addr_0swcyy3rwq8fkpa4e7iajy8akffl33yzr3kt0th19k,7,15,5.5864232828707586e-05
addr_0oeb0uy9b50ukruf54gn3cq5xq27oelvef6jmagdtv,6,10,9.015658711767548e-05
addr_33dnrehu2m6nwmufgyn53kbh423l90mczh7827jtrg,11,5,0.00011713809449399047
addr_rcrvn0dngsxc3cqy125d0etyabwokhep9mb590q0ry,6,7,0.00010415603954716301
addr_jyitrzraud2yzdzirlyfhjfc6aq1drrvi0r3x40g8g,10,8,9.192108480045994e-05
addr_nn16uxf5gzpl1qweehwjq4ta5ivrocvitwu3bfxb4y,9,9,0.00012636894266493097
addr_3q11frzie5io3mp1zf085l8oz434omff2htb2yvuys,4,6,3.09344845610609e-05
addr_kl3vyqga6f1ipsaxjb4py1lo9sxe3ruwzb1h9tx3nw,6,7,4.42668059685786e-05
addr_j74f55acobtegurt1rwvngcfolt34kff2jtjto0iqq,3,4,4.039814944733682e-05
addr_vnxiv9iw6l01wcnkfhb7v80lkx1s9xka4lit6xiyzv,7,11,5.2436899243795886e-05
addr_k2x1rz4ktfreix71p4xbnn6g6dhzcb3i4rx4j0q482,10,7,0.00010021401256645572
addr_3ft591ygfb3hbo32yxwbh14tkjkez2lqh70ui0i1oj,5,6,2.7397690056561292e-05
addr_s82qwlafy2cnyhgfuzsxfs9kf2omxdgmdo4go8g1t6,7,9,7.699506964768088e-05
addr_z2fdacuxhkj6y85o1q3f6l6b7nqc7tt95c1ai0wj3f,10,9,0.00011521754613896305
addr_4fi0xz4sxk7rrim14s9czm6i752dxghk8w6uf7hi3c,5,5,3.4921309353345634e-05
addr_1honzpca7lx3swe6xh2gixo2pmtvoly1fm6jb50a82,7,5,0.0001334295715713819
addr_5axkz0typd672sf2y9d70axtdm7dg5pzq7nnmjxnn3,7,7,0.00012084366140570972
addr_uygrx2qmrlwpoecqz09jd4mk8456m8vg7cft8sadgy,11,4,0.0002296636188381369
addr_jy83xhu7mc7jeask8h8r33nl8txhsy5ygim1n0vepa,6,8,5.4175955147525256e-05
addr_8dq8n5r2qgly8go049qj976p33imooiltniwq8fo7r,8,11,8.10177209648034e-05
addr_q4esi5a5q8u04fwyxdevdratgd11ii2ydhv499bdym,7,7,7.75604541201078e-05
addr_9r8lvuobwe7k3y0uqaul4rcblspny0i3lv1rhd13ac,6,6,5.9854589015426365e-05
addr_zni37zcgacepl2u5cfp37cdhzg58xyjwwbk8r1z4qt,11,11,8.892475979791212e-05
addr_wjsnm0gzvng64iw7uz9ohikpqhchxfzsa9toikhm89,4,10,0.00013064117821231085
addr_djm30gh0fmg6gvn79yf5tfjyfr0cx98v9cuw0h3pll,3,7,3.9286388236912274e-05
addr_64a262t0irwy8qckv4mls029lrjzxdtg6mb5uu36sz,7,8,7.982482187802202e-05
addr_rtjq3r8o0qmh1ffnvq8xq0l280t2cemine55bejk92,6,5,4.635342282802168e-05
addr_4zm5au4gbo1vkor5fsh414j3d56jlhhjs8khqc4xfd,4,8,6.132135413038871e-05
addr_thyfeswi3x2cw44uvcm6lcdew66bd88jbqa9a7k5ca,6,4,0.00010734461203187518
addr_s2m0lowdu1t2okk6czg48tw9w94wtc3wxpfexbk8mz,6,6,9.590308984826166e-05
addr_rsr5lxf57sgouh7odar3cca5xyq572ds92mf443pa6,7,3,0.00011043688842804131
addr_w48hlx986tc5lolbguw84rwx9nyyfevb51we2oj64b,7,4,0.00010597457132656864
addr_x5rigo3hwpz6k0exc1t0oypkb571wzsv6y39m3jgw8,6,8,0.00011836467048897185
addr_80kvvb5abhcp8m7em6jys831kmiptq4zmus6vchc1f,13,6,0.00020511855942666885
addr_qta9rr8lmfd9x9a8vw3kvesubr99p9yknxh6dioggg,4,5,5.051605079641005e-05
addr_fx5h0aqwulkf02osycht6ul52a94qpj2bbfb59q4p4,7,4,5.0851587887841034e-05
addr_zxd4xfh29km14j5v107bjt67yvd5hrg0d74gucd10t,4,3,5.122531654183642e-05
addr_nhl2cs7p05yn1lipuxspgkm998srz3dfuwkg9ltllg,5,5,3.650049697444848e-05
addr_pfg8pjvrn8lpy857nz3a8v4x7y2itl8n3e54n6o9jd,4,13,4.882305464029166e-05
addr_57ydzxtu5dfpevis3e7dymlwl9gsrunaby5dj4q8m8,7,6,0.00011269199784827582
addr_n6314cng88ppuaz3yfmzv22d7fcbtacl5p9eytu72t,10,4,9.7060624123941e-05
addr_q51gqttep7uelbi7zbsujxpdbylsbbvl8cmk3oeko6,3,8,2.3574154388676375e-05
addr_q2wycl02nmox9jj5b3zbyys9f23gwxfba9hd1eju2f,6,4,5.913223819222249e-05
addr_70z6qgeajxet6vl84cyma4o5dv2u143zt0isaulmpc,6,6,6.923049220212782e-05
addr_tdn0qqxufyc8ps9rzsxbzbbibjvuwlpt3e1cv5sfrv,8,10,9.224616382522029e-05
addr_ye29a3l6so282d8ft33jpobmuixcturz5mtilejvc6,7,3,4.8551320990950904e-05
addr_ms7cs4bnivptj0cbsij1rgcfppzybp1nt34bn6jfb3,4,5,4.023534024674117e-05
addr_1agf6lmhflkd6vi7tzjn4yt8olq9bws0ecyszyqo8e,4,10,4.381220381363202e-05
addr_j42rl1eh8hyf87sw1k9m94uzxy4g8on3w9hx6i62r2,6,6,5.8153996350530967e-05
addr_w686u0e8jg303iduj5fd5fxd72b1bs40nijwuchexg,8,8,0.00010337150708752842
addr_g5a4wvwmh9hqer0g9ghlna2orprdb2x4qdhyjiiexx,5,7,6.492065850008799e-05
addr_ext497r669rwpttzbrrkb2eibbfs1zfibcste2pwfi,11,10,0.0001604418409805492
addr_tu5fm6sjalrod201g7vhimsmuxx2vvy5zqw8lm4nuk,9,7,0.00012322508896100287
addr_7tg68qv3qviyr3be8wfqaf00pcbn3ydvl5ctmoofz9,8,10,8.969262090080346e-05
addr_bhr627w3hywc4hqzh50x6lhlqk7b2qf76a7zt4ldt2,3,3,4.49393518793808e-05
addr_8aoc4mdnqbiz1tvvwigw63e1x6e3ocd9u0sy07kha3,7,7,7.135228776214857e-05
addr_673kllzcuh1i8yatye737fentd7kfn8k6p62j4xybr,3,9,4.023534876324415e-05
addr_3rqmzl1dashb8kvtaj52i36lmeqqiumat08x0z1zrt,11,6,0.00013717256633411493
addr_5js32o4d2l7ll2mvfy6829i4url6nfbidsmhgolnwp,5,9,6.376627275840935e-05
addr_txcb48y1o4izasnwywrratatj9a3y36ddfgs3jonou,12,13,0.00011792556549655715
addr_e6ky72zt542qnwi0m0jn80d75jtdjbk2u1ydz1p8im,7,9,8.523731327395227e-05
addr_rb7e3ksr9folv3r93t7zruhxn0h20m1qw9i6a2thrh,8,5,5.547586596261936e-05
addr_rjksgwiwar0gez2w8in1h3nkxukaxkv19iws1q3yvf,8,8,0.0001248214404629489
addr_u850o8dth2y1rrnng5zko0awxt1j7uduy5i0d77jyp,6,6,5.851636311789565e-05
addr_xlpu0dk0get8t63j3r30me8f840982n2atqyyv37di,4,21,2.8106120833719683e-05
addr_wdj1pdakjqecvjg5h7qtxbdexwbp2g4yj2srwl4axa,9,6,0.00010889982543874842
addr_p27qhyhmj5gr7pyft6znr50qoblqcyu46qnaqafr2u,3,5,2.482949283142884e-05
addr_d1nvp77htsb6zx7qmh224yl5diu321z3wkwms6fdgd,5,6,7.301213370122361e-05
addr_d2ol48f139fdjkjws3r4edfucq07bcegde8wa2j0m8,4,5,4.742163846222496e-05
addr_fi7052evbspqg2gs9vgnl46543fii5e06uqxli1gbu,6,6,6.517434286359538e-05
addr_3axdigw86s1ftk5wt1wue5896w6di8c8lw0snf0fdt,5,9,5.7438885097173865e-05
addr_netbdfatocoop2ktwy0vfoxclsdwhluii05vfd87nx,4,5,8.318804750630418e-05
addr_7qioxyhpx9sqlmtkyu1tdw8p9r731i4e0pkz3l3sb2,7,6,7.386017890019774e-05
addr_elsc5uy3t5umskxtoz0s7w7dp2po9w4k8dajhr3gq9,7,6,0.00010209402593674154
addr_2s1qvys1qevvxdm9073rzc9epudcv4q65f425x83p3,8,9,6.106439237050114e-05
addr_8j4hgwuf3q78fcpvuek1qbtak8aoo2scqc62y7jn3s,6,3,7.955719095788917e-05
addr_65fouejvgq70oa6wec5g6p706b4q6sjsnrlqkdd718,9,4,0.00013869790236656677
addr_g1cj8pmozknhpvrwbrblbz5ntdywm8rabr6rtc0z7q,8,8,7.055326853037356e-05
addr_4ws7bgu51g5715vaqoyd6page3mkb6wtq9hajrr7gq,12,9,0.00011032097773014843
addr_f57j2xi3tamvncztzowlc33h8g8t922d0nx5wt3hju,1,10,1.5339791284235035e-05
addr_wvz3djapl1x2irre0rciorrvhntba0xib5kc92egs2,5,7,5.881456506392969e-05
addr_n8px353at67zfpttuqr480lqlsv1d261c0d9pd1gss,9,4,0.00010780943131386064
addr_jpmlnl7ha752a97pnfircvcz8p5aiekx6mj53yxhzk,10,11,0.00012269293709719586
addr_wj95gtqtgtd3y0m30yhq7356k0n2odjs2c33q57zx8,7,9,0.00012199470303503227
addr_ynl4vbhidra48keqefe8o83vljuupwiat8ndpvphho,5,7,5.7134480902186907e-05
addr_il1uvr95e8d40j4mymrwvfqdit74ou92rpbeditrlx,5,8,4.635973830177526e-05
addr_wkr38k2d0jzcbffbfl1hbgyb2dp63qwbmnergwj8rr,6,6,6.352302633971929e-05
addr_qgborf5544a5fvvsyn5uwu61z2i4tofhf69gjfxfob,6,7,7.640903222633524e-05
addr_4vo4c23x5uejix7uc5g0ni0lzkxksenzna2rxdgzt2,9,3,5.932688886339524e-05
addr_vjkch9r6hvlcaac86rpn927puu4nmfy5vgl19ecids,3,7,2.8624501700865967e-05
addr_oquc0v4lld2pz2lx6ewkje8jn8uh2md7tzg35v2a0j,5,10,6.300639171318587e-05
addr_c12sqy71g4pfknplr42crql14wi5vu7m7flr4j6fsc,11,5,0.00014804322709198364
addr_rszsmvovjw2gjqkis0x1pce3etb7uziel2gcawn3zf,3,7,2.3305375065518307e-05
addr_yl0l1kbu6odzu44duc8183h7asqb6smiihd901dwto,7,1,7.166864487495848e-05
addr_so0lz6n4iqi1727iya3nji5flolvc74lpprfuuxdk1,5,4,9.443862832465379e-05
addr_6uss0u61sbhfw7yt14p4di9shh75o0c58wcc5pms53,6,6,7.160347197432274e-05
addr_nevgtdd5671kx2323ptj5xslkgfz9yetb15egv10k6,8,11,9.141890046440665e-05
addr_d1ivxan25wm72qlgdvc2guwjp0qi2clp81l51flmna,8,13,9.385166835000408e-05
addr_hxcdsyphaoqfys55m7yuo37e7lc1hmohz88kka16xv,7,6,5.5147132633570196e-05
addr_smsjcprndt47kt8qdoqysi6kccelk3drpsrg3plcpz,4,6,0.00011981650978185606
addr_knbx7f44sifh1axz3ecno2m88l5w27cb3b1p5d1qe5,6,3,7.929451146986062e-05
addr_evljo4v9b5pkrf2rumkk39jeyqzom4g8mbwsi9rl1d,7,8,8.851239024097493e-05
addr_c6wjf06gi1nkgph9oigo3hb0e0o09o5icyxjk099ht,9,8,0.00010957438786373774
addr_2zzkmimb6zwwgmxgl83bbppfho1cc200a1ec00068f,7,10,0.00011902997208903927
addr_iovo0wgnldfbw3r3512ievyp3qy3bjoxxkdx9zo58j,5,6,6.519349867817564e-05
addr_rtaih28q7by84akef524ktj2yk04ck79fl62k8or2c,3,9,3.127618119701499e-05
addr_inkfend1ba9dj13syrr41s6q054slmjjd1pgfccovj,6,9,3.824738620442191e-05
addr_0w4efzv8lbmrwr352fpnfx76nk2gcr67l29lnvucsk,6,6,9.070915138734369e-05
addr_myx444nlz15bcw790pdw5py6b2knftu2gc5wi6fqjj,4,12,4.722866752917803e-05
addr_om1s7lz0e74fppalpvtfqmocxb7bme0hdwfj3f7fj7,9,7,0.000208087325191779
addr_1iyfbbtcq3tkgr11ehcr6k8philus4ffwapkyru9dy,3,15,2.123437928908118e-05
addr_ecp3gkqryy8nxw068axp0uo7rv87zmyp2chaqpkwqz,6,5,2.6721400932593837e-05
addr_fcd6mzsgippsfnkomv2xcdyk0x65mufm8zov7ln23y,6,7,6.974103541880231e-05
addr_643xqygpdo3endy11j8k37uxy7hpmlehwigt7b286y,2,2,5.659303368777155e-05
addr_6owmqhnlt33ernyqh5kavihehar3550x7tx3u178tm,4,4,6.367782212616205e-05
addr_q4zkqrebfc39gehzyiltx7iga5efs03psvsf7wqh11,6,9,9.155753946768946e-05
addr_6ri2es8p31a64lyn09diyxgjsy1x0k92qiboknvfrt,9,5,0.00011993931131486492
addr_mwpauzutppaj0hrolhewi05lkxxccltq7prkalw88y,6,6,9.735405708996171e-05
addr_98n3xmqn3o1pyp2al6pae397kqlqhvfgvn8c3zjfwg,5,4,6.088909242347277e-05
addr_6c9nsj37px9cw2lmegs7ukaqlgxudzm5ns302c74n0,5,6,7.729064972158105e-05
addr_mxnzoj9mudkh94d8x3420pd05byoeznltys49y8g24,6,4,8.477298367303408e-05
addr_tyaxy2nz5x51o0lqbyg6g04jgsqof3wgi8y0423h7t,7,7,5.895639161954619e-05
addr_6nvzazu2zsxlab1db07mkl61ty100rpue4eaaod1vk,9,6,8.733658436975179e-05
addr_9theu9t1kcgqqcwclqghvnm6ozo08hh2mjq1kcvmzd,5,5,4.1289179053418363e-05
addr_mgi6jw17cfghn56vfn80pn8w5crp1o50w4wvkz2eoq,7,1,7.593861099981666e-05
addr_r1wuznhfiz78j5llgkd312p47s6z1ydceya3wug430,4,8,4.465687648412298e-05
addr_bqi17lo0nn2vzdsgcym51z4am1pcqeqpxztumej8ez,5,6,5.576787322528029e-05
addr_4yr9oqrcenvehxfhaojex1ad7xsnsp3tf1ohkhgulm,7,9,0.00011418811353462252
addr_03walnrc1qwjjltpzp2bts3hgytm7wu4oqdyqq7dez,8,7,6.986218691536336e-05
addr_u8mka0om68eawubmqf4e2716wlr1g1gmqasaw9zf1c,6,5,7.843018226504687e-05
addr_4pze9mlb70xjmxt3frhp6mmxpk2d5pr2a7kz2vl2o6,8,14,0.00024027781475211644
addr_422d6vnk9lm0xy653t1k6pyb0anyjug556al3ch6p6,5,12,6.697938839844818e-05
addr_77v2uupvi2cemahizzvd02do62gxrd2m1eh3j96r4c,9,7,5.603234519948699e-05
addr_osjgmqx7326fb1x3dz75xjuz8ry3nrjgqmtob9eqq9,10,6,0.00014751471493706553
addr_3topzzrtcvmujp8uuhnykyfjnbif9yrodt2dtoohua,7,8,7.626021221196723e-05
addr_gn4zson3s48pa1zzgrn6ud198smn820aukqi0s25tg,9,9,8.6904066437668e-05
addr_amgted0mpk67ac6a5t7qksn8f0cebhpt31zwn6vs01,6,5,8.959567353233118e-05
addr_jjevsw809o7x4st46isw54c7hgjseal9rq2we1x2iw,3,9,5.441837442457633e-05
addr_ihbqha5tin798qttqhhls5k4rhx6q9saprwppfjcm2,7,9,9.699204204956447e-05
addr_fqstaky6r79igz5vhiz8jjtntkzkkaf9t8wbim12bc,6,6,0.00010526738578039788
addr_tllvnhjbdr3szr9y9wzujzac98iy4owh1njqiyuezs,10,5,0.0001250456665288385
addr_9ciah4s6am2ss7oh4vbyjzhah73qscl0gruqsfk9zh,6,8,5.614345881348017e-05
addr_pkyv71adslakeqh8vygy2wniqhymw8zlr8r5kf6hiw,6,6,4.4592356121127646e-05
addr_xbmogfz33o8bhsxbmc7nsz2fmdfheciac73n9ew3cc,2,6,3.8387214474237534e-05
addr_asy59a35yiq74sjztxhtir1qliiwxnzk2qssbhfmqt,10,5,0.00012027615856027286
addr_p9t3b5fl1u7psp8yqwypru799m5xef7m86knnls066,6,3,9.257443651159067e-05
addr_1b6boeo6b35toc4g5hb9htmwg2j7rxi88x1t0yi584,3,8,6.671111333059922e-05
addr_9r94pzh3cp5wzwmm5pmpmdi67i0e7jy51ep64442b8,12,4,0.0001619271696461226
addr_44rzd0ig1pj92nwqc8a046qbfpizutf9a3jadt886c,6,7,6.334592978672114e-05
addr_utfefz811id07t3ljokbzvyx9d18k9vak1vpangw3p,10,5,9.951836248020838e-05
addr_jj30tldo1va1qoxm8bvzl5uqw6b9w5zqw6l87psch8,7,6,0.00010030440715638568
addr_9l0dkclf5g925yznjc0z2hdx59c6rpjdrjyhe0k8is,6,4,6.506088815139306e-05
addr_r6d3u98y9h3rblt2svxc0fooihz2ib3w0szcp6l5i7,7,4,0.00010390650074734358
addr_wrncyyu6hzhqkng8q772y5n74c7362xlqa1bgexxww,5,8,7.946252451735756e-05
addr_uhjz50xjtx58fer8v5zce7j0j4lqhp0k006084uexw,7,6,0.0001732242501905056
addr_9z3fbganbm8czhfwqa36sl78o19gmofjoyzjilajto,3,5,2.8237374094141523e-05
addr_6uwq2twmi09iyd7ku58yxgu4ab2bqxtfd591ibviv1,9,2,0.00010978015472512057
addr_o5a439gf5lxk2g5eol0ta8rd05n9hczdq3w6bdj7h7,11,2,0.00011148386801596564
addr_08glqnmpjjejj4e2ubervi0mnoyplx0nmzm1n75e3j,12,5,0.00017022250560847171
addr_xswftifd43wbvd1dsxommuq3utg3vawg3pkvli70tk,5,6,5.976984075642879e-05
addr_4xv7qap108b1j8cibwq6fodnimqpmk5ildijvw88nw,6,10,0.00010806092905477202
addr_sli2zk0kne5yso0wp8x31pjcoy9ienswelut88147m,6,10,7.44754923365576e-05
addr_84ttznr87ilgl7gsszraq2hqppkx7z85zr276ay6f9,4,9,5.747882997494822e-05
addr_y0q8lyqyo3xemzjojgthm1hy5q0xoboqnf58dttrf3,6,7,3.360733213570902e-05
addr_2wkgm79b3bdpjz7erlx8sntsljt3azk36q7yf0bqp1,8,5,6.562419183982397e-05
addr_twbg51kcvyjiqfad0uamgjidmtbvxytdyg8sfs6w0s,6,6,7.160053537592199e-05
addr_k6s4ifde9jlfad9wwxoeys8nnz8gpwpmm4g3x5wg5h,5,9,6.076405747560944e-05
addr_jha6dzbyhsob5n1nxx2mtj3h14lao6i1endp1ef5zu,8,5,8.394612245203549e-05
addr_lqjidknwi5flul1rsrla8s8hmbr5xqt4p501nouhtc,5,15,4.323995640427075e-05
addr_bwvh0iqdr42z962vx5ox3a34v4614x47ge57ejg3n2,8,7,5.2172870964456435e-05
addr_wnais07yy1hurwfrosmvw2pzbxjcxg63r9rappfsiv,3,6,4.162843759587383e-05
addr_boxqgqjciaa0ff3ee48z07nlk64ni5aoggs5se7skd,9,8,0.0001534324660911582
addr_aysq85d4b9add6v6gnijh6dthp43ljp6he46fzd6va,14,10,0.00017735280722753788
addr_mkojmd7hkaiqpsqsr0gcwcnhnyuamr386dlwu9ie6n,6,6,7.098993808143803e-05
addr_1gqedswxty6zli8wr7yjzo4ttbkc8v3l84vxic5jxj,5,0,7.077344149559276e-05
addr_cnacoyr5a0f89jchj7n2vzb01pfzysuh89dsrux72y,6,9,0.00012649371603545574
addr_5fmycw0nfjmxrbowiomknotee0dttj70dcd3hk5lef,9,12,0.000113274589288642
addr_fhteqdonrqkstlt4ryxsxz1hcfjn647b3jdeluanx1,11,5,0.00012325893076915457
addr_ldkad0o2dh6jt38ke4r50p5m56tvyx1ykyxkrxgs4e,4,8,8.767018069026824e-05
addr_60rovk1vfep7cin2vg06yi9lbmv5xhdrxrvtkj2lzk,5,4,6.179841683964747e-05
addr_bsogsob6mmbn3l9h7h6wkn57rnwy4jegvmtzg82atp,9,4,0.00012631360037255033
addr_hhck9zwqfcpc49ec546orgerrgnt1jbhlvoqdxfh52,4,7,3.155347219766005e-05
addr_5lmrhgqp56m9wbi3qzq8oj2uekldisrlxtp5hno75r,8,8,0.000133102609882731
addr_ueq43m83d8umyynnlrfz326dkms7i49qroqqsqokfc,7,6,5.69435715864008e-05
addr_2abkvblpxajmk4x1fdj9hvchrm3wp8djkluyluyhet,14,13,0.0001747367569050749
addr_a7vtpi3nvsprckcameprgzci4rs0iz0m78pizassgl,7,4,5.736426939867681e-05
addr_wkguy0ofipzn0thl2c53k9om115boiymyk86adnokk,4,10,0.00015056198254135309
addr_axeqbnhl1n13jcat9mx2x18hafeyuhz1gv0e38daly,7,13,7.384480271401881e-05
addr_arx7hmez8qspa0gurgugjajowemdrj4bx9524smgp0,6,6,6.697050435207992e-05
addr_4s0x2ouowoj3dljvmjzikl1x64pauek0k92bcjwapv,6,8,5.773150663661215e-05
addr_qya45l309wqpf9h2q31dipt64sp15fadvewgyekeg2,12,4,0.00017140914400936061
addr_u95iyub31p35zwqyt39uzc2plhs95twbqhsmcrcun9,9,5,6.238486887398476e-05
addr_099rd3wc7bqdrqc1el39kfsl2y4uhrkdg8lkau21j3,8,8,9.505732024374727e-05
addr_ii8cq1zawrl46dmgahs61rwafh7udko9qnf7jmnr8c,5,11,4.772963618650533e-05
addr_6v8cjihnb3fyrfzjva0iv1ses0hrswb8mkhb5tt47k,12,2,0.00014109626019381542
addr_fu9w8gm9pksba1cjdqm0m0dwbllxqg13k57h5r3779,4,14,5.149545178295719e-05
addr_9ykz2z5x1jj2wo6nqrqqd92yj37e2kn2q2c28le1yh,12,9,0.0001413041320892124
addr_2p22mk5y26y1f7bbdvihtzrvkvdjmbfdusdhdog5yu,4,7,4.303355358255859e-05
addr_97gam88u29vwb6l3gm8ytcsbx3iahtqy0okgblba3w,6,11,4.389494628292395e-05
addr_rm3x4b2dttnoog9tvpuc4at6pmntxbj31dnow9d2ol,7,5,0.00014151369447880667
addr_84b4iakxqc2r7420on2j70cn6m6zti9kkfl62s7zny,8,4,8.735989886871672e-05
addr_o65e2235ohlcf8mcmgyc4q4qnwmwvreqzy1039w2r8,11,10,0.00020775825044882956
addr_utz5qgzw2jumji9696uyompwcwcjcqyim3he79xavi,5,10,6.119952934795758e-05
addr_obruj1h1adrghsbmek1mqp8eicfaryulywlzhcjojz,6,7,3.952806793226036e-05
addr_px66n7107lr6o2ptx0i6xn7u2ct8of5yijezoivx1s,3,3,2.8924226493973285e-05
addr_f3q1gn3xtigythlq837yp2079p3j2sl6sqpt4c8v0f,6,9,4.531048545217949e-05
addr_92mgklcjwmgq2e5e6ahpra0kxnb0owfp1unowsugkj,9,10,0.0001310474804253066
addr_9m3hodj2esjs842n32vgbfxmfk4rza7tqvxqgl4klp,7,8,7.589607243183002e-05
addr_jojpd9csvurp4kxlqrih0mmzeok7c5ljnn67t4u0sm,6,7,3.866131469377668e-05
addr_51hn25i5as89d34aftzcomay7v6wta4cu2nhbyecw1,10,3,0.00015213387434942803
addr_uqbkl6r0u44n9ymbatkb3nk40o5vqr30qbe8lqpaeo,4,12,2.38467654737315e-05
addr_o9hb0jeosv00jk7l9dcpz0vcclintti909n78p0twb,6,4,5.901066074615945e-05
addr_c5b89um37j6nxblz6yamlrtrkofvekol6x9q8oyd79,4,2,7.878571459636948e-05
addr_x9my4i11de1yu96ag0slzob36a7tmdsjh3hipc9spw,4,7,0.00012208288081112448
addr_1mbwcgh5s0iplwrthfhlacmmf62547mzxcbzt9br2r,11,2,0.0001112320614497957
addr_ojccwx9bzih3s2de1629090umickaufxmr3d7p2ux7,7,6,7.015640116602263e-05
addr_taswgbpmqx8z0vuqoew73o8sjh2ib92uf85k8teay2,5,6,3.815341737141077e-05
addr_oqlzttmhf49q9upgmh7pm9zxjgjoh1fa44p29aursl,9,9,8.418672619289638e-05
addr_pd0rmk19fx0nfnx1z22w8l0jp4n1ls7d4qt6sobyyw,5,9,2.6675080228348865e-05
addr_ulg745ftqud428ldh908owgis646khbg0r065pih7c,3,10,2.509683071093009e-05
addr_1gb05619r0mdbwnmpbldmm2s3kb1oauxkbcwc4lc98,12,5,0.00014728918311658035
addr_v9fswq155tqowdggu010kbcznpv9umtegh6ufxtm05,7,6,6.782217987912573e-05
addr_egxakfmru5bz21gbfy9gsz106a5dscoee9ja2qi54h,9,7,9.68025210453748e-05
addr_n6jjor7zve7kwzarfzinfewiyg1uzukpihdoau3fn9,4,7,9.096697228544715e-05
addr_a4wfsz8incforbuy2sp586ig2xy0i2q16e2h1frv0t,10,6,0.00015354098819586433
addr_2h63hnkcavoo0jm1xvwfw31a5672tsomi0ykzuoqpq,6,11,6.576831591025105e-05
addr_gkrx94258a0402b0x6edj5w5cuuj7rzalyiy7v0env,17,3,0.0001923416496974191
addr_ave7e51m4wu3ga9ta76nfcqml8qqzyekv2dy4tkvv7,7,9,9.728297368152078e-05
addr_x51hw1jztgvy81u45uz5vv276k1s38gt39ya5ewamm,8,6,0.00011162619411214231
addr_qvvr2d3zthihpmx721cmeezfe4wdr8adgbm04yqxjt,13,6,0.00014847643502967085
addr_ytkw2837c6qc6k8djzr5swk8tempxkc5i8xomxlvz4,5,15,7.083620460509147e-05
addr_1py75weajehfa6zy9nnzy7jrci46ckxol6hzdwd5c7,6,7,6.197833428318865e-05
addr_6bhagdfu8dd3vigt6d97oie00ejhrmbl4otpt318yw,5,7,5.473277478682534e-05
addr_rzewshtuhtce70ue2kr7uuzmeuqo5y90ak751e7auw,2,7,2.647229298881e-05
addr_fpqeqqr7d6e5f0h74isrcaxhcyep5zplyo0su0r7g0,5,4,4.774876097167449e-05
addr_flvqarjzk08ct6176c1k03u0up229eoizu7n9en0ke,6,6,8.493326637702444e-05
addr_buii82bn0hy56nb4u0p4dflc9g27k5t5llvk2dtxgv,8,5,0.00011668616528874854
addr_10lgs48a8hts1p2k6mu0d1tt03vszvgghugt7sayqn,8,9,0.00010331889717082182
addr_4enixjflj14bi1tzf7d33d06vbm6op8uwfx536ph4z,7,8,0.00010532142944375251
addr_5fgxuh0oykzsvn429ftr1sjxkj7tdix6l07rwf7pyd,8,8,8.184733017829553e-05
addr_5yabw3efc6ry6szb6uuzi1krabbtpqhlzflfxc1ofj,2,9,4.183240467999798e-05
addr_4sbc85wsosef5lalpjho68qpaaajo1f8657ny4g34f,10,4,0.00013522605722309533
addr_2ebqo4igwi2l2vlpybm3his27f27wkyriugs922v06,10,11,0.00012880319855140148
addr_ngi3qvuqe8rs8rv1br62bjsdz60oeatpm5ydt3n6fe,5,11,4.6383793585992506e-05
addr_m1dgeygu3kx993ssimfpoafns30bk4aon6ezh05hem,8,11,0.0001162660267172202
addr_yzwyjvpa46cp02ykubnsdd8z2wbj95jhgxqllelprj,7,4,9.779909615835759e-05
addr_oicqvl5elzqtmta4wba6del43290dvv5xivf5c1m88,3,11,8.83466788335481e-05
addr_dc97qk5k9zxdrjt3x8lihjhiyg8hnxupe8qxfna00l,8,7,0.00011903680421566523
addr_t4g5kklt628fkcy3jwad2jcrfqlb447ungr5jt41zt,7,8,0.00010923409480153756
addr_fqyyyidr7migd88srsia4f2tbumpaojrquh9atjo70,6,6,8.894409879872205e-05
addr_ztokk4b86k26yin5t03g0fh9t4nagckjsaf9u5cp51,3,8,4.193738614056274e-05
addr_ws3sbgtsvluopfk6m7wrrguqgtump1lmcpmvij9vvm,7,5,5.923268064059604e-05
addr_s1gd1t53ykyydu3asnrm6dfhg6w3stt1eqc37rln36,8,18,0.00010202722017415647
addr_m9cw9l9no604nn7nsie8hfhl6w2iclyyp0lvz9uzs7,5,3,3.9379980600313626e-05
addr_ymek75taj2hfya41til7i5bp5yiu90kf6pojts7tpg,5,6,7.082527430166045e-05
addr_vgg6kr0r29i12shxqda5ahk9b5nmxbgrg1iv6ov44j,7,8,7.872415091539178e-05
addr_v75qcgqfx6tq5rlcooibdes9fg0gk1hfecw2g4hko6,9,8,0.00011806360897986655
addr_7uiw0k25424nmm0wrfccb62iqoz7q8nco7n3xgp1lo,13,10,0.00017135032572528438
addr_vvkg1vaai0tslphfvesnwim3c7wc8ksoonbradv785,4,6,3.36304032057523e-05
addr_8b41fjnfa91qsi3bynkoaa15kilwvu3a82uojcbag6,7,8,7.080520545930319e-05
addr_jpqpq24ni1054c40irg29flvwul6rl9dtp3n6do2gu,5,5,4.1013169069136954e-05
addr_um0gyccfzvaf4mlla38yf442l7maed8lg225ybhupm,7,6,7.446862808929708e-05
addr_10c1lpufspnlzoh9mwesr90i2bukwcin0k5fc34s35,5,8,5.597105022932962e-05
addr_4e5bcidl8lgh8rfc9vd5so2n333za49xud9rt7nwuq,8,5,5.669103845860332e-05
addr_jm7d3z72cbpx5dm438uvvint1l55802o2awq8lamwb,7,7,6.570290908887067e-05
addr_ylq96rzgws1vb6847zasuwcq1vc911msh8mjloymfa,6,5,6.20058752818297e-05
addr_vzhoyykczf2tdcitegb1dindlfdttnibth05ys0wi4,9,7,0.0001512934425132814
addr_h19vf1o9my39j9ut9llktssqx3mo7kj03zlsinweym,8,10,0.00014756495901984364
addr_1vtmbt347y1zukgw0xron4djqrx009h9kghsho3mry,9,7,8.194070132654007e-05
addr_7p527l6hy4zdf9juk1pvjcx4ay20xnwenibhbrizml,5,6,7.760150160572803e-05
addr_6k26yf979nx6cfhxxlwtks44vezzvhjxxwurvw9508,7,4,8.392877194232639e-05
addr_ox3qgr18lkmtm95f20atgkykxf52snprge49zjq1ja,2,5,4.320718497433643e-05
addr_aqlcaudf9m13otesu2httsw5ejr91qupwckh3v10m1,7,6,6.721150098451234e-05
addr_tc0pad0h8kw3fmkxbcbngiacd0eqa84fdv17a5fh9i,6,6,6.136227100639606e-05
addr_ffj8lz1w3o5g36h5afsh6q1qlpuqld02ct06f7jt8v,8,6,8.836542716513612e-05
addr_gy81vu9qmkq0wbch82zme9drsqcth9ttsatmr6k2y2,10,6,8.328443717500045e-05
addr_ipxxx4xvct7fs0ik0r428rnpdw2thb7y4ynuclvlmm,9,10,8.376202440389263e-05
addr_0m3kc7t0pid8yw2jxwv8kt4up416mxbb7ielbr1s1k,7,9,0.00011107324294143831
addr_gcsotdhhlmh1t939ayq6ww8yl68ntk63n2qb6gs8g8,11,9,0.00017274280639215138
addr_mqdmj9ixs6ld2t8yfotux6j1ygskqyp891xsd0nkvd,3,6,3.661888362462131e-05
addr_0i1mcy249fb4td3hty61jzeklejvgify1cagq7gxfx,7,8,0.00011139657102030636
addr_k7dcu8895hxlojnbfai6tp5ppnov3synh9bk0o4g56,8,4,0.00010646832839249878
addr_u9tamahl256ufjuglxdsawu918vcwor3vllmzgmsum,5,6,4.378786957763278e-05
addr_19ov3iqa1oomo30l53bx3z8j37imt8ruhfcwsdtlwz,9,4,0.00012975176401545333
addr_p6qhwzwn5qxbwdgrw5hxxl3mm184h7tt2djygoqadd,5,7,0.00020387748513407605
addr_epemb85oxts5tz9ktlwr95p44rr6q0llyya8mrgw7u,6,7,7.967156116228243e-05
addr_wa36y9zyp9f8it3346ckbm2daq3dcgu490k7buyp9k,5,15,4.9732462016287584e-05
addr_8bberj9qa0qqo34h3ffzb5baxhmjjwl83qaungcjx4,10,7,0.0001393393688575231
addr_1bdj5lqc2xhs8xi3t79n9wz2s9slh1l2lit38kdnpp,1,8,2.8794966467774377e-05
addr_qhatxmaxaazrhbqzok0btcn0105pk31rtf4h84xwzr,4,5,3.76593194451637e-05
addr_0mycszvn4k5xpakc9ctnkcmxoeqnlvvqmm4957vp5d,4,5,5.289976180052949e-05
addr_1f1okixylbxi9lysll9bodiz9bdcm5ov2ii3pf4krl,7,5,8.364542408860708e-05
addr_d7uyxz7upsgho0ot4n7grcp27protkfovzcnmpfbdz,6,6,8.295101980739632e-05
addr_9jg50itdm079dwohsnxlfvskzxcntovou54netu9q4,12,6,0.00019719008481786806
addr_okja6z3vkp407zn58khpeshacmlagxexjprhjkaojp,7,14,0.00011354927701567686
addr_tiuj5ir1wl2i4bitqufwi2zqsv51tk2zt15nysgtmc,10,9,0.00016445209168332517
addr_s15m86pbyhbi2lxchlabyvwv5prqcn135w6dzb9jr4,5,5,0.00010298728222440796
addr_16o5x1gzkgam0jb8f2ilhjg3u8zdp9x2ow6k5fc1uf,2,6,2.9153325652167704e-05
addr_wgt43d7motbkvwy7fkf7gnntp07jdpzlmcd7ias2d6,9,5,0.00011040307865668836
addr_ct6hd7vz5ffsdfy6l7jxob09qciiq7j1nhudz7cu2s,7,13,0.00014956757517671995
addr_2i5p7vwkfu90fpi90mb0orr5sr5et3h7psxmdx52f7,5,4,4.772564144024861e-05
addr_dk5whrozpai5fxqz60z8kv6bjmo83btgpxsjzya0u3,7,4,6.017161343271805e-05
addr_60861walxfsivpp510euc43frnr8fe2hgkuaaymjrn,4,4,4.309906732147062e-05
addr_gesekxy9dwzy08m8osg3rjm7vuqp5s4mqz2ehbbs7i,6,10,6.225143263137525e-05
addr_dx7jdujy23qigtql7b2bpwt9kexwnbplbybpryqnna,10,7,0.00010329903067411252
addr_3ayolw1gdvncyfcksym89yhh5idziit2ykn58g62e4,9,5,0.00010855275732828763
addr_j7kusjnfk4ece4tjwt13td5gfcsg0yido2f9rgbq4r,6,10,5.246744093237722e-05
addr_b7fbolc4730mumcyzdlpt4f9wt3p69873b878e1vwb,7,8,9.608490825433566e-05
addr_3clly6msp8u40iar00h3gjdvk19lehdddqptr4la1e,3,5,4.912776030111499e-05
addr_qpbzyg2bqxwmn8fzwp2dw1oik43p5dv5ht3icuuxie,15,4,0.0001651488008689924
addr_mxr7256csavgqhz6zx8o5w33p9yy23lmhwh5b31uwo,9,4,0.00015937736313035601
addr_r1ev66qwi83cr4t8p6ss70kfkox574iptjvs167ih2,10,7,8.353542639773271e-05
addr_0mkouyub87wxaaea3mi7lwbobzw2gi3oprwp5ucf7w,9,6,9.970123510908113e-05
addr_efwsn3n84dm887hgv4zn2zbo8ayv1v7wysj90ogtub,7,5,7.04119832366504e-05
addr_fyghmk097qbmb0op6mjeh1cyn2ns8wz7bq3c3byahh,9,9,0.00015585363189022557
addr_2l5ih4a1irxefwbcoujwof8g2j6ymcw1lu2g7llonc,6,10,0.00012242668306293577
addr_4gvijjlyq8icxwo6ouhp7h89zg9b4g48z1bq6x9hrg,10,3,0.00012604598721628943
addr_gxabncqkddgt5iwg9mfrq4cadopmqqjehqdyk7cfgb,13,9,0.00011093772145161473
addr_56sqdrt21p8mz2ggq73jwaowdbvkvsrn9fwon0txb5,6,7,0.0001000931589944611
addr_dyw9bvfpgsn11vruj4sf3sdvef23nrs1wvpfg5d907,7,8,8.577886834435553e-05
addr_864oezo3pfbwuoidz0gt2jysyy04tutyjf9jpyimic,7,6,0.00012551385513613774
addr_ri6uiprh4wcqjt3kbxqcedtrfs21ovdaclcy69jah5,8,7,7.888310114246929e-05
addr_74ivxnjs23xqavcur5dlkgd4hvxfgbrw6ecrgzvbgr,12,3,0.0003750189558326123
addr_7xy67wtvlyexx7k0wlhsqujgrxj9dcen4ebajlsfx2,6,4,9.663262231338201e-05
addr_imnm4zpdop6hd7lg1eflhlx03v1uzvo9qt9hgyr9na,8,8,8.721103924552548e-05
addr_wloo1jmxe513259ousckn0ek18yu6k6tfrdcbfunmq,8,7,6.709382444044208e-05
addr_0owag94by7821hce34erfe6k71allqpqgcya7qahuh,4,5,6.677321836689425e-05
addr_kjdbrsb7dckgw0p9semdyviwcpzj17wih4ko41xw51,9,5,0.00012695978291986143
addr_xrgm5ixmecttnwyvcwwssftqiw0gyaa3m3jqqe12za,6,7,0.00014398359656371044
addr_uedusuij9tecuxs2uy1qm58pbwyivhzq7vpvd89jtu,8,12,7.910703237145434e-05
addr_3x15bp7n78oghdpgeulootra0ojqwk45uvx8u802e6,6,6,8.844280918123813e-05
addr_p1awbz1pa505x7a7ryzy26foq8sgbwhfprvnw0xan0,12,4,0.0001572155472363205
addr_fvwgupi00tyh02bwdpt5qtrzuub77c338yn069lzf2,7,1,7.512808256176307e-05
addr_5qjc7avlctlq8w950v2weo8edccxfj4lsz7umqzkin,7,8,0.00013025021211062477
addr_qfx39rf232b75gi9oip6ve8pw5jdco6qn5hvdqd31p,6,10,9.491974832730345e-05
addr_g7iu7gjp1ps7t07akmxxss0k0fwlr6qyhirp8cis2k,5,9,6.624866906354376e-05
addr_761m4d45jlh6qs2vpffq1xnj5sgfb9nqdj5um0ccex,7,9,0.00013438351156942524
addr_x6vta72n2chagevz8iarblgsvsg9h14x2c1dt1w42y,10,10,9.99412623314172e-05
addr_u9grxuv6r2k1mpmk396g58evyhjzzbmej9xrjehbc3,4,3,6.407028966164546e-05
addr_p2y4vw74s6ouy10e5jb6uw3d586ftl2eq1ed7sscgn,11,8,0.0001703318323361931
addr_7x93zr0bmbaoqr8st2jgm0tgis7xjd3th6yp2o09ma,7,4,0.00011977104686035224
addr_rvpv2uhb2v43uu234he9tkvwhp67bd7i9h0ogbq3wh,9,9,0.00015547748663591557
addr_76jh3edz7toxmhor2s39s25r2v4r4kj3gw83rzb17c,9,5,0.00010048244832178592
addr_7wstrw46s1f91940ne3m02u5s7hput9rrhjqpzjoxn,5,8,6.826887884833274e-05
addr_myz8aaj3j8h7mwfmbwlids2dv5fns4bz7081z2g4k8,5,5,6.096371630459147e-05
addr_tz2f5sijmv70r3durmkf0azunn8lbvhupis2kr80pr,4,8,6.362193206387716e-05
addr_92dz6wei9zimms4mwajvwdpgczgzd90uv0l5x4zf5b,5,5,6.131281494923472e-05
addr_uuzz3h3nn6b09xx0bj05mxcpxcx1w80wiixrrmvcdw,4,5,3.929925606527278e-05
addr_d8fvuly1xd670z04jgln583bfwukrssxqnx0seef76,7,9,0.00010161470253541486
addr_38tedxb60g4driv3fztpcs38kf28c5ifdttrnvxvcl,9,2,8.713760794532748e-05
addr_7miik7h5qj5gorxago78cxkmya09hisy9j33wfjsbn,13,9,0.00018023651730142111
addr_ro0m1aihv67yd9puq3kpjyzrgbqs6g8z0ub26t8syu,6,7,4.515122358848622e-05
addr_pjvonjqjv9lb2qr4j11hlsgjghp9xjz0es0h8x5f9q,3,4,7.319441420040068e-05
addr_wkrs27bm4lz9m7xbfgxs2gxlv3yxwsw74qjgb81kyj,7,4,3.328414252752292e-05
addr_fswlwyt2w3f2pnrob1rmy4fpxsfiz2rc8kfx5mfhtp,6,5,5.753062638228329e-05
addr_6a9vg27dcdt7p917qhgvyoz3bnyhki3oomzfy5yb2v,7,9,0.00010789139838234251
addr_ktoc1yfmhbyhz43xz6olba117nidp9mgyh523ggodl,4,11,6.118445332149547e-05
addr_z7akq6zrglus2kf9y8kld2w8v346ljqloaysrkfi8c,10,3,9.456671777198856e-05
addr_mhjc3scwjeyqyhy1530fmc4yj174auqh39ht3ia3nf,4,6,4.3920163091263476e-05
addr_zxc3dti3smk2yzwu8y0i2ixzhhqmv3xn5ih86xuksj,10,13,0.00013419300773896648
addr_kqiurleau6ux9sy4yslcjnio8zictbusarw1s8wexc,9,11,9.824385712570621e-05
addr_9iy4x41dntcagrp2u4dtbh55rbc76ub7l8v1zocfi4,6,14,4.8019436095102706e-05
addr_p1dm4n2g80z8wwu3kn9p9x7s9caml5hm5bbw9ekr5k,11,5,0.0001672504297495542
addr_ulmksqwfl4dc482qu2us8ehtdc1de4b7h2bsu00pzp,10,5,0.00010602572045397281
addr_ok26vmgsqhhxxheb3b3zya8o2wavrk40fcln7u5wxt,9,8,9.928826148412141e-05
addr_3nzs2o5cxzv21d5oev0sy6pdf5mh4qe9fju6fb5ld5,6,4,9.747518514385837e-05
addr_bongdyuebk7izscprdptuk1ky9xec7a1bvre6npq28,6,5,6.525461351309034e-05
addr_lwwb14jz98x2oitbozhvfo4ozt9j7t18eum8s8m0uq,6,6,9.302748431121814e-05
addr_md7yh2sy4mdoqzc3zaaeuzal1xv6t3fp8zdh4z00ct,7,4,9.368256255377074e-05
addr_sx2vk4wz398s17l3v4j65bj1tcoxw9ul2g3qhtjece,4,8,7.991576957781381e-05
addr_a7f0uf4sznq8ob4davt34ejdl2ugbbdtdk5wngv05d,11,6,0.00011824262779584711
addr_91au3zw36rr3lghbu0g04m6alkqnhhnei377ofofz8,7,5,7.976472684625518e-05
addr_keznl0hhbvmdcdoetp5xmufu7xi7fcyq8qds4znzq7,6,6,8.76878986407223e-05
addr_igte7q3si3a73cxnom9bc8be5twd8raaopw6oy1fx9,9,4,0.00015956534359869292
addr_fo7x1ahbnf7d9i1b3w7r49c2ylt6omi8aypzzcah86,6,11,6.395996355737441e-05
addr_9kx8kb5jzpaws47f4iitfyn5vilq02lrnqn5qjn3tv,8,9,9.165576658127796e-05
addr_l8wyw5gsfqvoi9wuavtexk30gfzs83dujdy80qafkf,4,7,3.786163807930857e-05
addr_nosywzohh93l8ncmwmffpw0ralmn85x13qjy2ansy5,7,7,0.00010433256527671604
addr_l38yl58msbgu6xi3dlyuu3urc4ov7lyrcrlftkg3r3,8,5,8.48645051851647e-05
addr_otvjbynzh4ifm67qqbjweirl3igi7nxbcpddvzv5bo,4,5,4.8501958060151166e-05
addr_un4vbqchotlcz0p3qj165pp4kjf8zqwoinq2w5hm3b,7,7,7.228473182337573e-05
addr_ccz90uag5sfhtt0rbkpafv6t4rryv960jrv3q1in0b,5,7,5.590673333998625e-05
addr_g0ntb2p38z1vwvuv597ixmuntsi9aodjbn7454218w,8,8,9.126588589178918e-05
addr_fp9c73shqs6225xwhmxdtrashzo7jqm9mm340c3bvz,8,6,9.057214800396824e-05
addr_vzox4p8t37n557jg2qlyf3ayknu2bhq5spm4senoh4,6,7,6.702589636625762e-05
addr_o289vpxtk5u54ieh3fn8ybrmrzrotrnbulwyzfbywm,9,7,7.6762168849985e-05
addr_giws9oohvm9x806jowo3xdbb4v7agv7fubg8j1lawb,11,10,0.00013538818110419407
addr_shxm64ap6c5f8fdcs0ubjc4as48zkgacb26k31wgjd,7,9,7.808879981831556e-05
addr_iul6rdgd1amory08230etbf0rumwy3zfcn49p1mgpe,6,8,5.6726075347965286e-05
addr_hikwlvbh9hyycgvsphkr2bf1f36pkdwkbam1bxl7no,7,5,6.431288689343275e-05
addr_tdbrzf05lnmrmlfp8436deez2h8j2scld7sfoitkzt,3,8,5.739335361804326e-05
addr_xextpeye3vqu6teed7rtjq39p3uk90kodvfqlqzj3d,6,4,5.261254788205099e-05
addr_p5b6fod3eghnr8vo0qdai04r1b4c8a1m9ycl7a3sju,4,8,6.454809324025844e-05
addr_hfrvvsopib73mvkznbulhltg1y775zixdl6psc04f0,8,13,6.66785455281867e-05
addr_y8kb2buc7ej59o2z4y6d4vn92s7nmzhvv8wzbq7w9x,13,8,0.0001465377609224393
addr_hfa2qbam7p9foql5hjm51m7e3srf582wqwk7yah1y3,5,4,6.651507555444602e-05
addr_acm3y61jh56ohnlvqhwf47lwx0rsfyqnuzkw33dubk,4,6,7.511409186203794e-05
addr_iqtw4k9qkuqgrbu8ovvrmovppel7vzl9rh7ks79off,4,8,3.0070663552954704e-05
addr_q9w14srtrbm47f3htkauq8aw8u8600oyh69hosx8zh,7,11,8.077659297194023e-05
addr_57zil6azu9lu69wx9i7211q6dxjivaoc5vs2ygfygw,11,5,0.00011537789576981519
addr_b6mxuxgvegetgp0jd2cbl96rwzyf1aqotqvtm6arvg,5,4,7.549789539968403e-05
addr_dh91jq8pohmg00slk2kbksvc6ej5p8xrcw0zo8us44,3,6,4.669405393981135e-05
addr_ozqu3oxef4291bey0uk2klpdhtiffvbd045ymlp9jr,9,9,0.00010027498882645137
addr_jjh3suxko9n5oi6kryb1zytnhmpkoitryjxfewmvcy,3,6,4.8364345373096265e-05
addr_knvbd98chai0cq86u0vp2q5pfiifku4hsx4577zc8f,9,6,8.889213152758823e-05
addr_3ur7mgmtfcsti5k5yk6uudo8ro9efrphq2fs7ba2ql,5,4,8.733654684845579e-05
addr_eye8atgn3va2sehjefnokhdenf19j4mn9ggne4pp80,5,11,7.908502179326816e-05
addr_vlvnit3l82ebwjr5ypsbvlgk7tpwcmk6x6pjw0b30i,7,8,0.00010328379414691646
addr_2qactar0fa20d2ghuhoy7qtymworosnrqndvm0cqnx,7,4,7.926846443258224e-05
addr_txgkqp0kwlllcpdilgp42wdq48dhk3u9n75vhf4j83,9,2,9.421014222094118e-05
addr_vm7m2r63f5xpm7n8dina0bg1526q3e207esf1evcuz,14,9,0.0001949154458125075
addr_93yvtf5fj1l1w4b72vubr928pba6a02hf73e90litv,3,10,4.574020228428448e-05
addr_ku1c4irlfm2ts1k5rkyhak5q2wl0hq6dbfti1voebh,6,5,5.119112133181882e-05
addr_9wqr6pa1lrx2m7hvyg8rgas4v58c4f3265q7t6x57l,6,5,0.00010076076273970346
addr_tivgimlrwxvuzyf69mnyd6z6sh5027p8dfvunz0bp8,5,7,7.192337139731818e-05
addr_8usngq1ng4vto0kwnnuvrrjej89xyhr1qes46tcm2g,4,9,6.631913841260245e-05
addr_kzrdupkly09cv9kwvxibrjt13nji68tfxd0ba08w0f,5,7,4.444402370481955e-05
addr_a2cmu9w58jeawr8g2lwf0yftyhv4duwtovdgcrypsq,10,7,5.934666232656816e-05
addr_31lo83c91njzxkkcgleenyew8f9k71ktdts7c60lpl,9,7,6.901954514116617e-05
addr_xqtpwy433f3yk5sz3x39a8f6rcg2y431vlafudp717,12,7,0.00017839307072232627
addr_r1dwwo8nbhnal3gywiymenvg3kk0vm59m6mg87oi0e,8,12,7.871542529155018e-05
addr_7q4b5entn358dkvczha5s8udghndp6zrggcmhj9uzp,8,6,0.00012160657260141567
addr_fcjq4egdotyqthizzwby681t7nei76tpejnj0fid8v,5,9,7.989932882715061e-05
addr_qfcu4ynff9p3lcfnrzxd7cari03x9nf2bn8s7sgeko,4,6,5.2225038413435073e-05
addr_iuwggb7io9y98xnade7r2oaqh2cdcl7d6jtmttmftp,3,9,5.052494920006584e-05
addr_rdovw8mnzqnoeprwg5l2326t0duxq7a1gdfg32sdpt,5,8,9.542643274910477e-05
addr_mw6oess9ues1enq17hhi20aqg1rs3p81zhilvy4vw5,6,2,0.00013677002341202303
addr_ec6bwxwu41kzew2nnqbg6uskvnnv0h5xfxcnfaqh6n,6,5,7.829128265797954e-05
addr_37ymvswdlkyhg1942oj7bax2rrk01382pp7uv9cjop,9,10,8.070932627411827e-05
addr_5ii3012e1kqjpnwktjfp10ojcz4h6ja6757iemylcx,4,7,3.775941142123479e-05
addr_t0smczz7anag1u6qwzf5j8pe3g0xn1fn558g0c8mad,9,2,8.323694675057076e-05
addr_oruwhx86z2wvct61ydpc1h2yce0ki6ngdhwd3g1gsh,5,6,5.9096300760966484e-05
addr_c8juotse9zk7f4pfgqbtopunh8qsw5gh3gef0yeqt2,8,5,7.811531340985099e-05
addr_skxnpd6j2loae6nhc4keiy0riqnp7108czyzb7vva1,3,8,5.1776667946011707e-05
addr_2oz2u6o43qy628msmscwkft4mftiwyly4kiwq3zqr6,7,2,8.935085807388636e-05
addr_ught7ehmgoloqc3xnchkv9dt94g8v9zy9ylw5l4rmv,4,15,4.880828914786119e-05
addr_ly37y2cz8x8csuf154tgndei10032o7t5qn5yhmo59,5,6,8.177328332512395e-05
addr_8vhxk7lwjc5825dr5bjjkp7gx8of39lzax76jy5qon,9,7,0.00010766121232109286
addr_1poxrteo2t8fy620n8tteavt8k06moxsfh4gg24479,5,16,5.6859424517868306e-05
addr_orn7e0kzi9wv0ngnapfa4xpyhah8crohfgpw3v5ebg,8,7,7.88344059226882e-05
addr_fyox5oziqwybeoinvcfcoddmui8mrymcbr49unqxan,6,4,8.63564323343096e-05
addr_z5h2kan6sdtqeeo6quoyibk2ufp1pdebfz0p9q5rzk,11,4,8.949128259410187e-05
addr_e3x1krew8xi7mkhjdp5y696aq4k8xu9b8ughhkpy0l,6,6,8.232797423780501e-05
addr_ucdst0gsobpwnilxqlgxm0mi5siqlxh9u3hxi6vvdx,5,8,7.843691362890616e-05
addr_4mupawecx56g4nqvn3f40k20wflntuwbpw9cglywfn,6,9,6.86235161411253e-05
addr_4y2lr0jy32hog585i87xw69hzgopjdn8ezp7qyezg5,5,12,7.76453263273075e-05
addr_gsn3gdqtp0mxv5l4tniz5cymd54ptv3cl7ojzx4plp,6,8,7.025991050370618e-05
addr_j5yx85kyoslyhqgge00hmw8c15dpqriuedcpcdltr5,6,7,0.0001326985609259125
addr_r93sp6pxr3j72s11zngx4u253vm0kicqo80ej6nj6a,8,9,7.865907082204382e-05
addr_mpa7dzvhltmgraejpfawxd0dl7u1p8otxoushfrrcv,6,7,0.00012569124558926525
addr_8cxajr1k4h6uoc29jud0agfbfdkaxhqqdcqxvfi6xs,12,7,0.00012181066928855783
addr_0plowaqlp48wscpmea9p5wzg3kf0nhvur4xj6kc0ml,9,8,0.00016074310707751298
addr_jqlx1ogc3k2ld4p2g9qcm28qzukoywfbsx259oh9y8,2,4,1.3764830107882417e-05
addr_rbhwkubuoaymqjz4eewzi0pbd9zkao77wodo8p2brm,7,14,0.00010797533021066728
addr_ktxdqxg5sc40x4jzyvqts2cgjv90ukn500ocnm8127,11,7,0.00022016017470798154
addr_wbxp0379o25wietp6so8u5vd55pg2jadrxtvdoeuus,10,6,0.00011161851123367632
addr_f5ek4hymb08uqtomcawuxspbu9xfb5bb8x58hf7rsy,9,7,7.067033743336208e-05
addr_rnjoq35mob1s8yrgwocax7vic26w31d6k6qxsk33xr,4,4,3.6476207744817355e-05
addr_cqaczotdgxgrr1jd7pdfuz5wp9htk6wnm18dqiylsd,5,5,2.800836109001878e-05
addr_4pcywseejmv2f6rcsv79fcdtxbb7n5wrk7rz6k4mkd,6,12,0.0001300167290016116
addr_v3canio0zff7315ednqwiycyibvfyhjs1dg972hsge,4,3,5.959312837037885e-05
addr_20m0yn0c000d8ncknvvcmw0kav07uxymbnmmmigt1u,5,5,3.293607976172602e-05
addr_nyk5ew2xc0vq3kzy92ekz3dfmj6f69mfds33v5wm0v,4,9,6.450931383750225e-05
addr_eq1zq8daydw9f6y5v9jrehmiqp56a2tyznm5saxyk2,8,3,8.574482790089013e-05
addr_14xehioz3xo4ne6z9s2apcb1ytjqq5urvbihvua7v8,5,8,8.898905156878812e-05
addr_7oav0pbw2hys2a2g7leeix3pm7hlkpjg9nk4mi0ui0,5,6,6.898552999465507e-05
addr_bclof0kf1xzbc968pp21zvfliluo5ibtoqmumbtwc8,7,5,4.469620632123609e-05
addr_cxp36azfmvpldii2pcq3w03rd0l3ucvpml1qyz7ysw,5,9,0.00011901883431017264
addr_9z50vkw3q5p60v3nqtr31u3a15d7p2z56aqeb7rj0v,7,4,5.8088097301257367e-05
addr_3hnqxuvw83uot7gfpo5p1grb6ic5k2x2cryoidzizz,7,10,9.740203135149688e-05
addr_ypz4akfcq403zm33eyt1lgoshletstzzajphpyav18,6,10,0.0001344480078268513
addr_s4id2i2zsn71lvjlb7lgo3b7wlbnu55df16a4x902n,5,2,4.924709274882606e-05
addr_gufytxku9axg6oydodzrna48t7ntczl5q2327ymgrs,9,4,8.93867344427339e-05
addr_0vx57wqahzoq4f5mgtf092t2qlpx44j6jxhz5b4rae,8,13,8.007377523667404e-05
addr_uwaqha71lzqafgnh84ovsqaaqzhs7ygq3gmua4iqdl,6,8,8.486822032547884e-05
addr_uxjicwmi6w2rn3i62nzwavlb4akwf377acd65t888r,8,8,7.140277682411323e-05
addr_kreg167d6vnxnpsv8dkmu6u4pllgf309hsuwdkejp5,7,3,6.249682446686272e-05
addr_bn3wyh7m1d2yb4rpskx9nd5halra1a35ahtyzk6hyp,9,5,0.00014158349385295671
addr_om0o5fhr2303756fheu2fh1y1gx2iz5grzj8cpjifx,5,8,0.00010101914989813037
addr_cwufc427qsfo6utht784qe8lm1spsqadrp5e1cyj8w,6,4,7.454240106473373e-05
addr_avq0twny2zvci5wemkt0emekfqq01n76zqnsewsbcy,6,6,7.030421080708199e-05
addr_x7y8vh9o2vo4wyvrt3qk2j1z06n68f2ncdb3lhjdv6,12,3,0.00015768858191787786
addr_xfua1gbtlw0ywb8rkz5wyl5zxnwlwikn2zjtkxuo6x,10,10,0.0001502689384870902
addr_xorxnc0qejqofwgy1lrw68m3l5lqbs2ywak266hls1,11,7,9.634652065497149e-05
addr_p6bu7kihwhd2b8zfjv3yafr1x3wcq917klfb766zfc,6,3,4.5281417924827404e-05
addr_9meuswrgvz9aawe429omuwahk2lslaym0wbglmy62x,12,8,0.00017050103621871665
addr_bbpegxmh6fr8cytg1j05iujap3qs63jltpxfr8e5xc,11,11,0.00011551551460750102
addr_lv7tvlqktrafm0edvx4jx5tvgdqnk2rk1vaoge1uis,7,9,7.735077680696411e-05
addr_od8mt2ed5h9u8d0r0ejydbvfutjk979xpqbk2ov14m,4,5,5.4217578853038364e-05
addr_lxzcf7obdmt293ifwsq8qiohk11h4iauwkp5eley72,6,5,8.218349888110118e-05
addr_s71smsgb52zuipvacsxeh3ypcimxnrve24gqlmz1dc,12,2,0.00013479381736257502
addr_9obi48bseqpk39vggo963qnx5768lnawrcdlyrsjqi,6,5,5.1320953754122225e-05
addr_5lyrwup4lm3bs5kk5jxwuypxxe6ahqu972tj9sk9wq,6,11,7.669419347197292e-05
addr_gehnrcp0xs3gqkxmq6tefqmdeuaolopdcjxpxyu1mx,13,7,0.00020048314231139064
addr_tt8g42ns50i1bi853uiosvonifvutyepow65zlbvug,5,5,4.099116726488595e-05
addr_w933e2qt53bzbbgb2q40wedmhitcumm7pfeenctk0b,8,10,9.509294131579567e-05
addr_8twmvoaap4asltc3jneckb2gna27i9igvbs5h40xln,8,11,0.00010678951862931625
addr_cq7oslpgbqqztj0cyzvat3o279fdje1gb2b3rk11o0,8,7,8.940608295701373e-05
addr_7bziz79gt7nda2xasu5yol0pouofqstevla4tv5u4p,8,7,7.606112653164988e-05
addr_9onqyqpx17nqgfxrk1mpla10ib26pzezw5448m46h4,8,8,0.00014850562582618542
addr_u7svjjd2vof0ksp0e2nb4u2n7m45u2dp2keiu81f8z,7,8,5.903647513675118e-05
addr_3ywu2mi8serddybq4qj6bg5p2ftwyu0o0k5wnabcwo,10,7,0.0001348299555260453
addr_0xs4rfvv87d4ba639py0y4qm7757fpndp4p3i14kb9,8,4,8.993493962687392e-05
addr_9mho6t2tkxz0rw9dklwazjwpisdub7t1m3uhj7d4ng,4,6,4.5058987663756784e-05
addr_3iy2f5p00j9u75fufkxpdmjzip0p6wf5x86wb9w0gf,10,7,9.621457331300463e-05
addr_6vwu55cs8sgpjjj4d63k9o6b0htt4chi98zvpecap6,7,7,8.178077489055485e-05
addr_77se7frzier2pj7vcylrorfd81087etbt4k5e6pko9,12,6,5.844624292287042e-05
addr_p75ujjx5fc2bq3njdlovqnz7xl3yrobq4v9e66a28i,5,4,4.8083787929895456e-05
addr_5tw91uho0psb0zlztnrf5dxop63oljsmji4244klem,5,4,5.342492523180755e-05
addr_zv00dt1px1f2u4e9nem1q27zqawc7h8j4trn4vvkbo,5,9,6.266810997154313e-05
addr_v3gi6la3161t4gch5d9yny0ppo35h0qyewyzr5uwb8,8,6,0.00013363110922492898
addr_j2r2pbw96giy9bxver6y2gastsg4nyacyobnwfst5m,9,11,9.756934581674122e-05
addr_sx502upvsf5yc9luerjqenbd0v0njj63xvfiud99xr,4,5,4.630932006203612e-05
addr_aviqed87a40i8svet4gefiy0ctr62briff6wh8xn8w,7,8,6.270457012902842e-05
addr_p407k7zjgfz5wfsjr0vmsecv8q0cijcead8pr2y7df,9,7,0.00016009151385246753
addr_gn8nl4j1of25swokj2ni4zf5187ozymuzzo15u50fh,7,5,0.00011666256796278546
addr_id7ug5qigf62md7jitkhbblbqk2pddhuc8893zrsrd,3,6,3.6146227905518645e-05
addr_0tcujm4p45vxxj9cfrs3wpl9t30v4pzordrkibh20a,6,11,8.768812413617369e-05
addr_lil37b4kdamux9wifdikgbvxzmlgjccb3kmae2zafb,9,10,8.587788416616082e-05
addr_fd9cyos889cqctjm2r2udisa3hg0xp9mnx1v9zp67i,5,5,4.432265352862707e-05
addr_jqpo0z74jatu868h394oerg6np2ltfc8tj8qons5wu,7,4,5.4559213197377996e-05
addr_kpqacbln24zy9gb5oq80rna7xnzfr39mek35wz02nq,7,4,0.00018170526682385633
addr_qej6fdz0eh4uj70gyvdpt6pkscu6mxscuhwa9hieop,11,3,0.00020272276710029704
addr_vpxhq0czcgh06vasiexven0isma5syk5fyfyfdolal,5,8,5.749047232525617e-05
addr_dhb3pv5ru81ufzg5cj1tuxcsl7jba1se0i7k26esng,5,5,5.7173761794496885e-05
addr_l5nkdi2qg6tuq54x1i5482q78e5sfe0x7h2cpcc3zk,4,2,6.202376868321522e-05
addr_4hc96qefs4y2x3lg2ydxiv973xo4j604kmuf25xywm,6,7,7.637319748237612e-05
addr_rgktbbdpr8mc3nhd767yd1tzuqgc49988dx8zxjfux,8,7,7.615343363008788e-05
addr_tk61b7pxjbc8vdrqntjvu2cgxu5wahzg85s9asj21g,6,7,4.8304102299084504e-05
addr_1p4ntqks7dqo03bgevl76b7ayz00q2p8vf3xtkalts,4,4,5.459777400060869e-05
addr_ci60m1fhssf0fdxylbyn2rgji9p4go7v42faks2v6f,8,7,9.360042096809393e-05
addr_snll3drd35wv8dpi3uz0gvm1fknr9v2nytnu7o2v64,12,6,0.00015681635002193732
addr_dlse9mpztjg16e28oczw1fxy1el3tihv2dq8zu7ujg,4,4,3.2000612901761744e-05
addr_zbqdhvqlfshzg1gm5c5yjdk5kts85kts5fcb77t9iy,10,1,0.00019341821208220564
addr_dvx9x0207o0yqy8rtkpzkhf8pus5oqeefm605dswg7,4,11,2.3877633747896892e-05
addr_a2nktt7mux7dp4tvc0uytw7ega0azyh83h9mqnvmjb,7,3,5.065233830190747e-05
addr_8rjid2b2njppxi4vik80l3s4sbl97y6g1174r4bbig,6,9,6.335954235863917e-05
addr_6vcrypwh8nqq70wjed8g4s3q80ur7sx4z7un9xgnoo,8,10,0.00010152035643652978
addr_sutqi05pff2hx9c4a0k9nuvyk0gu7g8zb2e4hzvgc6,5,5,6.806297448870859e-05
addr_3u4hnbk4t54sat2nfld3k36v3e8rtug3d1b8z8h7jt,6,9,5.559098830898087e-05
addr_llo9cw6u02wumqftpi81hwbqodz3yme981cy8de1br,9,10,0.000125875528564036
addr_pcb1yjr8jfvfned3gzu29ccs9ifg05pv6u9to0ogrg,9,5,0.00010854321565000743
addr_heh0tu675hfeyjfu178hbjojhuy018dfxov4m1j2q1,3,7,5.539531365015482e-05
addr_ckacsd2t30p8z5era0rx47lsztn4446z0b3m19qt3h,5,6,3.972573500684208e-05
addr_yhquto3k0kjmw7dripeti37i0nryog1giob1g9ez8l,4,7,3.372511433690476e-05
addr_i8rv0c12vrswlui1702c6cfll8vlgox8zr5ycyaeu6,4,6,4.239280335087425e-05
addr_2exekrpo89a0lno58e151zsm87j9ctlryfmzf1ty55,13,9,0.00010958718237898064
addr_ars6v4j1k4rqicl9kwtozb8smw74cfr4bu3e5e45bz,7,6,6.907041939711837e-05
addr_nkzzyz7sy6bakqk17f28ssepbva3ee4lhndncdy20q,5,7,4.320280113081346e-05
addr_6udojy6g107g8o8g8hzmvyd47dznaxs88ualry3igw,5,4,6.206294858393482e-05
addr_um4y4de8eedfiv4p1i729ko7c22g85y27jywqqt630,5,4,5.8959979881514006e-05
addr_gtovb116b9sdsrihr2a5rzg6934rkkv23et3vrv2rh,6,3,9.697875770049883e-05
addr_xz7uhwo0mcb9b1znyu5l90v99wctenrad58j88t2wc,6,6,8.274040658000256e-05
addr_2t0ugwwil6ns52v4fb4bmhmgjkbq3ebehq9l8ktgxt,7,5,6.353355159113555e-05
addr_9x9cqje1x9g4oewzwda171qlqnm6xv9apgi32o4h1i,3,6,4.479619098589661e-05
addr_cxmenuqc4x1g12idberjctoshmhj7utnibzesmugqe,7,4,6.396577716310092e-05
addr_q847c24yw84bj0npl7syr3oewfkf5tdmh1jtt3e1vp,7,7,0.00015124819854345293
addr_x1is9f7fzhieezvqnot49j1phbl07rorhegzqxhlf2,8,7,0.00016205367407775455
addr_vcggn45qk5tc1jf2asg1bsyj5kb76y51vww8amzzsr,9,10,9.642568809231979e-05
addr_ey4mlaztyg10xntkulyv7fjiq0bqnv165kx9k4r9c9,7,5,0.00016104467348918272
addr_xpma5claba0of2aqfg0e09awweqjxrzinj46v3ujau,5,7,5.0306376526606026e-05
addr_dcrgxvm25v1dielxgxx3b6ehaigbtemtddemtcoody,4,8,2.8502505356571896e-05
addr_6i9rk98jvvhfzkv5aa7uaktbw6pqzsgtzflww582e0,5,3,4.326030620207581e-05
addr_rb7w6wdw7rsa3o7gmfgv5piyqbmpk70rqo3cdrif3z,4,6,3.207206281704661e-05
addr_la3se3fai9h3mwhk3ulb4h9g45fzgb6h9k5t7mi80q,7,7,9.019337564339156e-05
addr_zjo8ft2vrsgcvlcw789cdev1bzhqi0hlrbplo1zkv7,2,7,4.417967425859321e-05
addr_icd0lsf6dzt2d8yyjcvohaj3yvsilb59wwiiv54d0m,4,7,0.0001847482160977494
addr_6nyycj4q0rr1l9gvbmqq749q6qf1pafl9woa2xgvgd,9,4,0.0001495939989494491
addr_mcc8jda70si46ka0hmwz70g5w5fieedtqs4abizn2n,10,7,8.227742450595866e-05
addr_2kre4v9kypofkjw6nyqaelyyzz0jdcli6978v0bjwk,4,11,3.3149751535180676e-05
addr_mkesn5pg3gnv5opac7ju90hxx5kwiy71wkc7djt2c3,5,8,6.868543472177978e-05
addr_xnauc2iy3zegnqkcsoyenklxc25dgwbrv52atsb0zx,7,4,0.00013427159920759117
addr_vrf7zicrlbu68viwpwq6hkpoqm1o7w3jusoefm7aji,9,10,8.49592951623279e-05
addr_1ct8k9hr21ijh6x3vkb8ufr30heghw49aiw4nt0egr,7,5,7.550637663414749e-05
addr_yzeedv63vht5lyzb45esb5vyyejh1qorjlo3v0olp8,9,6,0.00012572131049631862
addr_nwpaa2xo6fc5gie6jccsyh8chaz7b1mro6oithgj0g,4,10,0.00010213985823394633
addr_cgu3i2sk9zyereprdlx9h4avykr6j6ag281vfubo3v,3,7,3.045070404154702e-05
addr_5epaj1ettl0g4k7v3jwv1yl89c8z8hayw5biz5q2jq,5,7,6.53884575269453e-05
addr_c660fjstzlu6sltvsjq8ia3s4fknqo44hdlo4vehue,9,6,0.00018154942147597408
addr_wspf198fpqjrxbguooy847ud1k2ckdf0l6cb480wjo,8,4,0.00012903393456906018
addr_u4wa2gbzuo7mtcoyj61ajsjj583bygruzu5e3vmk0p,7,7,7.111145626777927e-05
addr_rsb5081n5276q4jmrdi8s9icx7ix9ddcbgh70racpr,6,10,7.409029466158333e-05
addr_umxn12t5vompg8ohlznxpwcy3hs11pmcxfzam709uv,9,10,0.00010325571545013204
addr_9yv7aczcb5k3qwd4bmhvy4t4x5ao52hndvqkxv9dx1,9,13,0.00016581100412598398
addr_x8yboruqarm8iqfd4jrqhqmibzuwdkwaacy50iq33b,7,11,3.9981810949378805e-05
addr_iwxmvyekp4l9mbsnuq96gv8t1150g9sblvtxk1uo54,7,7,9.86139711067598e-05
addr_3kaw4v4kwz6tzr7yd9tlyzhcr9uom9hoawv5zildqp,5,6,4.257428693069433e-05
addr_c6ke6lttk1kautb0fya6zxyaeazrz2uisq7iudi50f,8,7,8.234574398265893e-05
addr_bhsui93ra9cszlbte89ihrf8cx80j3c7lj4fjwj9jd,8,4,6.448834497720251e-05
addr_jdtvv2y4xkss0kb68rervt997e4uny181acjbc2sws,6,16,7.57030604283635e-05
addr_a08aw84xpliyzmtl7zfvl4uhkxit7z7oldnnj1umab,11,9,9.923165469378395e-05
addr_7lu3743ugt5bwq58ydqyp49k57xiud8n1tgl00fuxy,12,7,0.00019894753565867328
addr_ya3sndrwe3j9s7dtvhqyvqo8ncs0xzcoxyo40j7h4w,6,12,9.387108893318038e-05
addr_ielxqfmv6uxj7nzxv31s1ztsrv2773k4g1nrcoamjq,5,9,4.68223880985267e-05
addr_3n9p5j6vhlkdiuh53qxso29t8l9iunc24twy3u7uhk,7,5,6.913108743183884e-05
addr_qbuvlmtze1z4kc022db8ik1e8l17fbwpqy956ze90c,7,9,9.812520841835784e-05
addr_wb0vajf74pyixogwsetyf95azdfd0grvsnuowcd75t,11,6,0.00016245821332043506
addr_yqouol6o1m6m7y5hiz4od12hgd6as7kpbl3p8y0t15,11,10,6.967451745820408e-05
addr_2svhotqf74rqvfx2zvl9e9zr3rzn9l3h03zb5gro9x,4,12,4.581682326546075e-05
addr_pxbqnt4mylofv6cd9t1g3fh6ivdv5syrql8ux5iuy9,11,6,0.0001130929295758738
addr_63a6eixzt336p4vyd5jl4nmhjmz5wit40abg1743jh,4,4,5.816885224001966e-05
addr_ly3284sflwueqdtgy6mdkbh9urcf84ueztxaybjn3p,12,5,0.00021210020375516135
addr_eirfu92ggeqoek60kfjpe4lgme8xeu19v6gol5tj6w,6,7,5.315178719627672e-05
addr_defw7l85cigk2siirl8elvl7jkchbb2by5hs0txfaq,11,9,0.00010755221230328154
addr_nf20cp4aaizd1309fv6ravt1ykrzf90n3lsz0aeq58,3,6,5.250929567504689e-05
addr_k2vb0ziyv00n5lgmeq0y61vz1jy8ns30efvv6y5p73,9,3,6.211285958987628e-05
addr_izewbos8im3oln5w71z7nx72oaajpwa0d7duwaw20g,6,5,5.8860506757667434e-05
addr_0hpezg2uogtn23elxnz2l7mt3ribopq8gorgm4pr0t,6,9,7.242591732229767e-05
addr_b2esfsliwxodr5l4u5w2ez0ooss9l015nw5ftz1ght,5,9,6.0866551241932597e-05
addr_qxlllb3z8qomqjx0y967zf8uw4q1luvv2t6mwj7euu,11,11,0.0001110015829903967
addr_oc9j65vouqw4c527dm2d1uvi5z2l1oprxxq99s03dr,9,6,9.852222091862029e-05
addr_xw96tdtro2l47xho0w3cp4zlp495geco8ysm60alq1,7,4,8.145413245939646e-05
addr_lau6ndgj9wontotklyo10fgqi10cj1i4ehxgyp3zqu,7,4,0.0001258180566540963
addr_erjozkss7qm41v09ikkt40f99pw3voyljjmsxfloim,10,8,0.00012013645183854598
addr_adc13vu0bi7n7pa3u5ikzn44ujne9lrftlzlkkvs9v,4,7,3.8595754051970846e-05
addr_pgejobnrhg8m9bmzytskhilnnfzych7d40k2r4yk90,3,4,4.382585048898514e-05
addr_v9nxbv30bmzw7539mh4qx495ajgatxpxzqu3o193x2,7,9,0.00010362032962847842
addr_4elli29o2nxau2y2j3yydhrwx4j2obt9l5wgsvm4o2,6,9,8.27420269615262e-05
addr_v6nnorprvtfzbq31m56kuujzy6thag8max1yf2b5oh,7,6,6.60304257911394e-05
addr_49wstsl9gpqy3xn69pfeeua6cgflg7js0gvxq4b2re,5,9,6.473738736818015e-05
addr_qtf7t5rixq8bup7hempegt6588xmi7fb46c7evlluc,8,8,7.117270375004206e-05
addr_tzm95nje14irz2u89fsr8veajbwokmmvsl15v4ojwx,3,6,2.9824667801024742e-05
addr_bygp47qg6j6f67y7kqcpw82nzkop8njdfnh6sl8e18,7,11,0.00020806550354333058
addr_4tapzjezsns9ub563ss4mfjzrhdhub19kwwsgcskc2,5,7,4.5474759802092274e-05
addr_t4mrokslpkwouvyibs6jl9d5ph7r4nhj3aco97myp3,5,5,4.0795471588325944e-05
addr_w654x3lbf2e27h7ycgzdtcwhegdla0ye42f7czbcq3,9,11,0.00011163986982046052
addr_qi3b8dzh1amdeq1hdh12ltznq3ae42uzrkvnhrst1j,6,3,5.653238167561297e-05
addr_1ddm6tfns6uv3fytem2f4onb8vz8kkd2d96ik7ziem,4,5,4.5171294644646265e-05
addr_76j4j48hwxv4a4xhya8xdqhlq62zg12b4l9lwaddx8,10,3,8.395900444800693e-05
addr_s472wrpdgultnw37o5vn4phgbocjiqk0hfs8ah0su3,9,7,8.640276225213723e-05
addr_lypjxrxui161xhe8lfe6mqdu3uzkw514j6gh3lefk0,2,8,4.864703491736265e-05
addr_ln611w8qcn5s5jsx6n1qonjjw8qugpzzjtz576kp8j,6,10,7.984973059213814e-05
addr_0lgo7g9jbk5aad886iif8pmwaz7ee9alkmsitncue1,4,5,4.2166363445829844e-05
addr_ljupu4w7uayxjelnwos9euqqir9kvieecjboras1x7,6,5,6.247757604162693e-05
addr_ufjh9gxaqpkzw5wpogztjvwxub4ds1eo5j1hi5lvgr,6,7,9.077211428786989e-05
addr_zyt07axln2o52n5zs5xw160ht4yybqulauhaq5y4f0,8,3,9.999607138769126e-05
addr_kduwtn5pepl7zqppoau8p1wkisetuk1ooa35qbb3xm,5,13,5.354717745544051e-05
addr_7d2ra3fm1ci70h44d1k7rfjho1ot4sxej4en07epp5,6,8,6.871928150002939e-05
addr_sq697f88lrbj5guwqpmoo0nwq4d0kuho3vfhg0lyb6,8,11,5.91018572313701e-05
addr_4rae624sgr33m467rwk2mmtc0obt5at9hnunhlkq4w,9,6,0.00012405791238594065
addr_ik4o9sspb6zn35876ybejtk9fylzk637c46ycl872z,4,7,4.268117142117905e-05
addr_1kvldhp3a0mq4xo06r9dd6eaf0ezt9lnbohuxs928q,13,4,0.00029449665396723247
addr_dldz2z5iv71vyy44k64ufhrceg3jebgfftdcxee7tf,5,2,9.682337555920933e-05
addr_bzs119olhd6zezll9wsy2lvh0wqfxz321s872lgshi,11,4,0.00015594021536071142
addr_gt6whd7xcahf0tv39i2hm14gw2pcosjkhl6dd7ak9r,6,13,9.484536105392214e-05
addr_akbkxlzzy7pesedallrf347et6zu49ea5p31ggk3ir,7,4,6.224301453878063e-05
addr_s1kg49kp9rphm6e933qfztobmuuprxlh70m9ya8yfo,1,6,1.8744623752071128e-05
addr_xihofpqbh0ryh5zxnub8z0ls9ohcwrlj4d8j5cxcpl,4,9,5.3217185034638675e-05
addr_wnjjxwcd9e5jmgl8kwwwjidqx0p37lhpoqt8q0zzrs,9,5,0.00014906732238934942
addr_7731g1vu50z7dau76pt9ody2y3c3o5431c4rxd9mgr,5,5,6.482379037019734e-05
addr_58pguxfrlfxof56g2pb0oq7xq57lklpakiydfjyi2y,7,6,0.0001289714727929092
addr_loa8o34lpqk5fp7ah2csanhapywdrdpmpcejcilpjz,7,5,0.00010807260281111879
addr_neyp4c70ddazwjlo1yx8ltr5rmdysqhl7l04e39pha,2,5,5.4620670163694296e-05
addr_jcwnaipfioi8nqewdm8x9pyo1y335mi2n1i2pzovbh,9,6,9.229887505633467e-05
addr_yueytij536ymnco13ejbd8fccmr1mpy8gju7zjfoa9,5,9,4.145212638591552e-05
addr_jmwuocs224eqkq7mou3dn1tjl2fx35lg49ffqokvc4,7,6,8.102311920833348e-05
addr_mv76b5lmivu9gbg1qjy3cq29m5d8u130tf51fpkpb1,7,6,9.734644820275884e-05
addr_rin6kj308s8jmfqwszmzn3n2iy6xyn2fv6sadnhgin,6,6,0.0001104294849285654
addr_iey5h5u69npuduea4pnd8289bbizceatk172rx8z7l,10,6,0.00010419913466814534
addr_beiky1vmpbwm014a6ekq5ax7i5d12g5a42xhhh4ye5,5,4,8.845061654179004e-05
addr_6iogbif3lrcxxewmdbkn7bam5x86x54hy3fi07hr4i,9,11,0.00011310703307558452
addr_myx8jvt90e6zet0k9nvqbq8ztkokyushalcefs911r,5,6,9.034661597018033e-05
addr_0fe2c6opqa0ubcpx9e52859ych1kbkda0hrhltzyl6,12,6,0.00028364123811752483
addr_i8mss9qc8j3w0mzp9jleoorr6qnn8c6llkzpk1uokl,11,9,0.00012361242483050302
addr_573sdapemmbak5vhopmvnjudbmplxplcgn14nlxg5a,4,3,3.5590506595837555e-05
addr_thb4odbwwh1e605jh0l7v54iz83wq0zk9ac7dqx3t6,9,5,9.526468589005051e-05
addr_w2v9wumurgcc28hfa78g7kytd1ktiggx2s76pna9k9,6,4,4.329159836422062e-05
addr_8h5rsps5k29kigk0aymia53ybgvy4thb42d7e6m0ny,14,5,0.00019932821068979352
addr_l0ujrnjn6b8xy5ludwr77fhusza9nhnlas9xfbz7sx,10,6,9.47169815710969e-05
addr_gt54r6z2rbkzcfdkbegt1rxnp3g7re4eqt2dm5bf4r,7,5,0.00011696080859199023
addr_cbl71gkcsq3i8zrir48pzm3td35fb431sl6wsw3pjs,6,7,0.00010898443091339015
addr_pn0tytw1lk84kqly2gjyq7ey3tpegpdfdm713pvvqz,6,6,5.3454661151614705e-05
addr_kxx1kn6dkajgfx9e9lk4v0yvou90qvtojcmalqziqd,4,5,3.7091670466513134e-05
addr_ctf8d00t9hnkjiiyuxtmftl49bvir5zc8o3p70s45a,7,7,7.976743672625502e-05
addr_ki44bdgg7pvr2awvq9uq6v2cn7784fim6tokj5dc1d,6,3,8.352006987465932e-05
addr_o65zg9g2th47sgmahkecoxu6euoaad9wwj0g8h2kb6,8,7,9.179347582056866e-05
addr_6qcoq8dz7cucrzxnfjibg3bi02n59lwuceevtbbrus,12,3,0.0001575804563293142
addr_l9tm7xenfatk10srqx8vlonhm5bvizqhq8bkh8zub0,10,3,8.900933426565175e-05
addr_a8mbqwc83o3nymzt0cn7wfzginjxxlzl8zy8b3jso8,3,8,4.685034357430749e-05
addr_vxqb7py1k9j57bqg8stvfhy7r5kl1tld753w0kitkz,4,2,4.348096450066572e-05
addr_yuxxspevwceti7j8twtikptd27knr3ne45v9zhbfbv,2,7,2.948055337734166e-05
addr_v02nqz8xsssl7ylwdnm48ywvq7tspq6usqu3l3mhta,7,10,7.728021015424048e-05
addr_zuzjeeag1sllnq5pttndegpc8pkv3dtetc431466cf,6,4,7.633870950006617e-05
addr_hz3zsg9vwieb97pwdbolwimrsxkjkmplbbb0hq6dg8,4,10,3.919344716681044e-05
addr_7f4jfetzyb8sie8kl1qhl7wh6fldiqskzh0szohx2h,5,9,6.683906413861223e-05
addr_3wppbmqiyfrwskp6rfe64skbcbdpdxujjcsexggoc5,8,19,5.429970041142163e-05
addr_23m3ju9gcevh8u28ea685s5ux9315l4zochtwmo7rv,3,8,2.79353663816453e-05
addr_ukr054x7q6eh7p2ks3tctn101ya85hqdxd3ozjvp8b,5,12,6.595773185490503e-05
addr_15ch9uze3sydukzuedt5iw1x0ct40jrhvnvwqjjczw,3,10,3.6108714244808744e-05
addr_pgdx3sdl168w5kksixm2n02lwdvmyd06yzz9q2e1pb,11,4,8.073574947968957e-05
addr_ui01mumkmopq2giwq3wl4dlc6gb208o6k9xiw3vr33,7,2,8.539098992222821e-05
addr_olck43sd75oj4ms7khci1fd0wwcqclmn5785iurjpg,5,4,4.768203824610437e-05
addr_raybxfzyxoffgech2k3xaoa8nquy2b0rr6edbzn90q,7,5,9.777532351120164e-05
addr_7l832lf6kkc9381ff9vbkfac1kyww05eibd7qhcggu,8,5,6.803748312069816e-05
addr_obx9xk2j2r24g4zrrp52i7zc7bkski19ur8nzjee1b,7,10,0.00010355402496712757
addr_qrhk7qa3pvq4w5t3a8if2dr7tj3kxi540w78snrvbg,10,8,8.145984066769082e-05
addr_jqhqh1d54m5330on6rwuxqg8bbcixtl8qgaxshfnu2,4,5,3.798972490065558e-05
addr_o5cje9ep2wjcfpj8hk2r5zfjyi7o8ihia03f16ykge,6,5,7.167344397311095e-05
addr_a79z4xi82375und0juvtwmayd0joos9ujhqkef2g7g,8,12,0.0001356804715893074
addr_5xtli682bftvcqititscyvdnv5g7w0wy3gv6fyu3ge,11,5,8.332424600690535e-05
addr_cuz3womtfuizae6yw69ovl4yows8fnguv1ztwgbrt5,7,7,9.14096592606035e-05
addr_q1jd9ym57kxx7vhf6kk61li4ockgpstoucsdfuxpil,6,5,0.00012390994874113446
addr_68bmb0y0p0y6zsmdpzss8xesbr31j5pfvspzgoajst,6,9,9.601103103828967e-05
addr_ud5uooahgdge1hqr20wt2f7w90v86gw2sgp4oyl7i5,6,6,5.9466878934863364e-05
addr_fjfw2dzzxlukxoaqkte0vg7rb7avhlnhopwq3vef01,7,8,4.1961783329726896e-05
addr_sfs8oywchowv4p77getmvuh0lwmx00p507a9pr0a3k,4,6,5.3701404399270845e-05
addr_hjrbgnmd3m2nz2eewdimziutzdkf1eojsii63ax2xu,10,6,6.845218207755606e-05
addr_nxxp85lrmwdhmsmrstkyz7zmn156bljq4m4jr5r92a,7,2,6.593326596381409e-05
addr_oosd4b72fytoy1vnnurwg9xncudh5bzud3azy2tayn,8,8,0.00012432863072257757
addr_yge3vjad3i2xfmw55uqrfkxz8lc007pud6w0h67wpr,7,9,0.00010762932295196969
addr_mbzyd3ns8ofijz540w2t83jylc5swjjzxtmbv88h4l,6,11,0.00014378618196619165
addr_ce7ac08e17hdmfxcy9pbrz1iaid6mhbmls3a8v8osk,5,8,7.997725204945673e-05
addr_6elcanrtlq74fcm56j61um04acc7y1wngxam7bpqjm,5,8,4.959880012967899e-05
addr_vukctnpgbdrn3evloayi3dd0hfurnw5sdghe4kb06x,5,7,7.2370751334993e-05
addr_6g3vby97k2la1arz0qiqigxssn7ktiexza3khbnanp,4,6,2.7767328868660413e-05
addr_37izpwem42av8kknez6yoduk2ffgfwrnj162z4rp6h,9,7,9.620227016550576e-05
addr_iwskd2lo3n7ccvcf1j4p8i7jtr29tei54k9dhllp99,9,7,0.00010061294115748572
addr_n4clvo5ys4p3fx576lreaqhqmycgy5cqctm5q3tj2i,5,8,7.782522717088517e-05
addr_ygg68q5599bq4lt830chso9y5ojdpcugmogejurz0e,7,7,7.986119220161588e-05
addr_vnppufu73uhr5y5kfsnrrlt2bi305re29u3om8lhpw,5,7,3.7718476401496e-05
addr_i4xitw3uk9p9v2c0w90p5mpirjpywr32mkv2u3hu2u,6,5,5.586990122113455e-05
addr_9cavshhg9666an3j3yhm8ya36pt3ok95ybc2pq5ues,1,7,4.868231394203362e-05
addr_94t7kom11le8rpxlbat3wx0tujn7glxwng0v658w30,9,7,8.07635418960713e-05
addr_6znvog9z6qnuoj1qp5qoypv69el7kuft9c4u61dits,9,2,9.701444529218057e-05
addr_gwjpem88i829zve3zc5kfp5cngf2zoe8yp7u5q4lzj,2,6,2.4626282355574893e-05
addr_7yt2m6twd1xmxb9yo18pajssuuqo1vsmado8e7flqh,11,9,9.46394380426986e-05
addr_zbmp4jdud6le9cb61g9f7wo948wegt5jztfbqonvw8,9,10,5.254438057557369e-05
addr_6xdogtv60hx0s9zfceiu9b37ajxz9jui23vlnxc59g,9,9,7.765681372502164e-05
addr_ixsj0k7edr9tbuyxmmo5lirxknpx0zbrif2p813kla,2,9,3.130072867094477e-05
addr_7bbhj31qh0vsqaq2n5yukcb6v6d1sgubjv9nfx99se,5,2,4.878815771315279e-05
addr_ur350iprl78ogq6adacs7r77s2bbsscekqmj7z8ypf,5,10,0.00012796744374175053
addr_dqf5i0vbbyzqmv31m6cxn0kbixhb16ax6v41tz6r1d,8,11,0.00014155507781980664
addr_l3rfjl9vt3x8ve00h2k2p3ajfax1cq6fwtv1djjzqf,7,2,6.405078702035698e-05
addr_ztvb6fo54fdulf19y7bgogz6f8kd3mh9ry4ocqtpds,3,7,4.826100865327734e-05
addr_4iffeqmoiw9pnm9def3h9eawc6rw3lo1080iagi8oc,10,9,0.00013549177248679475
addr_hdlqh1cv2xb402nmsikji92xpi865eo9w6ya8jb90c,6,5,9.056664847104184e-05
addr_4enoojoncnaet1jou8gzx27909oss4swphfzunb22z,7,7,9.530860012361366e-05
addr_76nigr2gxm02zpmzrbegleci1fhqelmaj2s1w1aixq,8,6,6.793992667038222e-05
addr_en4oi2pqhgn1o4for67wxgc3l3zoy2jstj2is828ny,8,6,9.178328128856086e-05
addr_4jnrtqau5e6loca9l95sfihczroeyh9biqfio07ki6,7,12,6.294227214793325e-05
addr_xr77gzofpnx8p7neyhkn77q2g6gvl3arq8hcn7f0pc,8,11,5.0758455143298183e-05
addr_9sdjvcggxh500jv6d9f024w4e3jlej25729dtfw606,8,9,8.97146501827964e-05
addr_atcqewdw29phbchuat45j69tb386tgo2t7q0ecdc9y,10,8,9.981519328446168e-05
addr_0mvdvtlcsfhvkbiws079ufcrsrbtr5wbwpl3wjydvx,10,2,9.840246376338944e-05
addr_q7gbgpt5vapx2wzyo73i1jtco1w06nzg5j44xc9xcl,9,6,9.212474724604103e-05
addr_f15jdo357ny16oahnmoqdp3qoi5g6x7ikp7slmgs9v,5,11,5.6489230236306095e-05
addr_l1yedz3g9r304abiscw1pz117ib22zu6sjjfzp0t57,9,4,0.00010144573657650158
addr_wswnn54u540o4g0qklf7th086vd8l1aqki2s1eln3d,6,7,5.835867633915854e-05
addr_vnqfstysy6gpe34jl7975vnfwyrl6637810oes2qkb,8,8,7.974924968430102e-05
addr_vua4dvb26scf0t9jdclpevajovm820gencw2nbcemm,10,5,9.798127958592896e-05
addr_1wbc45elx7vl8ytmfi33g86tcqmbysym9vsx6q3bv4,6,8,5.048790742106815e-05
addr_x8k5vbzweomhbqzotlz6bq28hkeprcpp5ec34pt13z,11,3,9.14784000963834e-05
addr_6sbw3jgxlue9ar8d3utxtehtwnz08vli62nocht31m,7,11,8.789187173827258e-05
addr_prrr0kkr6q2ml52bm73bf5dy90kjprpj6z4wmnaegp,14,10,0.0002058920602431539
addr_9el8hl88kzruin3oeuvtyt8qzpky32orwixz2c9ros,9,15,0.00010580631473300733
addr_2s4qc2tir3yye5c3gcs0dmfb8j160q4dndjiqsy8pn,6,3,6.260246478970115e-05
addr_bqzh2iiau7wmg4p3k1tsbdpxc82slzisbg5cmb9gc9,5,10,5.891200961489566e-05
addr_t8o2n8ymitrnn2iq7kid3umu72078qjs56zeg1dgl1,6,5,7.835160589164179e-05
addr_p1d65eelfsnd69a7u4bzofou5wqv8wor273tsoctq9,7,8,0.00010448018496894908
addr_t1tthcqgceighy4r9k4pqkss4nbayxu5nsm7ecdxos,3,5,3.330794033858708e-05
addr_5szixtzgv3881kvbwqx76djr7o6kxnwbufsz2mtqsm,3,5,2.0197045474725415e-05
addr_gei0p9hacwvrsjog3zhuhy0i56sbrsv14s7r912l47,5,5,5.700028042530637e-05
addr_wz6m2ne6srmjj5vunmqk86yjt0dk8rgfgeehbmq25g,8,7,9.139169455209808e-05
addr_aust0gjk2xw1288kqe1kga5s64irvwex4f269k7lz6,7,9,9.268337599084299e-05
addr_22r1t65cwsit6yk92tdpogra8yck6t1b7b1r65d37k,1,7,1.4826392523831889e-05
addr_gszmr9qmejvz66o3bf6mjwoz0t1jy0l9mjxmtcpvr5,3,6,3.666189766574997e-05
addr_3ck0thzo6esavhgva9dxslml7l5qizzqxyu9c5b1qm,12,5,0.00023565210585703675
addr_ey9ywius6e2i2beaybpgh2536g70j61gpw2gziqvbp,2,7,4.0978449180645356e-05
addr_mi76mp432h2t6zphit6wde8h26upq4apzm2vl22a27,4,4,4.216596073842402e-05
addr_320xhfdoymw7rr2v7nfrsmy2nuum3zgrgb0esbkgnk,6,10,6.860291206906913e-05
addr_fxn1xsmizabvuvbljsmw01qzmwfss29woai6nwdz4r,5,9,7.563479405579601e-05
addr_rn3dcelrumt1b517hsigeinsuhpggawjxod3o7wy14,6,9,5.491583455719518e-05
addr_pqt2qi4sc3oys5fou0legzjru45qmt1sh2lppl88q4,9,5,8.337877994482277e-05
addr_1p6nancorwh8dqu8dzzm79yk4qjlbwx9uu2roemotb,4,9,5.24550764747253e-05
addr_8ph9t8w5ser6jn3ebfsrfer6693pvedl8z0env9b6e,9,4,5.652193866572503e-05
addr_1egipt0etm3tfrlnj5jn1f688y9obmcfivaj2z0osq,8,9,0.00010243942216361526
addr_ozlel8pl6uza28or9f5iv86zp1wz2nar3shlx0st69,9,6,0.00016090588193859302
addr_ycxkp0w17col4j27vpez0at3z4mg0u8q7a4vz7c9fj,5,5,8.602967239391405e-05
addr_ggb8qq34s4khvprsi52zrzhs2qwzzt96115vf92ei1,5,4,4.1879438094803764e-05
addr_eaw20hw8zrudlsor6i97c2hv2kiefa3jeham9fido3,5,10,7.880018622369181e-05
addr_b1n7weadw2mu5zcq0cvl0186ht255evzr6t3wgnn2a,7,7,0.00012470878990649618
addr_hcjotmbtbgjkwp98lx3pcns87z8o5xjn2748i7myev,7,10,0.00011879947939433967
addr_q7xlwc6airgge7lb1djamdxahoo3y02u3nqdzs3vwc,6,7,5.8403124619958446e-05
addr_m0tqakzeo74i60n0gpy2gwjshkialknxn52go7fyln,8,6,8.348433987788648e-05
addr_v6j5g2q144o5jkwheoi59g14x489wkps7d04i2jtwx,4,5,5.472759493091009e-05
addr_p2f54idgh3navyj9bzqqjld7a09ae7011gpl8yiml4,11,7,0.00010339343411401475
addr_ovnbu8jk9w0gcv5tbbvfxr0f05pgcdxd1p4yb5y7kk,7,6,8.363101642125688e-05
addr_919adh0dhmpomdqnfk0xzzwoaa03ogkgzczgm0xxbo,10,6,0.0001243093541318439
addr_wydkpsko8tit7x5yc7kly95ynfje1uje307n17lg3u,10,4,0.00017496257346165056
addr_os296xyv6ds8xtg56qxm9hd4d4279yh99ewoe8ff9k,3,9,5.8982541802204635e-05
addr_eoj9uv0kj2mwb9q93828ceo71wprrplca0mgezy1pu,4,5,5.667818312239887e-05
addr_92t2krynlaf0ph6eeg9njepli20ak6n0xikuxpg3jp,8,5,0.00012977206489152244
addr_8wvz5ummqmjwc0861kwtezp6xl01bo0w7lg50kqmug,4,6,4.51069533060471e-05
addr_p4e2skqde5tgzsy9fnnn3g1v1pxnqe7x4zs3dla0u6,11,3,0.00012403219546477403
addr_kymdnar06t54b5nbwwm8o47uhc16wpv2qfv4td57ez,12,6,0.00011315090935834683
addr_epjyxyn7m2x2wjngcl0yduukxvpsexjqev0xph28j5,8,3,7.959963971601898e-05
addr_xovftxdj0lq3lgkr85aet8rn2tzl5ijd2h7a02oadh,11,6,6.269140451615194e-05
addr_xprwvoj8vkv143jxetbqqrtumv365dka1vg33pt38j,5,5,7.865827061181599e-05
addr_uwzu9l1xn9kdrlscm2vbmu5p8w8vkoa6u84zfejqfu,8,8,6.321931229125055e-05
addr_aja04t7oswna9jhbo8lttfi8fkzf5q2xmodlwcjhn6,5,10,7.113168314548732e-05
addr_9iwo4btwr8ei697hc2iqeuumxnqowyyvba32j98ywb,5,3,5.8023105474532425e-05
addr_gbxt6aqa58kllhbpb257ay3u7uoerludd686ofj5pa,9,7,9.703764534367071e-05
addr_x73a4rh7gn938ky4yuowziut00aa79z67yykl4rfqc,3,5,4.168144334913322e-05
addr_4wg5w28uygete7696vgcpww4e2f15j2b3ub2rc0h41,5,7,9.854363886927565e-05
addr_ymbfasvefq1tdsnzmziremrxtp1wzw27rxsfws02nu,12,9,0.00016722954487846
addr_uyucecjuis2gy9ytjuq7x7b7p9jyqn15ikpqahcua0,4,17,4.558580864291833e-05
addr_w1ye8una9wk4mk3fnxtiwfklzwqx9vsnh0e9h2bvwv,10,8,9.774297553965246e-05
addr_3gwtik7stnjq325k5o0ue7zge2vogtsy67s8wzo4v9,6,9,3.729540461512095e-05
addr_79xzqmwj3gr5rsgvup4e6wkcjra06i6eoxtd9tni79,11,12,0.0001271991137148846
addr_6lsi7ldzb5iu1ifvrzg3v5u5j94x1zjprhljmalpaq,7,6,0.0001050073288427904
addr_3z66ummvzu6fu47ai3rp9ehhc3gainq86nd06tvn6j,9,7,7.648853382561224e-05
addr_si4wobx7hlri0tt5iqnhvywu7l66i6ggjwi94lausk,5,3,7.137438657182507e-05
addr_zyfia14qrcbbg8prk5skfqjtp9h139f9txmjqp6i0t,2,12,2.2541030357945107e-05
addr_uoum4idnii20xlkd16g40vc8xaqffszvz74ku0f113,11,10,0.00014315579479787097
addr_wsvdej3v2fzt82yaawmt73po4k6sx4wbcyqglyweps,5,7,5.9023135515945085e-05
addr_xltf7r982r1abbuxxlo5nw7l5bmo21oxbg5qael404,8,6,8.954651358108303e-05
addr_ja2m0w10lbt3g2qzw3c1qkbhb7s9tj1gm25len606n,5,9,9.684987589886774e-05
addr_ovc45zld8916pq9z4br9xpmwlec8506i7gg98cgy31,8,5,6.253626289666e-05
addr_v53zi4x1fsxqtlc52jubvfzyct7vegxa2aifclch1g,2,7,2.5790718358472183e-05
addr_zisaue9clik2ga1yhwsvjbkqd9wg5v1q5sh0cboyip,6,8,8.99193476676452e-05
addr_8dax59wr44g9roxdwmim19szqv0pg7p8t91dpz7g78,6,6,6.736765563860515e-05
addr_1yjfyk1v2jcl5ab8dtby1kth53x91y38e2z4g1qwl3,6,6,7.803320994600106e-05
addr_oid6ft0xvgeq8nq62dlkm84mjvo1hzxg8ahjhlsaby,2,8,3.174638809737319e-05
addr_xi4zjblrssuy6kaz7bxxqmbcxbn9vb68saht65bbrk,9,8,7.111444819167035e-05
addr_1q9b1dfym1r7u23v8zkl2oxvz2kiilcbfvvyabmd5b,6,9,0.00011149421061400677
addr_dfywjf74i77sridnaqzkpiefml3eughpgpenn636wk,10,7,0.00011747654194763656
addr_8qt70rvuuizjjxkf5uu1a31bc0wdx6do298tbplevz,7,11,9.977234454338725e-05
addr_067vsqwhbwaon6w55lwb92rwator6k2gyglty8hrwl,10,11,7.398043623253498e-05
addr_riow4jbu3ue56kys1zn5cddo78g602b3dkvtynz4yl,6,7,6.251331068902514e-05
addr_1r84b6fi8vvqzvb4k17vmrhrcvbi7fhfnfciie8pzy,15,4,0.00021685150380859182
addr_zkkfru9sibvpvvr7nj20y9aor6uz7xs6kvyixuoqwv,8,5,0.00015192494572670333
addr_2okpatr7ig7huvn2vlu5zxfimvgrwufhlpyo1nzrl6,7,9,6.896336900458874e-05
addr_gvfiu0if409480gp5tv2xszh6ueyn3td4gcknhyvaf,7,8,8.890880919590087e-05
addr_yzw67d32f6t33ihds3vhxx5l31d983bsq9nrhmc82h,5,5,3.314673918137958e-05
addr_pgfkvc822kz924tvf81lgly4id7zox4iosjsjvtl2p,6,7,6.689913831817012e-05
addr_9sun5sgt6syn22el1zbfr4q8i2rgpxtkvchdnnubc3,6,11,4.356146671938789e-05
addr_vvrhrkrgkq8ul4j1pjfqoj7gtrdd9v4klxuuh3jbag,5,7,5.582844425902403e-05
addr_yoan8rfv7wt5b3yp02bf0v747oesrmkkagnljcb14y,10,5,0.00010062173828061954
addr_r76vawvet5ly7a01ofzkmyfmuuy7nt0gfudahcr02t,6,10,6.860883339925079e-05
addr_cbm2pm29ksgzn874csnj0yujxg3fdfumlafqeqqhqx,6,5,9.405269371491568e-05
addr_hrav9bkdt5wn7nkxrvo7z1oi54aa7mz8rnsznnaqkc,8,6,7.94978830073694e-05
addr_3d8281a33lb9h9wci268xz69tff7tya6ppx8uvfjby,6,8,7.151615424209486e-05
addr_z25aem23dxu0fwrpwgtwi9fo6t9wpxj3biap9f5x5i,9,6,0.00012661674215769993
addr_rotk0arxuavpf129qg26tcy15wph41fccma162z0k1,6,5,0.0001298205241918169
addr_iimeo5ua5er5q42pkdpk5bvs8703mzsb4yingw4gog,9,5,0.00012842142728591163
addr_e53xoaxembbm57b77uas2o5x4cr8mggxppg0gsty66,7,5,7.084050127124251e-05
addr_eul1r4ycyryq6vcxgyy9nkm1efe6v3zodfd28akosr,4,10,7.049677896250364e-05
addr_6f4kcy64wtjieitrsg4f5y6q199ebx87wb963hp4rg,10,9,0.00010974649598502485
addr_qr25qphmjbnmtxadono4ylzg20fon8hbirqtuiher3,6,8,7.103113630820815e-05
addr_jg98twtjq8455tpy6m5hv41rudl0rdgw3dnznlndgf,7,9,9.142003526924406e-05
addr_jcy4v8urid3u94sgfdk0q09jrnamz6146vey0a94xf,5,22,5.479590880989984e-05
addr_s9meed2apjosb6n7gg45zpea06iojzw98u08h958sh,7,7,6.388245213355501e-05
addr_zkfe99mdfxngf66h9x8rcjz2va9cd0zsxhv99fb4ka,5,9,5.2368471597323324e-05
addr_iprqq5qob867kbqnxpvmsr75rmg7f9fzjahsao2qwk,5,6,4.7745876261187374e-05
addr_e66162fxazqvtpxcrwglv5sux8esn1ve1o5im5ln5e,6,10,6.78873261346446e-05
addr_b4dneszrgawz894a2gk10ewypiopj343gccb2wrste,4,7,2.137554306311308e-05
addr_qak5d67a95e1ccga36fmtkchaf6rs9oe75w5gostvh,10,7,0.00016591537855084192
addr_u06pgf1nh10k997ynezc2xw8bcn6ytjscooathz7lq,5,4,8.055238486140817e-05
addr_o5ofw27chgv1vg7r1xc53e39xmyrhmqh8yzn3x3oe2,6,5,6.777032695955676e-05
addr_s4dx0rjhlr1rmppchwz3qj9osqibd3gyvc2czp6n1g,6,11,0.00010141118578567232
addr_u2qenrz77xim4ezwuvuvfr65af7bf0zavp2nqg8nxv,6,10,6.843833742841432e-05
addr_fa7t9ugvyfoppyiqacd097n5yqonppzwc9f3t57ux5,7,6,7.528230508413851e-05
addr_r7gz9r01gq0b3mcjjc8ji38q2nruqdwnyxn62p0n5s,7,6,7.602114583126157e-05
addr_iqa0ely5ntan4l4e4eql5houdvub4y3lyi0700v20w,7,3,9.579078039251542e-05
addr_ojc3imk3r9isi4c9q0gt6o1tldwkt8jsmhu9ejfdxr,9,7,4.8389302428946334e-05
addr_wgd88c7wrg7hw6cmy9i5sromca3w17nybv5pfdql7a,10,7,8.044926702137516e-05
addr_kxasog7y2ne8bqqgu407thyuao2uccvnldcky5ktq4,6,7,2.649512445048967e-05
addr_dhihpsmtk7p6xsvoltrjklumcmh7lm2lw7zrtqj8cw,6,8,7.128322520327144e-05
addr_z135mmeqljzqarugxfeqesxuvyga6xb51s28pug8lv,8,3,8.496579890589708e-05
addr_anhfhoiqr1bhf1t3bfg7ex4wrkqjb40j7a8yan7w5v,5,6,9.95826355752441e-05
addr_w6esbe47noa7l6tosb9r406uthq18w3luv1bxboi7v,10,6,0.00015116145151948312
addr_z56olxq1x9lauzdxvaec6uza6grbwaptmxwzkguzn0,9,8,9.29781224556999e-05
addr_fjtcja48tphgyzphqcq8ugxa766d931mb74l3nydvo,4,4,6.0008159698737496e-05
addr_7kaj46zkzse9lqa6f00t19puewgc33koguoxtp2nff,11,7,0.00023511788848597798
addr_irngbkmqgiq9qow8iopxbl4tjmh51aduyew3d8tcz3,6,6,8.911998198673752e-05
addr_ndyb4isdti0n8g5f3o1uyuhtny9y6xyuamho4xl92i,4,6,2.5556220061318632e-05
addr_bnh36we7gj81dl87xpi79xytcdmf6e4z1wmjzefzlu,8,8,6.953468298076731e-05
addr_lr71ir5w28qfv81tiqqgcsdgheyrl28ehm4ryik6bd,12,5,0.00015134974271037075
addr_c7ujpjher98o3w5wnfgp5p9poqm5ym7rgup9bec8yu,8,7,0.00013346949119273963
addr_wpe449nc9a1xqz4w1i4hs2hgfwfaa2i6oc3d0jbmju,7,9,5.845000762178265e-05
addr_p2a6jpefv1303jrdh226c3t6ewj1hs0dia5dbxa8ld,10,4,7.32784994623828e-05
addr_dfkj0i1svgzhci8bhiweey7leybqeyldwh9hd268an,4,7,5.613852824134964e-05
addr_rgdyfqmioy93slvnnsqckmo24edm0p54a3shb7napk,10,5,0.00011392522181561266
addr_c7fc4nkswgn3f2yyf74x29r7llsp1hfxhyki3sbhu1,7,5,7.14252396535127e-05
addr_udk70stje1r91dqjyq63bsdg5dioq921h27aiupdnt,11,7,0.0001384748646227459
addr_vn5ufrvkp8kyltmgnp7crow5drhlm2iu9r9yjbgi5b,8,7,5.843109920756191e-05
addr_aihujdvwi0v0s736u99v1fd0nfl12cu4l7dfiz5ykj,6,11,7.946446788827412e-05
addr_iqu8p7nusnpbngqtk2io5mfpo60b03m0ah987no50p,8,6,0.00012512934454949324
addr_kii80n2qdpqf3io61hbqt8hh10ucs1xnpwcsq6dnn8,3,7,6.046405490862825e-05
addr_h0el4fjve3aoi8psbbak9196aqek8ofz5y6f4xfg0x,11,8,0.00015902411009975347
addr_ot2qzp4jqwjmeq6z67xzr5etob535cacjsakqh5u5i,6,6,7.800630173678656e-05
addr_d5kls553e7l1p4t34jrai37procewxkmhce47xwhco,11,9,0.00012388671710897683
addr_ffdrtr1hhk64o22k60b7pdwwvoloz35k8ugo43ev9w,9,6,7.442147077979575e-05
addr_93nx5k86ps8qnxzl7bgez0q6bryrdlehzayq8ccc9j,7,7,9.675439953757989e-05
addr_8utm4gvvsdzah2244jck2zchs31gvvy0bqjw3e1auo,10,6,0.00012718067030411314
addr_uohzb5ylewxf752bax0cwe8n7p0343ywtj8g30tki3,5,5,3.9087434874205447e-05
addr_2c9j2smnp574j926swhibz3k0c0z24e4hwy3ohvvas,7,9,8.544209525378296e-05
addr_wo604ud1pfcq6blcygwolycas5ggw4woov46smur3m,8,5,0.00010141935006173978
addr_wh6x0chhmh7qsux3vs33efeaklssz71e2kgz3rsfnw,7,6,8.548426158783649e-05
addr_yyw0h8nzjeld8ur54rmj4f9cmpy3l1833pk3obnqgx,7,5,5.4170606223771586e-05
addr_zrdpzy0poysjaf2ohev5wftgdef8infg5f36cgbiff,7,6,9.046390267439425e-05
addr_eywmz1qsku1im52ysnts3qcfpito83tndr88i1uch1,8,8,0.00012013198532900703
addr_t0fb7im5lf2wfmtmy4mkidezs6aadqp7acakaatguk,6,7,7.551418173480546e-05
addr_mnu453zyhqqv7fnbecawbm70e0viki9jo3v2np82nl,10,11,9.763791142577467e-05
addr_bxsg6v0mj77jb9g8ygwqrpcdowm55ei0a8zw0avhe6,11,8,0.00012658872638469422
addr_m5qxl86hdlzx5g6jz0gcq8x3l64vyvj00ycwqi1hvn,7,4,0.00012673198656673707
addr_jk51tsddtr206bwquhe1gqxk25y7j0ot5du9y7qgpj,4,6,5.94599531557806e-05
addr_z7yzum65olfortens67qhw390d9g0j7ez41myq5m2m,6,7,8.861313457485564e-05
addr_qbhi4g4wtx72o6f6combuum2th9lz2enhfekt47gfo,7,13,9.909854580144396e-05
addr_qnqn2aw07x4ol8h9zb7mqu5ncxdsq3gl4kl4pk46x2,4,11,4.880091036435219e-05
addr_5e1hqbdysaar6jbpihhb1mtrkzytwxim04rf4ltyyt,3,8,7.608080946300307e-05
addr_pcp1j2otprm5z8l4dgq53ysc8en8keybgri8o5ftpa,6,11,6.694587522991604e-05
addr_sjqud8a099xqoa154phkfpbpfk91zyp4cpq57dlhbv,5,7,6.993090980588108e-05
addr_9z0mwtsugxxr41s0l5ongcgz3ndhcwbvnxb7wpznln,3,10,7.304901005444195e-05
addr_wvadm6ehve97egl5ejuz3ea9kotkijt36ouk4ud6yp,8,6,0.00011604230829668053
addr_u3qq9zgmda7gjn62dq9omuu1ulcv5b4132evshe9t7,5,6,4.576793699642936e-05
addr_1r35g212klyyvunsvqr5u83ygmexf9lo4zzr8o9xs2,3,5,3.3448002946116714e-05
addr_bgt21kij879fdo5o1gsy5ggikph8m2ft3xcscng8vj,12,9,0.00011929783328845063
addr_bgtqnhvtaymqvcgm644hym2shwirn7g7jia6lrd2ab,11,4,0.00012939685727327382
addr_dangukxlbzcaxi073isvr3i7r8yvzakjyfqndacnmk,6,5,5.145874560020815e-05
addr_f1mpad31sfch71j9pe6t02wwpe613fyk44bv44kmbg,7,6,6.568590960754887e-05
addr_3w706sm2f1ucuofg9lu5z2h02c0cmeksx9cj18vg7o,6,6,9.6527449414294e-05
addr_t4rt39mb1c5wtjxewfpa45ufw6tpin4133zph4kqg1,12,2,0.00012087460276121581
addr_521s8njukft1f1bt6hh8zqbuf45ntuq7swpmu6gyro,7,9,8.752419662624046e-05
addr_12wr24mbam0qwmdn2kuh8ys0zcx98prt5hd3w7k8bx,8,10,7.474791049991827e-05
addr_1tfc312mjpfntbv51aegoao650g9w1ir22jemer0bu,6,5,6.2150327881541e-05
addr_q2ihbjgwdf7hunt7b0ceutmw1n6doqmoa14nzw2g3l,7,10,0.00010035680562553337
addr_lv0gub5kb3pkbqy3ot760rs6c4x56v3dgs9gt0r0vi,5,10,4.7116691620724397e-05
addr_9ndc5z3m5twl3f2hspudwdu4r799eivywrjm9h9lbz,5,12,5.663890404577458e-05
addr_ckonrhhkycq2ygynkiv90h7jajltuv67ht2ibtrvxo,7,7,7.917077918069634e-05
addr_gqtoamdvlnknd669ugnekrcpprcjiwvhdk8lw2lm34,7,7,0.00013232094071755082
addr_ormq02yt171lx32amkon19nvdbzpse3epo1ggnwp4a,8,10,0.00012239191954217517
addr_ltlz6ias4i7q52ix9j3o94kwptnvqub5dwk6gz0i6n,10,9,8.817671606935693e-05
addr_8ld6pydhrpocgmw0gnbnv5ui0j2ghr3s8ln0ji8ot8,2,2,2.0928476528856644e-05
addr_akea3mc1tbx39ihwkrmfu85w6zor3wg1u14dt1n5jq,3,6,3.6994800707997266e-05
addr_8innu7pggminudc32gy422kkwfapg0jg3ytiihn70n,8,10,0.00010080299692212352
addr_lgie85ouiapoc3pcnykeyal8gon5rzoleo8lu3sum0,9,6,9.057135374268533e-05
addr_18g79gqwnurf19qhl6wrj7o0uktxu3jd8r6nq7lczl,5,7,6.658417598978255e-05
addr_yzen0gs93o4ek5wedeup6lrtvmjvsifu6r3z610ru4,3,9,2.3903370058700254e-05
addr_o98iboq18oveuur656ebjvnfowapcq7vg6n968xf6v,3,3,3.325207554918105e-05
addr_04sbnh9i24lojs3m8f612y755ze1a10o0wisvgbb92,3,8,6.502185803612066e-05
addr_k6agz36v9s8d0w1u28nekn2p3tzupmsrzna8bvwqb8,5,5,4.6668418992306136e-05
addr_a5j3xexi8m38qydcup674pkaysvqtplh9q4465hqpt,8,5,0.00013834965261888185
addr_4wce68fhfdne9sjz5qj4k9g767cdqkku6ueh4nztq0,3,6,3.5854801849840025e-05
addr_t8n201yj2xhx0syz8ao3b0vm5fb7hcru7pukbmdrsj,9,3,0.00012707521355827278
addr_4znc3uif3pkjcqmt8swf52tqnc4he2n91waiiecqqi,7,6,0.00012702774688415786
addr_6biqsxjoirhyueca44evts378bqiev581f1e62qy2f,4,9,4.726331472395888e-05
addr_7rwj3d7e93l5hfem18ubruwx3kn82z8risind4it3m,15,8,0.00015944463887405274
addr_lpvowcp779460khfsu4se2kyt5gqexih1xdpzf761h,6,13,5.9810151839230864e-05
addr_knf0wpfwkr5cwqdb50w5254s3o9bo3phj071v7w7q3,7,7,8.420460978404503e-05
addr_yexzdjkrsz59c3z1u58qqsv628ie8tp7kvf5ryo5nh,4,5,2.663493835783313e-05
addr_1zaruklvaaz86mg86on40p279halwmxvsfkxlfbc00,4,3,7.148982716394338e-05
addr_3qgqhkyv7186bm60vu22hv4hgeuj94i9juj6nmk9nk,6,7,8.518279994440127e-05
addr_pxgf0lim87tn7hslrxe7g1d1xyliei49i5ba0rry0a,8,6,0.00010836672163619752
addr_efojhofvf9bpmnoxw2bg8pcb69785r8ist091qjhdd,3,4,4.3439180367377435e-05
addr_vn0txk6bkbfs5fszufs3hizltmnv8q1ceyfmixcfa5,7,11,7.74520331346673e-05
addr_fc709cmpp02ps14hqes30hc12l32osk0wcbu9c9xss,9,6,8.89022457413042e-05
addr_ryazdx5a34mmwhkwjydzrblqhzp3ir202666lcori3,9,2,0.00012067243890974359
addr_6y55pi4x4c2t1kbbr91ykq1juf68mv0mqib5lh0clt,4,4,9.434326655686714e-05
addr_njzwiczqx678bwzz71ki1qz8zdqpglita9w2ra4qgl,5,6,3.9562595516797006e-05
addr_br4f2zdfppwc1qy9mbaaxa3bl13vcg8d2tn20vz9ly,5,4,9.774112773309141e-05
addr_j3qqucvy4m2j4mbj73qqrxtb3kt1yb9jawvhvm06cg,8,6,8.377675423891407e-05
addr_5do5qgze4kov1x3jhylr15w7pnk8asnjfq2wc0kjtt,8,10,9.191670276630051e-05
addr_94et146uh25ka5brc511vr12sz0enool97h83xd970,6,14,7.056293419317591e-05
addr_wmx2swg8gx3hc22s8mi1sn1sl17yqanaeuo78uyzns,2,6,1.7240271797212582e-05
addr_l2b05e629zkm0xbyuwxyf4dn12ujjbkjr5408jpa73,8,6,7.800290427815568e-05
addr_dhgh2twq9r8kbo6xfq0k8luksum49xyrmwq1v82sea,3,8,5.172306390149815e-05
addr_25odkowch7991e5l81atbpg220m2fqvjcy5l96x7bd,6,8,0.00012290835492358385
addr_fenjhm8u26goxaox1awmer94qaw4zdr037q5ep207x,4,3,4.54498738770113e-05
addr_qzularxqht6kap6doqovikwy5w6a3td5v2x5wn14j0,2,7,1.8000694413536734e-05
addr_vylw2njot1j7ltlh00pmddn5tz00nfjt7yxjnrt9rf,4,9,6.100191778730811e-05
addr_bvvbn3yxzqo6835ffgwr2t3tatxejsajimsi0xhf8o,5,7,4.728914555493647e-05
addr_b2i98nkhdlszatdfnmdlsxjn82ijw95mz08n0xcs16,9,5,7.95729860586347e-05
addr_ax5rn7pk3npuw8c40j53ycozr3trxou7trmy5vc261,8,11,9.758066171339453e-05
addr_hvt8f0p09bbqp8hui66ed9s1ryz37oxzmuyfz388i6,5,3,0.00010012493849727141
addr_a365egbp7cdkn18idgm0hr2udwk6gyy01f6fuxlm82,4,10,3.70286008826424e-05
addr_uln6y179346lwuspjb8v3gj3ngwr3729up388whyiy,10,5,0.0001188758570356109
addr_p665qqq19cziltfao5jjlf82vomzk2d6zqj4epdpst,8,5,0.00010596704857722384
addr_gyb3o4y61b2v2kharbncq4rgnrbjtfjekj3e44h5ra,6,6,7.373349847178323e-05
addr_4a0wp4l29dj7qxzxesplql6e8yy6u33krg1nogswq6,9,6,9.738946882823116e-05
addr_gmnyg7v2tvoo1uapiar88d41yi34if7dt9o49wj3g3,8,8,8.532611904838793e-05
addr_m68radmq1v97gqmkup4zbqh68fymc7vauxz6tpnjao,8,7,6.737259306514471e-05
addr_pveg4dnw6gsdjtck00zxqrwejkin8n197mmhqw69xh,10,4,7.864401651102715e-05
addr_x6ud9ui5oypmaho1gs8fr6qhn1ewlfp8lrjfkahqdl,5,7,0.00011873585074320282
addr_4aptljsqr62fs567gg6qwm3wodfeuk7z7yfvvyzzvv,3,8,6.450022506005785e-05
addr_lasrmjanjpj1eqmax3a42nbnp6wecbcnt6g1xnk44s,8,15,4.969581489554622e-05
addr_fymvb2p27krlyd42linc68mt2u0dnvy49mo6enh3gz,6,12,6.688358570463548e-05
addr_yygipwoklsrznl6gyk2bredzxn92zawrtnmhcqu0s7,6,3,0.00011889680275247579
addr_k8mbcg1wyvillu32by40hjjw79f3sppjrtn7649ii3,5,9,9.552562647227907e-05
addr_m2puki0x51ruq3bfs6h74800isz8zt23a6o6owwtwq,5,9,4.671200576258786e-05
addr_pgae62x5i96x17lyjfs5pz6a44b2757pdgbpo84d3q,8,11,9.61098462507308e-05
addr_euk8o6u3k7t6gwm093ggencg85kpgnj1krs4lrfvw9,5,12,3.121342462623571e-05
addr_qwzcthxs8a2vpzl5i016g8w37lteztq3z89lowfo1y,5,8,4.3028540910182946e-05
addr_4mfz30t5l4og3rr5hpd9m07cyat0sinpxodnokbku2,4,6,6.211049336121282e-05
addr_t5eol0esrri8u9rhclt2udn7tfa9dl7z5qqkxvluot,12,7,0.00019464942548696028
addr_uuglngvw2c3l6356iok1o3k6euhvjgp92g8hwhx7bw,5,8,7.303892111117835e-05
addr_su2ma90ds1bhrnlqlfwuuiu52w85yps859txadn2tv,5,5,6.451694977445715e-05
addr_ff7xuqpxmgpyiczpmbgth7yhkl8ndd1rwtcr4sc92l,8,1,0.00011728537655998236
addr_7t19fxibmjyrmfxsa1qs30084lxn3hv3m1g9afe2el,12,10,0.00011511526051343523
addr_bzlmpkcsldoi7nleddrljjby73ump7tx29ci6i9sun,9,10,0.00010979121201318162
addr_ai2278eqe12qeykc2mng806w819fmsyg91mmo1ds3h,10,11,0.0001174778276076833
addr_91tvv95kjfdu1gdm57ppx116dbjx5z0wee80kmcmxz,5,3,6.053827474261154e-05
addr_h14xykd7sizqlh856vq4gw72dush80d7zyfl2pwo9g,8,8,9.885911950865031e-05
addr_mtz1fpr7h4pzngvxxyn9t61qskfnnmlwvapfe0hrqs,6,8,0.00012159064552042456
addr_rnutpcohs08ich77wrmm2fifwu7c8xuls4bi3frlim,8,9,0.000127935019529087
addr_l8klcx5cpwtzxwwxez262ebhy1tjhmaj7p1a69b7oz,7,10,8.73773657493306e-05
addr_1401ze9ubm0l3slbdsgcrrvms2panxgiaiwx4vkei4,6,6,9.581109044510566e-05
addr_gux7cwaf6sllao7skd544fpe4m7pucby9k8rpekfhc,6,6,4.2820346258797934e-05
addr_kfjs0301afuk3cp42ypjgbs0rgwswe9fnv7j120xgd,8,4,9.704592907423179e-05
addr_9gfw8e5mfj3kez8ue5l9pvsblvqrehar63u8q3q4tj,2,8,4.938758110480224e-05
addr_5g5zi8zvdr29pvgxzd0i8lrcm7fl3ewvzi4k7yxpsp,10,4,0.0001563852555648607
addr_415x9rqskd50oymm7ob7ndjw9pq1b5g92b8rgyko3r,6,3,5.2777682605175366e-05
addr_lnyt3obs579bv5pn8d4f7d5t16qzdhx1amuzp3crvo,5,10,5.4799657849943094e-05
addr_05ddqqoigk96us74h5bzf0zrfoglte58zub9dvtn4m,7,2,7.318395310202286e-05
addr_ue1l08slaidnqygpx0zb5ecterewfh6sukiwpag1ud,4,7,5.168968018344701e-05
addr_9r6yezh92e65hirj92bvtrx3dxzpqjixuxp3up8oq9,8,3,9.956625037322045e-05
addr_7q2xdhdgbc4frj2xb806epodksvqnyp4if7m0vic2h,5,5,5.5231567859320906e-05
addr_eww8z9ibpio3mtmpnxymr3hrcanc9q53sonue9uz6z,9,8,0.00012164269948338941
addr_tnb9o17nghd9o7i57opbrwyzdk5n7tt9sg8syk0ut3,6,5,5.518707479157467e-05
addr_lb34j5aa1oecu14cdkp2oth7ipydyx2zc52aa425m9,11,5,0.00011936659380073814
addr_ponnp0rprqcldcbjm53m20kqqmtr9502d4udux4cii,6,7,7.577593640130356e-05
addr_o9lvnnuf8phhzbkaozavqzl51q9bjf5extc6ocq3p4,8,3,9.512321139908676e-05
addr_jxohnh6a144fpzgl3aees0m0n8zu07jbjjmw50aio2,11,3,0.00010726982112347445
addr_0lh6ligqzt4tv0jbkgu360spxh0hh3yjtczjj5mz40,8,8,0.0001177631235548511
addr_p43sh969pypfqek55i4cgaylzshib0o5b2a1jaqavf,11,5,0.00013686048055578355
addr_iek2owrbs6ji1k0lvcvduhvoxq3on14c12dbjrylqc,3,8,2.570170406102254e-05
addr_wd8rlv0s5d7jmb50vxlzb8mhxfzlkfb58lwphrhclp,10,4,0.0001258071958873164
addr_0bwzud6nwqyvaamedpo1ow8s5yy56h6jm2mp005rzq,4,4,6.119910198528196e-05
addr_939frsn4qsfuzyzv7ytbifqo3ncll91p2xmrndexvt,7,5,9.640214318548788e-05
addr_vo7ke40eec0zzkz7kil6gfze0j29326yw0t4exbfrt,8,6,0.0001797640347733848
addr_cauoys1l0jz02mnb044k0auvg3dq5ok8us63wv3hft,3,8,1.987003285740437e-05
addr_tx2zaqw85d4b7g8k6fzw7xmumc45yqotnstvme0934,7,5,6.495386996431233e-05
addr_ri09m0g8w85y6q8sjy5op9lbsmwpq82k8ryqf8wxkk,4,8,6.811186205886011e-05
addr_5qe8e85ks0ahd2xuc9k2w7p3zydn2j0ko63jtzzrxp,11,6,0.00010099262075689349
addr_wef39z25ucrfx3itdd29v845npwaygvifizl7o1709,7,5,6.80469594204227e-05
addr_o2owcicarp4rki96xd0ncvsujwziv88ktrfylt067q,6,8,5.590284007114716e-05
addr_e80w987utmec48nv62mwi6ywodo4irfvl0j11u5wwz,4,5,2.9320083481039373e-05
addr_34rqvzyie8mylacydctq1lz5rltdcl3ah4em5gotua,7,8,0.00010282561896778426
addr_36px1psai79mf15jg1xyv4uo70lp9z5r13ckmlcf3k,7,6,8.257042064458687e-05
addr_c3b0ehisv1uisovt7wjhh2buxxr8l6yb006adkxxf2,9,8,9.43156476329825e-05
addr_jmbuzix6uwgs2441xj65ue8he1rhwvmy1jag753hpj,7,6,5.003545893790753e-05
addr_dznnib11g7xqyncafbi99dz0bvz3bnnr2yl7j3niks,8,8,6.590439700605357e-05
addr_on09blv4yjdhq2pyvcbf1qzoqcccrw997q5aj996q3,10,11,0.00013712053469762568
addr_4hoebenpagp8rdv07mwmwrnmtji89aikeszx0o6ph9,8,6,8.209085266302559e-05
addr_l1jr19vv8833hih2x3d2glsoskdkdvriygs90qm5pw,7,12,9.198032198654205e-05
addr_jwfma4gbq5f51zxo5no5qdgwwi8dgc99rz6m6z0hu8,7,7,6.248689188541766e-05
addr_kzvvvedy2megi9uridbis380fcau0ttrm56b0hx81q,6,12,9.562563846147391e-05
addr_8jsh07g53y41y217n6fqn309pxvx25elt4tmuygclb,4,6,0.00010508597753278386
addr_l3w9ef2q093pc14pykckik5cb3jao847nd99rfc4eq,6,8,6.180656267128283e-05
addr_6cyyozrossss2iqnaczc8mbqtuv2rt46jcth7jhc5s,7,10,7.379219582971013e-05
addr_exdu8a4xwn0z556yfxgbyp24k9qx4z2o0a69ws8ooy,6,5,9.006019760168256e-05
addr_ifzcmvfze0t8ivi41awph0dta2ot7hyy3m2mmsp37k,8,8,9.755788106668286e-05
addr_2x10wvkihslffraj0ydz7qoijc836xu4p7ohjcpujp,9,7,0.00010318057200306546
addr_dnj2p6rid892tp7rcnkz6v3w5x018u1cui32vk7mbr,3,6,6.955964879035051e-05
addr_ul4fwemv6ro6x9uz3kzj9g5gf3r9dhbfdv5omhuamd,6,8,7.55859484580849e-05
addr_htldco667k5hab3fsr5tg672a2zhx2749kbjjtbq6m,4,9,5.407114125116633e-05
addr_z0l1a4ybol4zvzacu8n8kau5qr2zkmgw6ndsi5ry8m,4,7,7.043556067317672e-05
addr_8n2exwapkcnuhutkfnblr3lliqnu60m2p2yxaa916m,4,6,3.728949559937649e-05
addr_19lnavu2zoz9p67y7x48jpn8ecr73lz9c9y9d6sz4x,9,6,0.0001361332590059921
addr_sfoocjvkdujd4xofoy2zzy492cmu1xxufkfwph556u,11,8,0.00011560392863086685
addr_imi0g8f9prnnbetrlzscxcrhy3zomgn1eexb4z7j8h,4,6,3.1691741768450827e-05
addr_h58em0ylwv08x1c7l8ckgv9vqx49lbqjwk96moewpx,4,7,4.1081948805954955e-05
addr_nrv1n36d9rqut4fh7lpz550jdo4d8461xuw79rusg8,6,6,3.52174939639713e-05
addr_l40foc9kcx613rm6zgevm4oi6w6n080g9f4ovktcpw,9,5,8.240044847111807e-05
addr_przzo80cpq5wa7tolr0zuygrgrzhbgbw2ov5sh4qoy,9,12,8.965831497944034e-05
addr_697d5s3p4q8j0lefitx057zsj817y4t35ahk2yskq1,6,7,0.00011742398199214143
addr_p52ay7ov50ew25x1fvk1pbcd6fxnoq37ktll8sn5yz,8,1,8.362547565951752e-05
addr_5tv6k4e1wfvw8537r3u591sw6xr5l087pfp2b4qwtp,9,7,0.00012355872111237105
addr_5ws6n8seczk3w45yb387jlybki0hrzt56wmm52xdfq,14,10,0.0001276121881600514
addr_er6x89kntwk8zqsf6fgdgvsv3xfzhvenrxprlv9dhs,7,7,0.00014403803321568826
addr_2rg4efeowiooqqjrxvd7zw8l1z2hl65akki70hz53u,7,6,9.078158727516023e-05
addr_s815lp0g8gc2exptxhjfrp0yngnl0f43iqqc9idmrw,8,6,0.00011350784955993005
addr_dvck5qr21udxaozjn050b9dqms0vkmhow2d7gndchb,7,1,0.0001359723076375117
addr_w0zumk6bjr5lyifgi0dovmbmi42zgq1zktn090vbh7,3,4,5.3110738390420955e-05
addr_1sy89yt413n67frnkgkd1ag4fyx28xetlwgq124e5x,13,9,0.00016646579109008293
addr_n32dknls0an97kiiopke36kwm5qmi3py2ylamvgh90,8,3,6.369947898870206e-05
addr_ljodrjcw0jxgm99t7d19bf8dry6jmy8llyi7xz9w6n,4,4,0.00016489841124731885
addr_z7f1984soxmf416h3kjvcgg4ngzqgoma082fhzzts0,11,12,0.0001209877577520057
addr_ir3e1d8hkmufxcre9avskrtyofxf1dnkoq3b9tedx0,5,8,4.9156242762237757e-05
addr_gj8n5pytmlx416nusk759zbs0b756v43cgqkhvoatn,5,3,3.694145020049863e-05
addr_waxw3fvlile6i5e5509twr741w8ou6vdmfwarot2tl,6,5,7.006928503264324e-05
addr_xfqj7oht00d5u8itc4nyrs6js8wkze4goauwmdzkgw,11,4,0.00011492020539389841
addr_c7rm6j8y6rh05hhiwfd7yxw1tbrwr965r96khub2rt,7,17,0.00011204595277539751
addr_isdc4c5ybm3om3dg8mrrycb61q03k6ko3b7b0kijfm,8,5,0.00012856446764121203
addr_bocm3akeljh0n83n12ql4vkgaq1uy22fv0vs80vafo,7,8,0.00013714101489381537
addr_mcpibw0bvxgidztb26ytmxtinsiw4hkw7uqfbcoljh,4,7,4.5621054656533974e-05
addr_5ue44u8b4vztzrpgmiayf7n0vgahzol8yoadvch42x,2,7,2.0881827339031315e-05
addr_tbaba7ld70x72jb5u7f6fdz1x7rm0ro07g5gbeyrk1,4,9,6.595099837845778e-05
addr_9kh810ec8oia1do2k960v0kjeyijpwizhu5s5ilv8i,8,7,9.718507582237607e-05
addr_d4bvkh6em5byce9ec0phtypfie5ucyme5relpt6ovc,5,4,7.029813016158424e-05
addr_tnlz83kipq04h4rjdvj8yl6f7ox8m9b4pa39t2kxyr,7,10,9.64112660157643e-05
addr_71j8wx5g471t0vipu7hwgzhvqhxow7j60jhbdfpnbh,11,10,0.00011156579783031961
addr_1orlv6lizv54f55qejcac3uy718mnp3vodqyw81hzy,3,4,4.192378002957547e-05
addr_bx131cw0zge1jto444sv3ip440p1hhg3fmbrucw0fj,10,3,0.00018209001206712775
addr_q0p01zt8u3pn6nctoef1ltu8klaupmos00dpnegeuc,4,5,0.00012640104954603137
addr_wvfi205e8toaiv2pri2znmnn56qvt1vauhw1urtk3s,8,4,7.847703744427084e-05
addr_nf6wg3kwjcldt90nm0e6vfapvncps8azsadmqf8zxh,7,8,0.00011279182745009785
addr_wdeah7ysb9zbzukh97kznr6r4dh2lct4ttn0bcfrra,8,9,9.771757457825787e-05
addr_kjxset2hf6c33mpuhlc5vdz59xj23rdu2chlocq4hu,8,4,0.00015171691965044668
addr_t365w64yqjgvcbikpdxkiziypi1xw4spi0vp1dzxgu,7,5,5.355001336345652e-05
addr_kb4hy5ud8z7po2d6hvil6l8s81j68epxb4q8ocid1t,12,8,0.00011380471332192247
addr_x1obvsu3fueb0jgxpw7f29dk30rvan6qrl57df4jod,13,4,0.0001333559048564452
addr_4e099dliabiw0wbzb38z1yigz9fvg6k174zzb727fo,5,10,5.871877132429864e-05
addr_uw3xfb1qox96b3080jau6kyy4yppevuxv0yqxmfq3n,13,3,0.00010527705448334073
addr_kvv411qizrmt0nhb62hln6goqsy9isiw39llu5bo81,3,4,5.037112925696179e-05
addr_9kwv08hhxfgcaqvkizzqy72wx7ptx63cfl0ukeyz7s,6,14,6.417425368416604e-05
addr_7i1lr14bdnus7jd84xkagw6ir0rnvpciwnecxzfg61,4,6,7.128947540354344e-05
addr_ab6e0tqulpqs5gw62hfjqucannti38nccsqee8rerl,4,8,6.519411218297015e-05
addr_olvookiv2ybvp6r2tlsbmfb2gr7nmradugtnbvzeh5,5,10,7.587632881029841e-05
addr_f2srb64xv3htsllor9g8r3gvl5vjoj6q1v4i82ltzb,13,5,0.00012479606748110733
addr_d1781o15cc6ln7xjs6k492xx66bt2gm0k0xib7xxbn,16,6,0.00013372652286111644
addr_qbmk94z656pruywei1mtjicuuh74cqklafro6ot9ct,8,3,6.51705387634982e-05
addr_1bnqg34m9z5i60wysmik2d66hsy1jvtuioly3ekntk,10,6,0.0001058178882705391
addr_76d2kjrzcv3hrqa9vzeox981bf8w80uxn3e6oqe09o,3,10,2.7640767271011144e-05
addr_sv6ox7m1yf5ro2lvlvfwfsr3qhub8l1fcf840ou9na,8,10,3.6646945913179396e-05
addr_kk00pf50jbzsj459yytglej8wsshkops8wc6290v3f,7,7,9.193594300734153e-05
addr_hgzfjm43ocfsf79oeavz4w9h3xmc5zcjdywjc9m9qi,9,4,0.0001244655582126488
addr_aydrur2wsu6716ef54dibu5e3jw0enww4e3j8z4zje,7,9,5.6514850260977736e-05
addr_4o1rguabq0t80yt63wukpw9j6kal92e5mubysqgoqv,9,11,6.42707859735361e-05
addr_egv2w3u0ep9q2zuyjx720bwhvrd0yn3nuv17sxecp8,11,7,0.00011297493734269061
addr_pdum75f4bmx2zfoprb36o2gvn2t2vcdfcq35pj51dy,7,5,4.559747969104531e-05
addr_nczvgsw1ejz4qw8rnlt66fe106syw2w855f4cpz70y,8,4,0.00010675528658665022
addr_znms1m3yl7wcstfhp0zryyb4ofrydfbrie8cpz5epo,8,8,7.064831673354535e-05
addr_4w1dxpo11d9s3beg89yln7kbkwwdck11uxa0u6kdwf,8,5,7.34866963143884e-05
addr_rm9s8fnf42k9qcm8mruz4dd0hwwdtil72nr36vxyod,8,2,0.00017423129754470424
addr_270nvp8v6rry2wa6l0oexir4iiqkdxgrs3qqxt7jo0,4,7,3.9177862375885344e-05
addr_jl2t05sd5rrpv12t7kqb34zrpbooz3vjv38kz8t93p,6,2,3.9817054893256134e-05
addr_p7vsqmtcf9m41c05q6ry5ctvi8bca6kh5isj2pebni,5,10,8.302313678042425e-05
addr_58wjehg05g5g3be36gyhab2eka92vlwtgvdgup4aq0,6,4,5.846846086074964e-05
addr_09us97njy3eqmpk6xu7pwjw28lm1i2gkjc37s4x5sm,5,5,4.900312808702095e-05
addr_5ce84tqyc7ahck27q5zb3iwtuz94to7s56n8ris6w6,6,11,6.006101058677153e-05
addr_ws30v8njyxmj00udii4zdcndocj8sug2490a72jn27,7,9,0.00010284593078878602
addr_azu7hgnqrzy2wnk7mqm02ndmsuyjqoppkyf8pq2rti,7,4,0.00011678139531885223
addr_gesvjwzgiwiwl22ljxyy5b7x0ggxi53fku3plrc8ju,6,6,0.0001066531294031026
addr_3vm1u0mruczg3ri0yaru5cp3skykz1gwjinx5bwne4,4,6,3.456595172821043e-05
addr_mma7qesj62l6ngmg6mveuixsv21uu3qqwskhwljtgc,8,4,8.372443212389306e-05
addr_iioa8gwpk7cxlcrgnyknlmktz0ubo0jvee0upesxyy,6,7,0.00010279683361525037
addr_k8yieo9jknuog2tefwdzcpexr0cluljncy2bz7wdhn,8,6,0.0001664958595280563
addr_wu1r0dn952b5ikro8ua4nutho6969psdc63h0anhkw,12,5,0.00017380638607679863
addr_znysonx8qpads06nxai13vrahdbgecqgdiyt7qtirp,5,11,7.499639637563347e-05
addr_7l7lsurj58a4iqz9z33maw8w4cne1d3b7f6mq1um9j,5,8,6.906003646967818e-05
addr_9i4992dwrvqrwdbds625h2rgvll11erz2qov4bl92k,3,10,3.975151426372479e-05
addr_puwfq98vw0q8cw8hyv1yk5nnrdbpzo6t6bjnzso5mg,7,11,0.0001233253302725306
addr_s8chkcmnt6u777ldm1vl7uo4g4iq9enz9jn7k98xvi,3,9,3.750882630030417e-05
addr_2xuua5fjtdti1qwdz3awpg8gkxd3ktaq2y3fpzpvvk,12,6,0.00019490889613882036
addr_v1gltt9ml5zuxu54eszd8eodm5xmby7gkydvrzagfb,8,0,0.00015287161570549704
addr_5ke15gfnjd444c9s0waulvbedxr4b1pofaosvccg92,4,6,2.9202606166728793e-05
addr_99h6fhz35pks2lxzqhnvzece43rf5yg54wgr15ensi,7,4,0.00011066021228243779
addr_ch6t6a362qrcl04cnoofnbhpcdlo6cfd0qki75g5eq,5,11,6.150518399193619e-05
addr_t45rremnbrz0lueq598fu9ng1mntijsx2fx3dw86i1,8,4,6.860158138041266e-05
addr_8xbiv407dt33c1xid4jbqp6dnlilg22pcaj6n8dem2,8,7,0.00011267659042659172
addr_d9dl96pifl6d2tuewpxo13xzgaogg9c77fvz26dthh,3,10,2.5356854783581894e-05
addr_qoe0eqlpgq91c7dnz4hgulko4xc1clov1dwmywp2po,7,3,0.00014460038700207193
addr_neqwglobrs3o62851wpvfz2caj6r4t3swx0qim8qj7,15,9,0.0002054126586635902
addr_owrmusvncrx33pfeqkrxetlmht9jfx8k6rmnddopv5,7,9,9.919297822953852e-05
addr_fajqjxpkh96vfnmv5f882vqe53hcqby1e19tpmtsq3,9,10,8.732851752504066e-05
addr_6muhj2g9tdroj01p5w11wgxqsrlxp4cd0ppx8dy3pw,8,2,7.964757035030914e-05
addr_dq8qj1d9lxrguszgm6zfzjulw7lpewece8ftxkffk8,3,4,5.125078173471439e-05
addr_pi75vvcudahap5izkggdly2rkj2lbtt3rwgo95dnyb,5,7,4.3713461606995866e-05
addr_qezlhx7xi359k5962fkx2rqmqk5ol0qv0zkb3oe8e6,7,7,7.676991374737644e-05
addr_5ntccfuxg38dnjvpmvordsro0to6bv0u3zduykhcnk,3,8,6.671307041562266e-05
addr_44cfwcdukwcmov2c8tmk2zbhb5whscx9kwzea0aw2l,7,4,9.122106771700097e-05
addr_r9bgswscw0c6wjio59w32bh00g7fkat1x2i1jrmo2q,7,6,0.00012262452844268606
addr_vnwts9pt6vxoyhky36om2im23i8nnr728mgjkqvj8w,7,4,5.039556058596727e-05
addr_g2cy3gyup3e3v0zborpclv13iatpe9qdb02qhrefcg,6,7,4.610764526085518e-05
addr_2ujenvs925wobppm7o9pview12wbx75uhna27yoenp,6,4,7.708159381100806e-05
addr_j1gev8cznq85qzlvzyz72ywmjtw7tdwdelfq3bbt9m,7,11,5.903166241279899e-05
addr_w1mqi263l7efs0oglae46569fltgrdudy3anrpx1jt,6,5,8.555112967424757e-05
addr_kt87riikmrkenqo988j10kigjjg177o3b9359nfu5f,9,5,0.00013132978544515357
addr_j3xmrp1hr230xkdu6kg9qog4l9shtbsjpilvznvzp1,4,2,9.19849252773941e-05
addr_gsq0qq5cikanu2gtbiddvyyqm49vbjxj2yxcgl28dl,5,8,6.171828413064645e-05
addr_8jqy36vnispvi798qm2rwqrfbaql1m8kd2z2oz3i3x,5,6,6.291258476791261e-05
addr_9j2gi7k89rzmz3nsupd140mmvgckh7z37qt5ecewvt,2,3,2.14159499220952e-05
addr_mev9weml8wi06wc3ub03kazhe8s7s4nplzyuvwg2os,4,7,3.081489797372727e-05
addr_aogjfyfbxe64i0zaknw5aaycjrhpgie7wvco8kifgz,2,9,2.726302080720907e-05
addr_vwhholi54087ws1loqsot56ag39bd2eev7inrzjk9e,7,5,7.973259104435028e-05
addr_eaqv0j161t1n7x425j9dr4zsrmx4oy3jemj4h3i1ev,10,3,9.237105865761521e-05
addr_q1avx952an0b81ezj6vsjj98m79mrwvryj0irfxwc8,6,6,4.7669886144244396e-05
addr_gc04t97m612zqojwy53166wf90s9olmmafqtdcz9e8,3,6,4.858706833328258e-05
addr_u4rvzd6kj53ehb0djicg9ojk0xlxwgiqmp3jhui6kl,6,6,5.3452838941096384e-05
addr_0cjmdq3jwhtyv981r02z403mwofhmcicwyosgyvgk5,3,8,3.11868863690421e-05
addr_jgiskbeqz436sx73hohdpybmto23f37d3tmzknc8xl,10,5,0.0001108918235426125
addr_w9fe7t7yasxxi3lodv05p6rvwtkk7y6plk6j8lhazl,12,10,0.000108346187119926
addr_ukuoz5lcwg5ww7gi0xvir4zc6nfgvixsc407oxoc4p,7,7,0.00011024729454475922
addr_6esxhrwls1otpbisd6hnednx1aoasd4sw5n23fh2b4,13,5,0.0001752874283298957
addr_gsuhke4ahslsin5qgmwfva6csa7zdfbre72t4dv80q,6,3,0.00013499320382919216
addr_oqsmtj8g4zlo0aleb1nvvv0rs97dgobi9krtoulrvm,4,19,4.3695174250482344e-05
addr_ztshg8bhau42h7y6ro7dei6agovhzbyq9h7u8cs3uc,4,6,2.9339560982036694e-05
addr_2heeu8a7p98wu1jlb3wvkdnk1huh2h8m7bpgmd13dk,8,4,8.099253704978264e-05
addr_m6uqd2uolt0go9qze0y7flmna12vmridfnpab0xofk,11,8,0.00014285615628210555
addr_aok94f1omdt7tffggcxqvaz18m7mdw82y1uhfz8g4w,3,4,3.541262783749898e-05
addr_ry3gwfk41r04952sqqkfasb8x8xrset3affvw71jpo,7,3,8.282450910658266e-05
addr_zbw3yd57fftc33esdtewvryqouk51stolhrejdys9u,6,12,0.0001010754636422113
addr_zv0vaiwelsfwls2fubgjcjiib2wdm98kybmbaw5dbe,4,6,5.964165345486404e-05
addr_gei5p97iptz19l5qqwwbbzr2a2s5cn9ofj77nvc3gp,5,3,0.0001178364793864735
addr_xg6oib5josct8oilm3ilbqnwyej5vawpitkfdbm1sw,4,7,7.238662009322364e-05
addr_nvx3rrhwfggaktmd9cbssxe5pv1a5qsshllt5mhd5p,11,6,0.00013667030628451685
addr_urwpbi8lpvbstpkh5xlatlcpyqibtthvbsxelx1t3g,4,7,5.33920976357685e-05
addr_hh7pyp3qf2nhrz2dssmojcwtav7qjpj05ujalfau9w,9,5,7.779402467059029e-05
addr_3hw6x0qvobbug8a2402s3fp637vbchhagm4rg2vupt,9,4,9.941987987704655e-05
addr_gsfwmsq5f8663oh4wlxa859tyzcpt3s7azm41mfe6v,8,7,8.570654693266876e-05
addr_vnoxuhgg8px75rz16oceiv0db8p6naj4ay7lg4jsg4,9,2,0.0001056263922310697
addr_fanjkinbowgd3oxoyoxurb2vvvcyzchwpy5pjxoc2z,3,10,4.159283766949189e-05
addr_ywp8idrlk0sbwh3lcsu8jx76b4eftxuw41vgct46z6,5,5,5.6157229014306005e-05
addr_iii4z0hj7a5d7lawywa71vzydco0lnmtzritn9q6c4,10,7,0.00011048307224873688
addr_u156w5bam85y28r7a3e42re1kd1hzfd14gbwhaa6u7,5,12,4.588630318920343e-05
addr_nxcl5k5fdigg9zrn0r81fchgvpespd59mz1dn9b4wf,4,3,4.870730769389911e-05
addr_8eq8c533jhzguqrs9yutauh6yxvvun0x94iiccha90,3,6,2.201218828841078e-05
addr_vct4oul4gkx68q6m5hp0tzxq5efksvb1buu3kfdsdd,9,6,9.963636579921463e-05
addr_s005rp8ncu3db2bvxc4g2sy9tlenzt21mh2hch5tuo,9,4,0.0001331498495628287
addr_ld56px9q26tpbpppwjql77jwatfjovdmmit7kle8u0,7,7,0.00011520408784523256
addr_1icb9vo2yc8dktcovz0fuxudpfg55pk144j6pcv45m,8,8,0.00012741641654852594
addr_c8cynl63gaguvb99rwtf07gbasf5ehlh07jr8mtk0r,2,17,2.8962374879147383e-05
addr_bh6nqqb9lzs34jtgxnx4sn6sm5rrvsffcxhgnzei3z,6,11,6.623567152826924e-05
addr_8rsikdychzbhycoqi01qgdarx2hzaf3refr0clr85n,4,6,4.0373172238754605e-05
addr_bd9d425wgf6udh9z880hur30ndtjbwttvcwwxnpaqs,5,7,8.167031852748098e-05
addr_v72j0d06ew5ekp6xtx61gqacrg24x2my93t7fesnk3,10,7,0.0001840765014837922
addr_s5frjp3qi8jt7mt0iccw3euadccbk8g6042az8chkt,4,6,5.1949798719045994e-05
addr_0909jfjfl12z4yjdkei5qfq6vm3by4ii7vxtrqinda,5,10,8.984784275502817e-05
addr_ou4tgurw5wd8qj0p43m90jcdww5jsr22vjtxe2z48c,8,5,8.366496943557327e-05
addr_3lghpdk5s3ujuklgh2dpxph8uycg8s8er4qowtu2qb,5,7,7.880131723295471e-05
addr_pglxw4otat532j91svqbx0eq5xl8cjp7oxflcf4t8b,8,4,0.00011357889635490286
addr_1sod9a1gu7zqc70diqv67lbaujdzi9ibie0d28yxq6,9,6,0.00013097566471756284
addr_yriie6mjlk60vh1bobu1d1bw9v6dz37029fqko4xvj,5,4,2.3936717424799848e-05
addr_aeivzpyku5rhidi5cm15btayrl7s19nyzkifehb22e,3,5,3.628940239594622e-05
addr_f2ndhj0h9yt157vkuabu03bfc9qsouqm83fgmr867n,3,6,2.893408256018268e-05
addr_4038bh02qa4b0mj5y8lhe81brtp16acaoozq8i5wwb,7,5,6.986709562741284e-05
addr_3ze4cfjl8v93uoa7hl2h4if9rvdcrstjspvamqjwsu,8,5,6.598801991284877e-05
addr_nk5z8djz5mg3dyvrnuzai24f30vvs5g65q8lksosov,9,4,9.635536095331893e-05
addr_6koq8gamqdphv3ruis4dl1zj6t9e66tvuzhtuda4wc,8,3,7.176154006100851e-05
addr_j2q4dnxwxhi121bk600czzfx9rqgid1miawkbl97fb,10,6,8.818083218612569e-05
addr_mqzmttrq9nw8ge8im8qo00z5env8fa1738l46fip81,8,7,7.663765272932472e-05
addr_n13g8xzyyhk602eu78kvlq7gunmotyv2217450zydu,7,7,0.00010869108803495356
addr_ywsqrkdylcjjjyc1kink9fj5j97q1p5cl56sr1zagl,7,7,7.439448473129534e-05
addr_mlfdhls7s9u7yonrb1ohcaphj2q83wke41gvv1ru67,10,6,0.00013127094298939106
addr_l5uwzoo0ke8741u1irdxingyr0g05b40c2acws2ggl,7,2,0.00010748457345374371
addr_z498hobpm4bibo2o19uyfiywqbf6rcqpvi3b8cr6xz,7,6,7.59219155845151e-05
addr_9x6reavbehhw9bh2mpgl9u0u83t5kvbotzl9do0fk4,10,9,9.890314667287252e-05
addr_ot1bgddzhxeohdvhrorukxu73n6ljmee1r0w22yk12,10,6,0.0001032484762317677
addr_292ousdsilhj7yujnmcwlfq52myo9o5pmj0o4rxe21,7,6,7.886998440532966e-05
addr_w8jwd1ijiyil1foaqtdzu1m1rxawc9atjc6jdy6jfe,5,4,2.211728522538392e-05
addr_jtz873582yek687zvaubsrd6kb0gzwgfl8ad76u526,9,8,0.00010955889185419311
addr_6oihcxzw26lto1u5vi20st432dv2ye4fmb7ehtu931,5,11,4.6209587177473145e-05
addr_6ofzhhd6sdowqg302fcgafs9d3mx1qsjpy21uln8j9,4,5,4.1602908817193646e-05
addr_uthc18ne2uwfsfspet6h2uxuknaarxd15lqrbjdaas,5,7,6.38983345931949e-05
addr_sbwte87ardm8zph9fc69q0pungrrg540fajpu0t566,3,12,8.203115765548456e-05
addr_v5c0ouch3pvc0pbs6k1azy1q5mlnk0ungy7fwu6wg4,5,7,4.5625302159616675e-05
addr_vzuylg5y1p39i0f1xg0ibwa33zol8icw6ut547vx96,10,5,0.0001609141418360186
addr_66k2xp2lu4s5u8zarw6d711kb92ufawp8ir2n5hldd,4,11,5.4992968630479975e-05
addr_r3ojr8mawy3l75fmrn74wvtgusb1dfnrxlez5if738,6,8,6.146427727340124e-05
addr_e5t78luds5dcynyjcacthehj8nlqvekuqu2qaur4zc,10,2,0.00014468703284402964
addr_nda5rcaeyizd03hmdmyv9ggzy3grfrkzvrj3xqihby,6,6,8.653446933470589e-05
addr_qvvsgirw0sktl545o5fyewo6xa5pwosdgej9x7a9ys,7,10,8.91729787708339e-05
addr_6q4zr448wx85jr3fdoojwzduzj5ih9z9yxifameft2,8,7,0.00010384945131974068
addr_g3hy5sessa120nlrpjv5nxhcmfxeep76gugc83rabu,4,5,3.0143212079788395e-05
addr_vrktu65jvfi9pnyfjx0u3f70sy7a8y9wwhoui3a7a9,6,4,7.99221158146912e-05
addr_n7agtr5vvw92rpd46z4drw1mie3u1xb7jytwxbbvho,6,4,4.269955709129564e-05
addr_i87bktbwssuowfa5rfvyi8xyg1w06j316edqc5h0u1,7,9,7.659823598966306e-05
addr_v8js1pkpl1n7srdfx9y5edew1qrz2v6nyc3gr87p04,7,8,0.00011231707051408025
addr_ssdh524jrnlron0qefaluuwye6hgqrbjaone48m9k9,5,8,4.902971750853464e-05
addr_wcs4bju8oxm9f4oheun5a8xaejgnzfzunq2w9zl5y3,8,10,9.340523917697637e-05
addr_1l48mxn6j5l1cdnyeo6xti8xkgmljruwta989wcx95,8,6,0.00014356479514163927
addr_3bmkn9b1qtgnhuod1394pzbar52wsr06vwlqrv7enc,8,1,0.0001454240558571636
addr_nfq7n6ww12tpl7ajmearp1qre8nea0xge9o1yc3tln,6,7,6.449188481063931e-05
addr_wivcvsf6k5tfci2w1w60ls7uwdedk45dxguzb89c6l,6,7,4.9220356858473645e-05
addr_a5shi5con1xauxe5zzzdm9zxbxhvrduhx5jodt53nd,4,8,6.817578389536219e-05
addr_j88gc6s6lw2ym3ekre11byjoed2ucmjgpmvjm13luw,2,5,3.108206432515131e-05
addr_cpe7js6nygz9prih5kypm5vhxc2dca08n0v5z1f72h,6,11,7.313326220833457e-05
addr_f3krziwgxa8dx4rs6ui795pvy9tma0oaukj9ikdvu2,6,11,9.609496685947408e-05
addr_n3vauknvpowd2gw767at6uemx85hg3l0uriaom1866,6,6,5.8430184232679176e-05
addr_9z61a2winrlx7lyoqzk1jjsvexo419wdsqcaesgemr,7,2,6.211035234072647e-05
addr_p7kqxp0fei6q084f8vutdblsb6v27aid86x2h6r2lw,6,11,6.917725182414333e-05
addr_jkbpj1ccpasih6vhgvhdjmkoyvyn908irx2r8sozw5,9,9,0.0001224698856404102
addr_x3ixvn4y5vftgm9se49h3h3brg9b6xpmsujti897j0,5,4,6.144347070871945e-05
addr_24fr4dr7p8m1daui28zhmra1b9e0x7ild8j2411ecj,9,6,7.946268945346815e-05
addr_qf0d9m284vcqwkwkmbxhieky7rlvhxxx8tcs8q83x7,8,9,0.00010847352488637743
addr_ayqrddd8im1rrpgphetkrfft92qawxziuh25znzrdn,7,6,0.00010953118988275993
addr_593ij45xor6ww2a18q8m113j2e8gznxcszzyuiyz56,7,7,5.604592888661589e-05
addr_8khlko2qjl3ksrk0vruxjy5c0h8zexclhpfpulrm5h,5,7,8.110466294336126e-05
addr_o6l1f90s9bp4m18o1bj9rm7pyxdw2zcfzw0ldalmje,6,9,6.798356822761041e-05
addr_8eiqetk5lp9c5so79h4ha0mvf4s2ni8tndfww41f7v,5,3,5.655719130627869e-05
addr_6vrwk5qptp45badr2r8vruuam4lm7cu51dwzzsku3o,11,4,0.00014056201014430133
addr_r5rundu7x719ny3ya71ldq54pq7c21xgyaa32utcgv,6,7,8.148477717728449e-05
addr_4v7p2yb53r3u50ru6txgzvn85n7n2kntwcibzddonr,9,10,0.00012954812618628806
addr_kmkt642ohhjmah6uz87smi7woymo7d5xtivmd75p7z,7,4,5.922885101974376e-05
addr_9ifzaec79ui87ngzi21nydfhky4icleoqf1q3or51y,6,10,7.923033619607478e-05
addr_lmhq7wdl4mf2zzta72ljh4imk5i5mpa13sthn1lg0t,7,7,8.700080048258121e-05
addr_xygdzdzvi9cv9qendkxd4ptdr77wihkzgmxuecllrq,8,4,0.00011536197519482292
addr_4qp16o000plv4dqgx0xmq438s87cnb5krjo86fkd5o,7,6,7.893575601791098e-05
addr_qqby0cqexam7vid3ppdjpa3gpx42v5rxv30t3amlgb,7,7,4.531186143731148e-05
addr_5bk154a095d4rzloykei2yh4h5rd77zenyei8brnwx,8,9,0.00011636477182007907
addr_nup3jtofk0ubhtut8tr0s5nmisu38zyjh1gcsn2xi8,11,4,0.00013226922226239552
addr_jqbeccxhj4wupr4tw5s63rh5u3vvbqevfpvu2lydkg,6,10,0.00011012532221618113
addr_alpn6i93qm9nfhpl5y7egzh3uo2grp3xmwa6podt54,11,9,0.0001217889160272154
addr_v3jpn5d6z5bb70z9szs6qvo5vun5sx422yz7mknz1h,8,7,0.00014848612399915087
addr_5k3f1rnvxshgodlk35o59ata5n9q1od04bsushxzwt,6,5,0.00010934240369518595
addr_sp3v5vs0jzwlsd4tr4gse74v5dm5nqpts0mmbbsu04,9,3,0.00011216589560979597
addr_yskkjzhdnw4y2s80lcbkw33edfyg9ar99v9z81a6fm,6,6,6.694786547676599e-05
addr_rdty0w8thta13s61c5gli8bbb3mg2z5hx61xznc53k,5,8,5.294336917583991e-05
addr_zuju4erzk4i6pgxtfx0ukge2opx2od7u58q3xfu7j6,7,9,6.41512509794791e-05
addr_9dutvaxscrvzlcydy2hq2idwqe539hao5jy5opvf2j,5,10,3.3250536956369384e-05
addr_xzuyx0cf861ck3locm295w62mnygb0pyndw3c273hb,11,5,0.00010440740305426369
addr_sxsjbpo87nu7hn8b7iir0n1fd4kgnbo2d3c6k90kpq,12,4,0.00012400671594912742
addr_f4p9oqkl4z29dlbt2ljcknc62v8fcv4fdepcvs4z2f,7,7,6.541406805046273e-05
addr_zlprh9zenlvsaccvz0icxxan9d482ujdmp4p4351no,5,12,7.316962778553747e-05
addr_jf9q2g05gxekd6pog6wpelgrb1h5cntt2am7x402g0,7,10,0.00010658350231895887
addr_2o1tqezrjonpqqm9pxt5teiafzc6gqb9ok515c5hbe,9,9,8.74281740269177e-05
addr_ohre893g6m9mekh0qoiu3pyse3otgfq5dtw4pv78n8,8,6,8.745553280774373e-05
addr_b7kwjvrx437qo1oski9vu24pscmky62fihb1h98kzn,8,8,0.0001175277402776384
addr_lq5t1f7ru5566jsoiius6h2usz2n4rbq6ey7l8t36i,4,10,4.613041387897697e-05
addr_ouv7uenmkz30hzd5djqhph8bn7ex6wiq76k54st8vu,4,5,5.583955686276314e-05
addr_lprnl3tzoytn733pn0mjqvmpnkn1rdmi08wojp2l7y,12,12,9.673609607120552e-05
addr_10tysra299hbqpux3kboh997s7z7zwpkqqus8eh6fo,6,8,4.4109700322525015e-05
addr_jl88avzy2sx0le2ka4jfy8gb5sb0qbqo3j1z7sjg8k,6,9,0.00011033623530330505
addr_onqupvga9fd8qcumrvayirc1d3cw4mqwlbgy6g8ka1,6,5,8.93344924828625e-05
addr_77hq4kvzlalrx2frkodzji8asys92b6bb1z8txoi7p,8,8,9.166775177504464e-05
addr_u56uvtksto5zsrmml84sv8ng1jwenv6mf01m0wesll,5,5,8.069830111806206e-05
addr_7l3fq5axk826qepfv645s216k8c9m47v5kn4nmmpxj,11,7,0.00014539429491447866
addr_r46gkrs3rqtpixk71w535jswytvb5ogxxxq49y4yik,5,6,0.0001559887894784407
addr_39y5p0fe36b3basu67j1jd6wzhlgty1bzzsfz2zr9g,9,5,0.0001167435013490814
addr_910m8n65ffwrq4g322m3baq85yl32rezonqah5jny8,9,7,8.17115089193053e-05
addr_7h5yxdssmbnhsag3q47ver18u5jpze3rw9v1tat3op,4,7,3.983069633400811e-05
addr_bukf2060g48w242bdoptr793vu045pqkus7ejmnqyk,6,7,5.875742768501549e-05
addr_johc7c0esw1tbqyg7c8wm22ram6ditftijol20my1n,6,3,6.287353119528217e-05
addr_5qgvtz10i1y87oi2z84i3bu7ef17rlyhn690805u4a,9,6,0.00010511101815228823
addr_ef4h5f1g6lb6s1mwqoitqgyghf0py5767em6z1mwlc,5,5,3.4001358577390594e-05
addr_ooop29gwtn9a5s74o6epegwy7a0uccbf079au77b7z,3,7,2.3740682657780554e-05
addr_m9lrsizx9ja0srxplfa9n8xymzx96zsdmv38soh6du,6,7,9.686334269941938e-05
addr_9ugsqhc8vwg5zg4hafz95t4ntyf4xuei6oshmjrmwe,5,5,4.001419689639205e-05
addr_3l4tza1ax9ifmj7xlj38yeyewueenz5f0sepmnlmcm,8,5,8.07529388189245e-05
addr_4hm5amw6imkdgx0yojxlb534dg42gpzxw66or3byxy,7,6,6.396108334740785e-05
addr_8oivv4lp8uw1u8dawsuh4l3i7nezv40gyezci7aolh,9,4,0.0001488003423820948
addr_g50i66axx2h9pcvaliuek4kugy37isdyiax0mc5vsn,2,6,3.65677460997422e-05
addr_q0v35s9tcfop74rmkbr8pk4onupa4x3lqn046unpnm,8,14,7.815001788131176e-05
addr_ycibb0tvve4jjh1x8jxcmngnlnhahsmlp45cdgvxza,4,8,5.11442863440528e-05
addr_w1p5sarp7078uputq8l3ielgf75q0y43syamho9htq,1,5,2.7803975701266334e-05
addr_cypyf6kxq0g025kgscz624iuafygbgoxk5bs4i8ixr,8,5,6.516298110042507e-05
addr_3hlsgmwrvpr7fj8fq6nt5qisqk6eg04x7i0a4uix3u,5,8,5.8660425208481514e-05
addr_96yl1s9oczyi68l5dzlz78cxbs7f2cp84nyujdsr0x,4,10,6.535649839194336e-05
addr_uzfjaljze4k2v4zppz99fmk3pbe1uggjmq6gxlun6u,5,11,5.637324363364001e-05
addr_vi3eygz8s0lj3z5om1rq881s6x5943enieoeuyd7i1,8,6,0.00014097826335881744
addr_9o7xf2w8t5yrzrs2724l5237yba8y3877sdx2nhely,9,5,0.00010021467746369228
addr_juo5vmxd6vhnmtn8oqq8x7ejz15vqdux3yhxl7ot2v,8,10,9.444417415493206e-05
addr_nyky4p8pj8lnr2pt8ba00he3zakemulxsdwxijw95f,14,8,0.00016346685211073006
addr_gbki5u7c7z1tyu01lsznalog6n74tah9afcc043py9,8,8,7.087209333579978e-05
addr_dixdjovwzdz81utyhf0bszju6t0xt07p9qu4e0mv0e,7,10,0.00011151456992022152
addr_xyljd2v57bmtt7fywm5cfv2vyn1kjs08rwq1cgedbt,7,8,0.00013426477940061746
addr_sd6g2qn3n58sy8xclcz4r39esewk3vgd306xhvwakw,5,5,3.2634870333583705e-05
addr_5gy6r229bf0k70zj31x4lcrjg9o1pvrtyki43vz20l,9,8,6.776844978653844e-05
addr_l7xh411k9yzhgwpghs8h2cmalf4auwzvfm84d4cy66,3,4,4.1863276465339705e-05
addr_ezpa5cvoj3zqppv55j7tmc7sujpmgs0os2z210ieza,4,7,3.0502446145082087e-05
addr_im57vi2ztx11be5ryxhy1l90jv2hk0cbu5clllkdt6,6,6,0.00011235876757665404
addr_qb7r77iu31e90gdrra5yu3ttbuys9p7sephomo7rn7,6,6,9.515694986507612e-05
addr_o851kamhgkrun1cyh3luida3p65u1co6o7k6r9rx3i,6,6,9.037567220909386e-05
addr_r3ghxh229s48vjc27b5fd8rfpvc1lopr07e3ru132y,4,8,3.6742936175749276e-05
addr_pnngy254m6wxlzduoc4yduezym50o08oygxu5u6une,7,14,5.893641081559051e-05
addr_25m0fibxkkhzpgv4kstu283345xi8kztmplp1gd0q2,9,6,0.00010717703530583762
addr_g0oq0dq1flsdgpz6nszq8m4853fh1fvt71uopu8lpj,5,5,7.248763174294237e-05
addr_1cowoklbx2zmkcpyris4ktai1v3ejinb8pw81nr2zh,7,5,5.264483847280267e-05
addr_oos7ugao7qznfyjfrb65ss9sipgnn04q6px2zs5y21,7,4,0.00010431350107286193
addr_5va1cosmtmr9xiguo2kmttinp0d22evoz5x2u0nxyp,5,6,0.00011582364799061443
addr_d3lb4pfot7yepfx0r99lcq3r98eezdmsrqco5rx4q4,3,6,3.0283256892004557e-05
addr_2dvkmxtg1bkl78gdgklcaxojsdajsj52kzfan4l2qq,10,5,0.0001659988919132212
addr_ew15d8yvwn8dszz3t86h22t9qzw87l3kxqy0xkegoo,5,4,6.26932236477554e-05
addr_fbg59zwhyl5fqo9vtky8ed6nwdoipcrp31coqzzdrc,10,6,4.512993291695565e-05
addr_cdkjalyurj6seacqafkgpbp5jytmn0zh1jhfvluxq4,5,5,9.158905478762223e-05
addr_i9cjr9k90vpe8quj9e30f354i53ap2idwtrsfrxify,5,6,3.640023580915684e-05
addr_wr73713wnq6xen8quw3sngiuf6muoct3sh0xyghebi,8,2,7.664910478919523e-05
addr_syam9o8kecr9pbhp3r3bdwqypei7j8j6a5tt3f07aj,2,6,3.602140466046998e-05
addr_21gpbop12fgmif89o8gdp7p75ha2bqwrfcn8f727qy,2,10,1.6163209406983494e-05
addr_xz3603y3gow29uiuw1ryfbezcli1e45qjplg4uqqlb,6,2,4.819281795186157e-05
addr_7f8lwvv59hotgduq6ddtbyrgc8kixccsg4ofdtrc85,6,10,5.4468767073824064e-05
addr_o3cdu62btlj972w8v5cubqo00iw32f89foa0f1xu9r,6,7,6.929904373253744e-05
addr_e2o5t93rhc2zez915346upcvc5oo6c5n3rhtik541m,5,5,3.9937982470323515e-05
addr_sbrp14xhl5v32bh1a4ogn378vpcayp9ypdax6kdd49,6,10,7.679405772561165e-05
addr_x9lfxaf02tse90beegoi9by40at9c4ovlh758zl6dk,11,8,0.0001900225350706852
addr_v16xeghpmxpkn3b8pfy4qcyd52alunqr8o1kjwv2qn,8,4,0.00015332008936343563
addr_nplluis2im5bwk5ztvl6zn19b4uepss1krpob44y65,7,6,7.11229002138034e-05
addr_uwuviw5u52nmxpma45w01g02bgh0iobk840bnzbjs8,7,8,4.6303563257856034e-05
addr_glqzf2lrj0g2z6zhatt9bunilqxtl5hwqlb645wllw,11,8,0.00014924974848086613
addr_rxwtdm8rjswe1blxd9cpp3t2yygb1neeayivy7s4ro,4,6,4.5309940997099214e-05
addr_cj0fwd2mbunho2ty7ad90pm5uwq1gwmnyhjgfb0vfs,4,8,5.976472594806547e-05
addr_5j77or7h402z8ghnesb06xlp2z7rrztzchkoge17rc,7,8,0.00012188213196131926
addr_jsay9y2a2ysqgk2wznf6yrbkjy32crej05hqsr30t7,8,7,0.00010488612258627036
addr_0jkjj3uoe5mvqnwqkvxfo0vc5l1r41lp0net35u1kp,11,3,0.0001404632291509385
addr_4e67c1s0ufg7776vr3ehhhxz83i5nus5a44czbpwmb,8,7,6.449443533955634e-05
addr_rbjr2mrmejdg7c2fehpqey6487dl89bb5k3hi6522m,12,1,0.00021510365249970711
addr_ozit4mm186zudnmopg8ux01811nae2dwbnulibtt9p,7,5,0.00010348598109641895
addr_nix6v2vvaqqs6fbmpgxs6bhrmpo7234tlomvfwdvo3,6,7,6.491448415242931e-05
addr_77iwpkvi5p4sho315gl39zzxo8h44jrkt1jindel5c,7,5,0.00011807184365305084
addr_mglj9e6ib204zgn65oxauzu9mw2wotcypjbqslf4tx,6,8,7.905866507540378e-05
addr_k1d8nruu8f855mdtce9sb5mbzgjzg8u6mqbiafhe0f,8,8,8.308613397371848e-05
addr_do5qc62htih0iezusdvbibxmhttb103yw9odljy815,6,6,0.00010135483299925289
addr_p3cdp52ixbdxk7gfbai51l8hbckr5qz6qvk0ld1c93,4,5,6.329270193471744e-05
addr_imq5glhc0dj96irx3nghb3cjop0vea3vo06v5f4c6v,6,3,6.642548719549932e-05
addr_xb00l44mtfqlwji7vg84xajm2widti4vupyti81661,5,7,0.00015825380972602418
addr_iktean91nq112dphv4vbsp9yy6qzoqpe3cmy2dethh,5,6,6.456369901497093e-05
addr_tihuh2slyg8744xmcy56xsnhb8pqpiva0mg9ykua2d,9,5,9.527904686262423e-05
addr_v5usqdp20ha2tslowr3h4jnldgz7jicjqbmjsx20is,4,8,9.010608533451716e-05
addr_8tcnzbnolirchyl7oioy5vw06h9mg0585t42ytubbb,2,6,2.297440574596545e-05
addr_chntcf6r4seu9n5ozt0rt2sm8iylqcrgwbxfe3oyuw,6,2,6.315645345865316e-05
addr_if4amk4wi21ha50o1yquda9zi1t834gfu6k8tq3o0q,4,6,3.943180867967701e-05
addr_7g7rutkryur437p2w0gf7n05s7ud1cd04oofpp9gzo,3,7,5.172712690625609e-05
addr_s4yen1meuw45seaddu8l73d95ceevzayb201ojpzqs,13,6,0.0001023576905317197
addr_u0gwj9vlqu5td688w4ez98wkm4r8myyaj8lf2xg8yt,8,8,9.585608329562925e-05
addr_k4f2fmsz2x0jdykyk020o55ecb11pefnjn19xecd2p,4,10,5.958967924861143e-05
addr_cu9e2dcvxbpc9qbz552l8s5mahplvxfpvfxhzlw6xv,6,12,0.00012137767528271417
addr_p1qxyhgqc49hrmgz6uzzah5ss4e2pwas3fuixdqk67,10,8,7.183921838117676e-05
addr_cqpowjw66ynqnxwpf3yzvu1lqwuy6bib8pob35lh5k,8,12,3.380538400431877e-05
addr_xc67b2466kmk3fhy7i6tpp8ub9f3nv9opfvtgt5iu6,4,5,5.518630880038092e-05
addr_cb0myg81sva3uwpkqp04qogmwpnmn5qreple9b82qx,10,6,0.0001122432247507902
addr_8mu8m5g0ftqbolu3q1i1w3iq6jqxoi19rcdgcaeu6m,2,5,1.9541972159625002e-05
addr_6iy39rvpbk77h4en7tsqrbze4cnsbdbcw21y0d89ra,5,7,7.922817838765019e-05
addr_d3nr62hg0o82qj16c7y1gncuynh02476shn8qzv3x8,7,6,7.613960586855247e-05
addr_3rai9iia6y11dljmytatjw1rl7vv4smyg6s88xsnbl,3,5,6.191069501722214e-05
addr_ab2ijals4n0iy5whjgmdzxe5jsotgt0h3civwz485j,3,5,9.877526320355012e-05
addr_iku1dgpfk04533t45fd9v0xbgrwcy92o871b5nh5ul,2,3,2.2624866524634997e-05
addr_j29fynlu40ag4wwntra8mb137s81ijzkskhrst8855,6,5,5.368668242231926e-05
addr_0fl0q7d8s11ugvbwuasto44aanrak4x2j64x1wf8k6,8,7,0.00016605935028342925
addr_7aoo5mt3gvc017f51w77jdb729oz1hk8due9znwvp0,7,4,4.796437267837579e-05
addr_fcjz9bo4f6t8rba2fyry92hjqn33bq85uvlyabzm36,7,7,9.770274115573873e-05
addr_q1m62yeokpjtwwwqi4mtwoyf1ku663hh1kbcbi3xgt,4,6,4.1237611163148185e-05
addr_73cjm7kw3spks337j5ze5lajcjg5u5lkfsyv2hm1h9,3,6,3.303167998429614e-05
addr_lsgda87whgjebxa6ppqvelvceo5no2911lzud9sgou,7,3,7.921162985526337e-05
addr_18j9mideovhxll5umnf6ngm2ww83s9q7yomrgqfcop,7,8,7.169871276800396e-05
addr_rxxdz3y3ser5fgrwk47a3rrpo4x2llzu1cczwtt8kk,7,7,8.377749420865326e-05
addr_vwxmpgfqg888kmj5zwkoskcmeng822zmghjmtcz9ve,8,4,0.00012393943551170457
addr_kgdwnsk7d9h9235iu56h6779c85afsmc45ez62500y,5,8,8.904706734424795e-05
addr_791ram9p0np6ovyfaa7zvfp8h7ljxpi9c4oe54aet0,8,10,0.00012931534467385008
addr_z000e4x9jac9lo8mv9qapgg7r9ann48ck0pljh1frx,8,8,0.00010802147234873883
addr_jmlcrg5l4tln60zf86r462p6w3ukzky1v16tv0w96o,7,5,6.818732906207792e-05
addr_nlag991kgnhxyvmdh6w3qbp9mwgjwch13tyghekq8b,6,6,5.007242352489362e-05
addr_r821uzvgww4fyb8dalfyo1750cehlxslg6mm1zxyvg,7,21,5.3722088185365814e-05
addr_miqtkfcwpao7byp7f1sa6vqik9r9v243izx7psjj8w,10,5,9.446391757974068e-05
addr_wtojw30k757mwo0rts95pupxpnomp291dvowhvmhlx,6,3,9.580715057264815e-05
addr_d8oojtc37w83bhv8027yq3wy25owpzmn6xh6mkgsen,8,7,0.00015164900845477427
addr_0iub1hx6lk1guyq8x67cv5yrzogyami5lxaak8dtsc,10,10,0.00010099874399664082
addr_uqush7lc219ik2j5605lt3448rq3k1f2zehtbat4hb,7,6,0.00011867626200916958
addr_xbaac6qdcv2iyq9gntdwhmbun6xbelko48dhcbzcxq,7,2,7.560312647570709e-05
addr_ultwnagkf2mnghpdtkenmayq2gau1k8lk8ptlx8mjg,4,8,8.130306527705473e-05
addr_g4n42fsg7e8ljf6antcyjkdce117fazy5x95udw9ad,7,4,9.022596587099335e-05
addr_s25fdgqthedg5c30xxhpexmk9crov770kuh0b6xyhy,4,9,4.543413009103266e-05
addr_gcl8k3mcg5pjnw00s0pyutxpz2x35cojjreg8bpkxw,7,9,6.218005988156548e-05
addr_37pjpo3cvs3zrb9opllv12bvxejaxvt7cz14wjai9c,6,6,5.577058427202993e-05
addr_wox0x7s306zc9oiwcc4d9ot7ytu40e0maqu3vjzs3x,5,6,3.9616302923367795e-05
addr_laa8oora8bumvj1tryxojysl3de2zc8gsiqlys7yho,8,5,8.473913471801073e-05
addr_kk7do7x4sx39goh8bd9htrfezfcelf2bxehluurvnr,9,3,0.0001194446290157405
addr_cymuvvl90pjrpq2gv5il7k1p2i8urro5mflqimmer4,5,5,6.854954464878028e-05
addr_qmp8v1yhrbvv3zvyxezxroetou4fixp0bgvsitntck,6,9,6.939654048539027e-05
addr_h6hierg5bg28599q591bdwr4jzooeudilxysmyj4ho,4,6,5.1287539762375074e-05
addr_xq7xl886p5xh4zuz0pjqtf8nbewud30e47lqzgh2yt,8,7,0.0001001484863587945
addr_604kecqy9nhto5qoe5lgfgeu2h4bxjl7wgaazt1x16,8,9,0.00010895609614779906
addr_pdrm147iurw583mdu6vkm0mkf56v13zozgq7mvgm09,12,6,0.00015241567099841483
addr_aakl1svycytc9zjyew3i2i1brvzddg9uoyf2ee5mzk,7,8,0.00013025551075095316
addr_gtpen8u2mz95i9lvim9yuwa5on2z84y2gvthv2e2ip,11,12,0.00016754165946962374
addr_8dky4131vgrpi4aqbrzz0s3rygp8arcgcjp1bz6zf1,6,2,5.5560597019245574e-05
addr_3wnpe8v4si5hi2a7ks9vc9vbcmkvmssmbg5sxliq12,8,5,0.00014076750214144995
addr_ip7sn94e995axm456o0myrg904ybg0jaiof9hsin3v,7,7,8.738891791018292e-05
addr_0cr8le854mfuyhtpmw9mgqp8xt9gw50qhzflpsq5cl,3,5,3.8601221682733455e-05
addr_sc17f0sgqxx7gm84eietj6ubrw9btons8crh9kfe9s,6,3,8.085786150518524e-05
addr_almui1jzgycen05zrlbzbjhzaxv6qy7za2j0o9055x,8,12,0.00011535608186254812
addr_2mht2ix4qvrtf3y4fqesi0odhnung89cgu0uk8pxu4,6,7,8.690049170232111e-05
addr_d4t2hekllby9ayfb1k76rji60rk8epui3jksgs3bu0,4,4,5.757857691583528e-05
addr_s2lwt7e5hjshucj4pzhq618ikkcq9jmglcu67nxk1y,8,5,0.00010560915747328657
addr_b2z1rzefmm59qkxe1166jb787ot5e59hl8bsepme5p,4,9,7.012447584107572e-05
addr_87kk5i0bla723adk2kjirbdnafhng7g13yoesjk9p1,5,10,6.654987376107486e-05
addr_iypjtfd8v6u1q4ussh7hprzdhl6pwzicqzzi2ro4ry,9,7,9.492417462731715e-05
addr_stj60l2mqufjznt5qaa0eyo7ki76xp1k4mvm9el6ei,5,7,7.190017896962864e-05
addr_ygcqwhr1e0e8gmtexzwe0qdndb94ljq22ajxf9v5ld,3,10,7.714835513180396e-05
addr_z9izri7jbcwwmm032kkk5hgsq0inz2vf0snyq5g1dc,7,4,0.00010923336080706225
addr_z0ecojbiteq2knw5zp6c37q5dkp0xfi7mcu7whzfq5,5,8,4.565476044606957e-05
addr_52qkfh8tstxzwupoh2290ky4j6cu5memrqi3emqacj,3,7,7.253376897269226e-05
addr_3yotitvffi8m6tql52ptnflf23gzpijczoi3i1pdbx,7,4,6.994942737097704e-05
addr_wobpkahb1rpzd8n0obkuh9k3sxdlk8i174lxz1mfih,6,1,0.00011944727704260661
addr_t86j89b2x6bmza8npuieakgstpqppkc97oudc9cil6,7,4,6.640709191065078e-05
addr_ku61csxxdsvm7fkyk9j4nuh1zawoctjfxhmybxtamw,11,5,8.783451942193834e-05
addr_dcirow8a2cqbywlklqbxxa53xi3c7g0abgb8pmx76a,5,5,5.248201919944152e-05
addr_mqvx0h06yv1valz22tblbphynjmwzj4uomxy5py4zt,4,6,4.9338213391598724e-05
addr_648osp1wqhpr56rcchcu2v08rp8knx5bz6gop5qgtv,5,8,4.639032669616103e-05
addr_k424nu2psomoyw4fi8rzl2vd9911r6ayugiy9ixy26,4,6,5.3539664863094325e-05
addr_ls114dkomfhfaed2ad5unxlw8teslm6b6sjq71xk4j,6,8,7.754926889700052e-05
addr_8zaolekjxyw6vpcbrwzr52wn62ghzxopyh8yjeev03,7,6,5.89758032624962e-05
addr_su4rgkl3zayw3ka848mofszdlrw5k350ggln0bmxjt,3,4,4.1072599457347675e-05
addr_difvjjz8f3u1y90b6870vjo0o4sq5ihvzro678ggie,8,7,9.368507300145224e-05
addr_wx8ofl1m5or0ca8r94r0u1uookeef7eh9358c44zun,8,10,5.7772114016821526e-05
addr_56vtuuexcuw6cf4nl1g355cdj9m14svqvvexmo42fz,4,7,5.077814387636659e-05
addr_m8pyryb14wv1wuz1zg4zkyvy8oxwtlbp8lpk3owy9a,4,7,2.841656211859323e-05
addr_s5lrq5j5xk6jiyiadxq26irv600qktm962ibo224hs,6,9,9.990855002823633e-05
addr_czng5v9f8ntnf2fdbbtmqunpb4d7t5ae0iqy5ihdxc,8,4,0.0001101531020926302
addr_fheax4j4btiid2ym81zanxjvom6nzmqczxfsm9u5t0,9,6,8.499115164631867e-05
addr_5ubal8w0zthpfp38phk5pnmtvy5e5dynotimwy93ei,5,9,4.239945466062528e-05
addr_dkzgt57llovl8t2xq6qhdxzw33eka661nzzs8driub,5,8,5.232648007504428e-05
addr_mavv4gz8wanpyrzq3a2kprju1jjj7vx21kjmm02vip,4,7,6.111390693747027e-05
addr_h8yif0x4ee6gl6u90lc8teiva07qzkgujk7i9zbukp,6,6,6.51114315038252e-05
addr_xroxlubbr4v8s669381bnautwh1laqzqs5laipfye5,6,4,7.91255731733851e-05
addr_ulllazix2tuxpzjfxlcei5n3n0wolz16uukgz9ij2k,7,8,5.586012251810237e-05
addr_v5a0leup6ccrr1as2pw78mxxgxorbiuvsl6zejvmbs,8,5,5.733902114179261e-05
addr_es6swl6jq9ftzv8h4jya98ezozyr10spu2zqshcree,5,6,6.084408371517811e-05
addr_s3axjf251odwbwqtvlucdur9xsscqjvyprplqyspr3,7,12,7.854559719592017e-05
addr_radm95eckgyxwfgqhu9hk61cdo05mx1ddhjuukacwp,7,7,0.00010612328155673336
addr_xlwxd8j6bs751b1arkz3uc8bxd14y0fs5bm0k5zxx0,5,3,4.1203539201139384e-05
addr_4ofd9irgavvfqqcgtki8e952ps1intu0fcbbju56s3,5,6,6.102172677219487e-05
addr_c6jpu3q7mn1xcscy91ookkiigli2lyxnv4csq6ht5c,5,6,6.617671428004669e-05
addr_u703lq9univhjyyoim9eb0wqzup34oidygmpqsvc74,4,9,4.1515834048512836e-05
addr_1g1eg1i06aiwxest02y90bwfp1b4k53nvxryqgftgx,8,8,7.734196943080901e-05
addr_mq3ryxqoicbn7rbea2k8qclsgaohwnnfpgvq8ak1hh,9,11,7.853497012460389e-05
addr_dv50pptceyuljjnabk02igqkl3c26m0z8ywmcynrc7,12,5,0.0001679178344541338
addr_0e4ymib8asd8mbcs1fa26xgecn9z1iio4ejxtojkql,6,6,0.0001334216607446887
addr_rr1v5v7pn2dc43j8q2tnvft4n47zt4fba0k4dfg34o,6,6,0.00011335813866869302
addr_v5cvczsjnt2xe1chvayrsgohuq2g3hbj6zs55rbatc,5,5,5.4051141771371404e-05
addr_fpt00e2qmk3uhk6hmrtiehc2yix79pbrtg6c2rra3p,5,8,6.447746251169864e-05
addr_af939s4bpgnouva2utf1askcy0b5xh7g7v0ikp9fa1,13,7,0.00024037880545024607
addr_bsf5ksxz5er12d5vr2bkf59va2wsfjdbe2x8iwdryh,5,5,6.245790344662533e-05
addr_1r1y9ccwe81oblxbv36tomatvhygqzt360amhltt7r,10,5,0.00011399421361726176
addr_5h3hnder7hn0g79n25nrr5apgcd34twsgblq143wm0,5,5,4.324300849074733e-05
addr_wksseeq88914lxz4fbre3qfa1dn9dvr2kt2q6fsz85,9,7,0.00014975426962733225
addr_fyc4nvy8v4pa8u9ohuz7rthnzvfdnfu6vkevwxsh0s,9,4,0.00010023698898644585
addr_4mlrazqci3ufczc4fnio6ua205jyti6rzektk3ntbc,3,7,1.785936079071935e-05
addr_ssqw6efp4e1o5v02fr9ng2jsg6zop7n6ygc935i794,9,9,0.00011658342397752279
addr_uikt8a6jbefno8qxjda6ip9129779aagrsf2lqqgv3,8,6,0.00012908296806616606
addr_ck6e9doc1bsjmzxqec9uvislgy6lb9dkw2vydmzd0w,9,4,0.00012143520802470634
addr_p6mswst21z970s6mekquf5ol0mq30z2a4qk6mjgkb4,8,9,9.971815231666916e-05
addr_dm3up9m6o1r029jyhs57eyvqi6aoqzx5afmw4bnpsa,8,8,0.00015593784901942855
addr_w5a2klsjf38gnat6ndl0wz85z3sut12qxy9ulim8mq,8,2,0.0001361424795749603
addr_ta4aymrclt8cwd1d1le9yccpnp8pfzrscmj6m80owm,5,5,3.58437360091137e-05
addr_ci8rfgthqdz682txtugisvjh8lc2m8jc3b8a904xq5,4,4,8.384036368944404e-05
addr_euzqjh5w89paxys98om5sxhn44wcri1lrunlfnban3,7,5,5.795117939842183e-05
addr_i8spo3a4l16934nbbohwal1dvt9u6n0rggp0cjfne1,4,8,0.00011219288503205011
addr_abo2zpjwnngm6nrrazyjednoyqzn9rdace8gsms2be,6,6,6.605279139261886e-05
addr_hnisvip2ub33n58bvbbhf03sr6fhx4ka2r5ycvt2ht,6,8,3.946701101931057e-05
addr_ez0lbrie19494dw3e7mtdusl4u56m8amn4ralb40eg,8,4,0.00014839703448746503
addr_hkd6k7rmnzsyhripvtab38lstu0cgf2ixw2lynhx2o,5,2,5.311708536403658e-05
addr_dfpch363arif6991fzvatj87r8whc0mbuoqd5l63re,2,10,2.4811044732171164e-05
addr_bwkua79m6ss55iuqsuduq60u5n0s2qf858crjh42f3,8,5,0.00011133458509699298
addr_wvmrpbmuofegv49e6tvle5mm66zk2oiijrxermytot,6,2,6.982533897491306e-05
addr_jdsbt22zkl6z030mmnqqkn2705eda8r23dldgl5vn0,4,5,3.9502065757104245e-05
addr_4eojl0g60vyapwosr7cb30dd9nt9nvt9n1osf52hfy,5,9,6.320910027455907e-05
addr_sdh1xc3e5r837pom95r8kcd1iac2bnm7xh8aaeko7y,6,8,8.336661331674035e-05
addr_ovec16vt0ja8kt30u3xrjgnbpa2bcwug0cwiz5nddr,6,9,8.895243654309597e-05
addr_3sgqv2xf5tha2z8c7ggw6h19vvz7c5m14frqbn3677,8,5,0.00011030567964675262
addr_1flr3vw6nmwriw838sz1xin5u8o62r1425f2rfma23,3,5,4.173376224326641e-05
addr_9dgcn9h27haj10146rt2wpn1xh2sgjrxz8b8m71yy3,7,8,9.556031644479519e-05
addr_mesfhhx824dcclc5r0jxxvygza8iyl258xxgm798v7,9,10,0.0001049181762036563
addr_gmffohk94w6wuumo7opklj670ljc6wo7v1iz4jqi55,9,5,8.501416332107361e-05
addr_5nxios6i6c74fslo6frzawjv561n4g80etiilb4z4c,5,5,6.61385207939628e-05
addr_2dxzl18rrogdq6vj58h408ifekifr8z0xvoxbq81h7,9,6,8.961009197929123e-05
addr_t2m398yresi1oxzdscncnuqpwpvahg7f7dx4eplka2,8,4,9.465456222775454e-05
addr_xhe9nylpdyfqmc9b62zlnbpnnm0imullb2u1nr1udr,6,10,5.078337083991887e-05
addr_ihdxtjqjkush60fii0nqkezkg21aqwb6767uwfzrvh,12,7,0.0001315527153712565
addr_0tfq7x2fyzbh95wrocddysmcimhv0nht94cgzisxs9,3,7,3.394640078610478e-05
addr_xqz23ojmre0550jfq0ieb6uknubz58inafhmro0x93,2,12,3.31869386254194e-05
addr_5uyg5fvovhi9nl76bizpwryzzpnqf7pr69rwxj9g6e,6,4,5.861250110409833e-05
addr_rkeynlqhpjujw91fbctkakw1a4u49jlimnqhvnjw7n,5,9,6.875263004819761e-05
addr_bshml0u7j1l6bewebl3b574oeaxmrfel8fuxbscf2q,6,1,3.669286358126912e-05
addr_dibbfr0ayvnx9sjeicuyzfpgwv5zkni6kkqvgxo234,7,10,6.026788122018098e-05
addr_dc05k1ed7u2vypluwex1wdp1tcf6h87n65spet4dvf,9,4,9.361574401322525e-05
addr_zy6xbtmoag7swp2gn5857e4jqmx9pqapvdda054sw3,7,3,9.065036566351576e-05
addr_jkpx4g164bm29lylc0w1s6rms3d8xdux0ygenksup6,4,14,6.48638077784587e-05
addr_7vz17h835tzsyscczxuwzxh4ecgkcn3bndqy8pjoxn,5,9,7.51119008616802e-05
addr_mjybpymdyz0mi4vgiuvpsq0lqaz0ud8m9ozw85cuey,10,10,8.486082196117742e-05
addr_m460qxcdac4k8agbptqe2pmsvrz23f42xzhwxsongd,4,9,3.975279050131107e-05
addr_ddpqx2c9cj5j9y0sehyf4eg7mkaujwl2czobsv20qv,7,4,8.751919527828921e-05
addr_rwxx5c5yiqc8l2w6v60o4z707c47b9zl24pqy1jjuc,5,6,7.899522241524166e-05
addr_b9ki1jcuu34bzr9h5ft5q5n9uqdqmj7fryo48lfdc3,6,3,8.438698047222139e-05
addr_zocjecb4yhbm2hnsqlnap8meesmcouez7ryc2te8ec,7,6,7.967339997719108e-05
addr_nouroyuawdrw6fi9le0ncnmg14zz9zw1z9yud2xd3t,9,6,0.00014155566022537765
addr_xizxizeolkzyyde2mxt042yqqampjfepup6jf5w3dh,7,8,0.0001369084079975374
addr_4g8yfkprig77ahey20r78fjbjrf0o4f0f7si7b1t5v,1,5,3.7168730488042784e-05
addr_64jc5i4qgy5sy30i67k3y3eed3a0voh6ce2cf736nd,7,4,8.446281056608445e-05
addr_6uiw4wzyc5d46iv3q87yi19o1k3qgmwcofs6t3phx4,7,5,7.242180112413164e-05
addr_myry9vvlmid882aosj2re7xus359i5rttcdh334xwy,8,6,0.0001063743916227118
addr_bzwdy7axf3g1fafva3sd0zk8lficv7hcgf0axs9j5q,8,6,0.0001063213110862098
addr_iuyd7rina0vlrrbaejz286qpjn22y4lgqtcd21w2kj,7,5,8.53813184463935e-05
addr_k9zjvqib2v8puz0chsh8so1266ynyza6jt981vwsip,3,7,2.6611637021486084e-05
addr_ikyme4iv6oik1dhf2kanb4kavl35xjpsdmwgrq7424,4,4,3.730696507371215e-05
addr_16rex4dkrthbuxd8da039w911xergx4mggqqgd98ha,5,4,6.053872716541198e-05
addr_795c4k9bt78kkd2sgr9w26wc47p13vfj02lvrznd8h,4,11,3.191088417436457e-05
addr_g5m296njwu73365rd46wkecbaots98iz3u81jczlxo,6,4,0.00012784837618259328
addr_juc8h8yspa0q0a9vgru8t84c6pv76fl1ck9k7ze88f,5,8,4.7626837227035225e-05
addr_7tu4vwcmwpu6cdzc6sntfzlfd94x6oj1v51p1uhzrt,7,5,9.627205028868918e-05
addr_9y5v9ncwb8cb8rs0kja9abc9e5cv9u34l1jmaddu5v,6,5,8.884908581196297e-05
addr_ptpo5ew4v8o8wrnknx13c57v5awzsah1s6r9ew89ww,7,3,0.0001151138863262269
addr_em5npt8mudwamon6kb10xtvga4i80jwxda8y2jp6uo,6,9,0.00010355172220608893
addr_a5r2jmabtd279t57l9jaq8465w2lwbdl3u1r3m8u5j,13,4,0.0001807484862278428
addr_2t8qc13hzi1geiezyrbzkl5t76ux4kuvdi0irvo9ma,8,10,6.912217699848003e-05
addr_sgwb1c4b4sw4y8ofor49sq8oevz8o31i3glmpbappe,7,6,5.164485387333663e-05
addr_w5j8xxpbxsern5zfyl857xuskpc486aqs8atjurwh7,11,5,8.38109462894148e-05
addr_hiwth3ysvc0ka2hifkjmbxnlxxduprcc69kmtx2nt5,6,7,9.03444221299429e-05
addr_17vxw1hs4jq3svglu45sppdnj7sxlph75fxlw10ccd,3,5,2.257907582765806e-05
addr_ybqh4thnxghakh2xraa6gg8rt5gvockugxw83vcqv4,8,6,7.944795255801211e-05
addr_03s2tt8i21lmjoj1l4g7ysd7bibocv063c5gsc3ao7,6,9,8.322630227674426e-05
addr_gdgmleqwsoqx5g94zutzt2t83qrur6m7v0qxtiwrzv,3,3,3.5672368261205676e-05
addr_dmh5fqjx3kl5x1x9f1b3wwwgncohas0wkmdemj050s,6,8,5.842480179110569e-05
addr_mgu7ilnbh3xpods8g73mr9x4x9nl50uif42gxi7pl9,6,7,5.7329791036254647e-05
addr_z1kxml4m6yf06it7o2cvpqlzursycyjiv91bvczec9,8,13,6.795233020320837e-05
addr_ru36hyvlz15v41echj9xrqkr343ve2rfc21g6ng7lc,7,5,8.381852733582414e-05
addr_w1a8tvageqp9yvidw3f4av680eqzltqhqz7mq9m4tx,6,10,6.304683547280583e-05
addr_giirprpn45lyp4pbmeizlcqwoxvu18xotjbu5q8gpn,7,3,5.6747262616781705e-05
addr_crluzkw8oroh355azmh6ic7wcjpq0y50m9vyyg2azd,8,9,0.00014149070496543274
addr_3sydsn4r8aneegetx7bzlh01cj7erp11otff9zcsu2,7,10,0.00011837558520160308
addr_chxv8kg5cwy4c8pgw6v1j0xtq3k6ek0rrbmobntssk,3,6,4.9111572805481586e-05
addr_jvbmuh7oix9z6c41gh2c69dz0jg3eeruugv42jimlp,2,5,3.4674736282643904e-05
addr_xtx5h0r8kksvqfzyuco10oxoowgpy0se8sx1nzfnws,8,8,6.080698905011969e-05
addr_2dd2kjzz8i54bxwgyimba8c9ztufagxkblrecdb0o9,5,9,4.816148792702903e-05
addr_xfyjuqjbkh543z59a1bceex3wyoksmx8xsn1fljrpy,5,2,6.194188597978138e-05
addr_flsxmr5xum1zkxpw7hpj6136lyr5m5karm3k33m2vz,6,5,7.443547677818075e-05
addr_8az6mkhyxom3fdixvpy7jnje94l6cvwssk1nxt3brs,5,6,6.858630803781183e-05
addr_mkskvraa96iozo0fss00bmkxuufft164nt4swfut18,6,9,4.3398253655995e-05
addr_wkgt6bcg7x0cmeljmf96z881dq2eeqee9y1vte4btb,10,7,0.00010648116168962096
addr_movvevok9imn51883v53saqwjro5xba7j9xk42tznt,4,5,4.921555959658859e-05
addr_vzbgk8814pon1sswla20ducgdbm0utcqcl3i66k5rq,3,6,2.114540345344426e-05
addr_y8nd0e8kulevsda9p885v20a5sgcidqgqwl9zwypij,9,4,0.00015339752289864842
addr_i8rvjfnh1cbhf19keg7l4cezdjjfnfecw9akcdynvy,5,6,8.52011798857656e-05
addr_msdpwgx6klemfjtmx2ed1827mnwaqux7hbcyzl8kzn,9,8,6.382478631726972e-05
addr_suj2n7uiu2akafuxlvk110tyvvtrk7ev2i4jblokrg,9,4,8.483621229243821e-05
addr_m8he74q0pizyoanerv7pluama55zkrfhd9u7nnauzz,7,7,7.187270237259863e-05
addr_s188kuno2hk3d6oe5g1ltxobhbjdmmco5nis65ns0t,9,5,7.683395586423926e-05
addr_gtsufcxc1inqv9qdovuf5fxxgdzorhb5wvc1zm1l8f,3,5,4.0328813979647286e-05
addr_otfdgrr9vmmasxha4lvh6kv94yb4r8ocfssw96cgow,10,9,0.00010159791501414126
addr_k00jyr11x5u3vubsrjs0k1gh9sq0rfpyk93bz9t7hb,3,7,3.946838056542498e-05
addr_75nifkcepgjsfoijocvsgfgnmv3xybd8cd5n9h32is,6,4,4.1872800437743e-05
addr_y1651ufrtagptqm00gnxpx3d93tblooeboac4nmsd7,8,7,4.5055614653853444e-05
addr_7g7grvt75fnf1v8cohm0c5wlv7enwvgjbjwngy55di,7,7,0.0001340811204973242
addr_jvq9bs75jtji6rlmriy79l22xopbch95gyjq40pkpb,3,7,4.163963870048282e-05
addr_wvxai8m8wn96fuis675zkdbi3tf856kmojjcbipnzd,12,8,0.00011495553764918413
addr_9htcbu1j6f1p720qhtbrx2hv55scib2vsp81j4zt6r,6,11,8.313899142987158e-05
addr_qhi2t4fh9ea1s09jd54c2zkk1hesvt7rijgbul5d0l,5,8,2.5830123277428052e-05
addr_a842i3e3rulnvbrvkd2f3wtu76oxyje4gwxj9xp5j6,5,5,4.8657022027742984e-05
addr_78g5qtey5w94ss3o0ek219qg5g5y5dm5by1r89bhsd,5,4,9.9594921944637e-05
addr_d89eel9mgxiuut29y3j0ncoav7y76jqdzk5a0ijg5i,5,3,6.130327768506702e-05
addr_wjrvotf29u37sur2ktwadb0fs8y3bxkfzgg91g2ynj,4,2,6.107839472312161e-05
addr_5uu4iidk1f72k97b9yv8oueioj7mhfrjbbn9q6d2kr,7,7,4.9270706018783754e-05
addr_gnzs43c5ba75uuzpeal2w37d4ivsolmlgses6m033i,6,19,4.164345612005781e-05
addr_oftaopc1kmhc9rca9km62550d06fhudzrjim937og3,8,8,8.191641535421782e-05
addr_3ne21fb0nvd8dlnejkutrbls9adbav6e9aqkctyclx,6,7,8.861780047564062e-05
addr_8q43aysnjkwx5nnogt49z3j91zw0ihum48v2s55l8y,6,3,7.857593448620875e-05
addr_4mwl4ax78ivagqat1ptg3agy2t9xxkxwoqyty6x113,7,12,9.34983519213338e-05
addr_ut73h6i9bjdx39z4dl56e8vrv6hmdg5s4ur5t6jqwq,7,6,5.950247147013767e-05
addr_9w48u15cotr1j5cdezvlv1t4dekox8uqttwr2rauif,5,2,6.380141912882894e-05
addr_4zj3insni37x8tbusdondfprkqzij9xd6o4hd3g8ct,11,5,9.449303648258214e-05
addr_5r6p65ne55htvh3rozn1u6v8oytol2jjjmgl3q29dv,4,3,0.0001497937080362023
addr_gebeno5n6gdl0rz177tawi388qpjd2ok57ikwzh2hn,3,8,4.2272316632399524e-05
addr_sfsirzt6yqdib1y8ljobnynyli0z5mms9yzdyhqd8e,4,8,5.353910930410291e-05
addr_z3425xjyjq9u1dnkqnmj8iauhy1p11rg3bbxfp1umj,13,11,0.00013328624810396525
addr_6bbq1p4uywe4l9urbrreax6o6rlnslian92fyiqcw7,7,4,0.00011379115752250055
addr_rlv01237m40akofike66c5p04nl6hgib3ibe11apbn,5,5,5.714014427559538e-05
addr_9hc7m39mtr3xk1orrmy40qj3lai9j3div8h3kkigur,8,3,0.00012123550906813433
addr_vs8polalzu2redq4h75896ao600zjs8wgxr7vadpje,4,9,5.1356845276517706e-05
addr_fp7s4wrarndhb7km0ll6vx8sj26m1ucofkir00n6z8,9,7,9.156108043443128e-05
addr_caqygf407uymb278ehn8svempw2h1ipq6kk9u8oio8,8,6,0.00010225471843997965
addr_yctv36cm654v071c5o1def6g9e5vx39kz2zz4285ku,5,10,3.408170961753843e-05
addr_79g6v7r7p5ev1twn6kbd6zd93mgqrxk1whiskl6ghk,7,9,8.518168902272319e-05
addr_dv76oizqyznaxbiintaiuk0uuepd7f4tsql1qt3ysz,4,3,5.987653765524187e-05
addr_jfchrc09o8u5797bu1bo3qzd93tpo27s0x4hpwxgbq,6,5,4.8585426989740654e-05
addr_yybvihqne3al9ub1ztpsfdck715i06ftsbyz0ji6ip,5,5,6.207903261600557e-05
addr_mvhpl2iljl8vj61tyjavf61dm78ui5mgab1w1hgw5f,6,8,8.75851012832902e-05
addr_2xy9sdaik5zhe4q7gs8e8b06o9eonnnl3iigbpdi1n,8,10,6.150050520110571e-05
addr_2nd2a1tcslcv4s6v6vw4hl8fe3yd9y274bx06p8c1w,2,2,4.763604112765048e-05
addr_uq6kacd0n0m5en7bb2twoy05ewfyara3ursju9b9u7,11,4,7.308288961789109e-05
addr_orcx5pv3youukpg1ox3ckix3qkkae09guqj4bq2yl7,4,10,6.549745836261775e-05
addr_2apv5c9ox5rvdzwv49wtb37640itvjirk23gg27slo,8,9,9.811805776324463e-05
addr_kvaeytngc2wl0aoqyrltkmu4hldnc1f88xwjp5mvrg,5,1,8.105979534049977e-05
addr_17jxptrf2rkv3g9b6et0kn9logkww8uon2s1jlqm4n,8,2,0.00016475388662380553
addr_nbnafn02kbq44c9li03gdij6vruffdztbq56s1l2wd,4,14,5.6608526142892855e-05
addr_tc41rwsb4hy6aha7w3mqojyssexvr29ifdvbwevsey,8,10,5.243555930066915e-05
addr_7et9x3nfmepgq3f5iy09o3xbelifdd3akztzrkpo4p,7,11,0.00013505326666624494
addr_v7yf6m9hxs84udolj8elw6mqix9jpwq9ta698vzmvt,7,3,0.00010501708763408215
addr_s4e13g0ajsdphloyjnq08eofqf98c8ymhfsbiukggl,9,7,0.00012523417283618585
addr_wcpg4mxlpzaoxe5qf0tequfdud2fqugdu3vu780fop,7,9,4.700173518010916e-05
addr_xpl0igxellfup63h5gsrkn46dovoifzp0yqlayqwrj,8,11,8.616436354809024e-05
addr_08p6zwffrqhk0gjz09ekwfeyajvosrti1hchocqhb7,5,8,6.699545554207859e-05
addr_ubzl1dxnged0nl0n17rvqe0vm418wzq71cp7c5ahwv,9,10,0.00011845251433740404
addr_w8s1wvblhwp7eziqpr7r7tnest7seuyzuwung30qzk,4,7,4.733909719885642e-05
addr_28os9w9n74099haq8giivl6sv9pb00toqu5hng20wn,5,10,7.425528183698676e-05
addr_ud7iwlk0dulp3ss26qgrcfk9w029bwbd059xhwt2mo,8,9,0.00013406987738595957
addr_filj9abpuw825hnrlizgy0w4oog1drxwhu69gpgeni,8,4,9.896088012632901e-05
addr_63xyob0f4w9y1fe6d9ptu372vjh6fggaayis8mjzpm,8,4,8.646471841395942e-05
addr_irrbcun68hziltjrz7tcwnh9tymvl78ijzumtipnx8,6,11,7.571999200978185e-05
addr_4act3evqzquwwzrgmds6yf33swen1bewjegma4kf4a,11,5,0.00010012619949741784
addr_69w8clyy504pd0si3fiqjkk0slmr7n3ret1m4zamf8,4,6,5.5831483544005503e-05
addr_c6a41l12im29nnqpnji8fg7s1rdolpgu8nqpckbqrg,5,4,5.210019592620021e-05
addr_ckkv6vhd0vu80z98smvypfujv7n28gwwfytg2tme3m,4,5,3.233250263852725e-05
addr_ta71ji76kjt71hmrnv2disaz7fn7lpcir8du5onrv0,8,5,0.0001263937313164174
addr_upnq497epz7tkhq1iouwh2ydlwonpegcgcyq1tqg8s,11,9,7.007185778162634e-05
addr_x2mim9gd8t7ebcahx0470mpha4sacigfmt1dbto8dn,11,6,8.567583569269733e-05
addr_7uhiv8oxntotcnjhtkgdh20c5bcy20j79dxpc5f5mc,8,7,0.0001067299237510725
addr_tmd4f9hg3sd2gniib1b87t939a6spzd1skziol3qrd,2,7,3.1964775066290744e-05
addr_k5k6vvqqqcag3lxhgoi5p7d8xbgab1slwr24nlgg46,4,6,6.059013618092135e-05
addr_2oc26kmw22xwhz6zan59l1c0nvre6xdcowf9qfdxea,6,7,6.707337518598897e-05
addr_cx66ornciy0ohd0ku9auz4ebtwjetlhuficd74g0oo,8,10,0.00011845143130246525
addr_xv5r6x2ne7vlv28w40vcd97l9k8wof1xqlu4fxp6dp,4,6,9.960928695954711e-05
addr_hez951bhlotyqu6kwy9rljrf1m5w7g7twlrnzoxw6y,9,8,0.0001232384989224263
addr_90k36ovhme3svv6o7smg69rb7nyhg9s3surhlva7lh,7,10,7.749150138567357e-05
addr_n37kwqwgyen7lkfa9bm4jw9xn1txjveiheltccxidx,6,10,4.4501457629913103e-05
addr_41b6k16le7np408rfpxx1oz9sok1s22cfh48zsopkx,11,5,0.00017366855313032836
addr_5cgaghft9zzcgl9fwvvskp30tx8j1ccm0w3c1za0dv,10,6,0.00013070005791837827
addr_c01q5byswb0wtahimg9krw3gk44bwmpe5z790aoufd,4,6,4.4050541333570526e-05
addr_tz0m3tjnhyg8bwzkj17u28a4ope3km771s4pk1vysq,11,6,0.00013905367258547962
addr_gb6ea7k9pxviav1uagfy946enxdbnbc2khgqxf3p9w,11,9,0.00018423718412810848
addr_sawmmyzqgyobnvvqhqw4f6jsqq641elst5fn6q2bub,7,7,6.13671996358845e-05
addr_cdhcv2aplz6cpc6eger7yuoe8nis0mb07e0i39rluc,4,7,4.603104056338241e-05
addr_pzlt3ije7xjiw7uyhwxqy1tcx9fwing9n0v75u4t0m,5,7,4.587408847455589e-05
addr_ohyogocyxw97eo5a2uqu4jvjmnzg546i7j840lc6p4,5,7,6.793965309634832e-05
addr_6afxrou584ksqoryca8t10t684qvy34jr1mwl59gbg,6,8,9.46586588228381e-05
addr_rpdeik2ltam7v9nkauvw8wgd2xic2tlx70963dqz5a,6,6,8.637214741453176e-05
addr_n6jm01xaati785t2bfmc8xeyor635jrdu9xwqq4cfv,7,3,9.031291705228175e-05
addr_nvpprgiw2ktvozd0jios92lbhk8457n60tzm8hvhl9,10,1,0.00014073934862812287
addr_5l2zjmfwxej5mhwwqxyebk9f6g8v3gy0ynoyape7om,4,7,8.18058163148376e-05
addr_r48tvyl1ki7ukgu2u5r7w7xpj6w6kndqjsgy208vcf,9,8,7.280230865428023e-05
addr_8ymabdop0mrepsepk1pvz7r7o21ke8lemzbla52re1,4,6,3.850502574582189e-05
addr_0tnnvggix07p8lcsv6vpfj6sdec4lavburttordkqo,6,9,6.67803463452158e-05
addr_hcp8fr0c92uz5u7z9l3v2proqp931tlycvb7vnjaex,7,5,7.267201598996646e-05
addr_4wwyzojm6gct1azlukjpkrsgl2oatd7bws35g9zovz,6,5,8.414240699330628e-05
addr_eajqv7x5i55rfjmaly7jx7ki27l8e19hzk7r5mbq8q,6,6,0.00010432696505958057
addr_p445xdnnr00uos981d9i9elsr1c4yu5aok1u6sdqvb,6,9,5.987977285967707e-05
addr_259rol3kx2n86vxrc6aes1pky90kn3r3z448f6fsjn,5,6,3.1361293100967244e-05
addr_p1y204cw1ydw5iquaosejvwey6vmo4gmjlbrnou9q2,11,8,0.00012002923213055104
addr_9z6erkauwbz2z5x65fsld78b8ysne5f2ordof07r0c,7,7,0.00013094195498621788
addr_g3fubb6eej5n1qaqlmicv6m5epz8eq0uozze9ary0t,8,3,0.0001426382042858081
addr_eu4qe227wt3dhf14cf8twkeos4ixpfifd486chng7a,7,4,5.567817440247661e-05
addr_350tt58vdeskrjtkb2d3k661h7wpvc5blaper9tvo5,5,11,4.244880054216638e-05
addr_icscbadb26olfa3m164jst1aqq6917ye5u0s2c5qcr,4,10,3.815263178924956e-05
addr_ewujka5xain23h1obxu74ugjuemzo1foeu28t8cvwc,7,5,6.860809434788583e-05
addr_7tdvmqsxnyndvgo3a6af63pu5qcskp9zfqp3z6r1m9,7,8,9.013723757337346e-05
addr_303ne8cbi4v3baupxvdd9s2kf1hk3juqoxe7bxnzga,5,6,3.2183921331785956e-05
addr_wziym3xohkgdxsrvig9659bgppg96252d5ouvpvatd,4,6,4.849467798104466e-05
addr_uhu4aadqs0ijajwddwhpoorn7n0ujo2t6297sels3c,5,6,4.870969026194627e-05
addr_hq7byzj24du4xztcn84ivgdghcd1yn7js7b2axm6eh,5,5,5.883452930563723e-05
addr_mevvgbzl46ob4960di4c5ezkyxezk9ygid2f1v5z2j,13,7,0.00013910777352622113
addr_k02lvumhf5ox05zhi646nz3ha6cbb3vcpea74tbs9i,3,11,4.61588183997345e-05
addr_tbgjrm0svuvr287gpvgj7fopyhdnczjzxphh7t7by7,12,8,0.00015452145018362632
addr_zco9xep58h0hui0bxxowwrykgz6evgba56pknr37l9,11,8,0.00010878706225326008
addr_1eq07827kics5ua8uvpycirzj6o83p3vjkoq8i0hz6,6,3,7.342783827395748e-05
addr_wf8h8x72g82voter3974b4y9admlndqzf7s2cg1wcg,7,11,9.286554221958312e-05
addr_q52wspofv177udktmonrvbjfvyb6li076a3kkrzd5e,3,8,4.525987869653513e-05
addr_i6vxx574dctepoj3784mceodwf705ldftg88tnkmsa,4,3,6.812923126504564e-05
addr_mipkjobceh5gxqdr5p0f0o27b862j6prcva140rzoc,5,9,5.610064678371014e-05
addr_y4tttfbn2otmnq8kqbobdc4iaxnf5e15idwo1od1v4,5,8,5.2131094662645553e-05
addr_5ect0wgyrhye9kua31292c9qp6fo6hwhsguoe4tqg3,4,2,4.561472867835726e-05
addr_3goynypb8akz0g7upoooe6swml84h955hwum8ru8kq,4,8,8.523848621672296e-05
addr_an6h29mpwh9zau7qupug115olrczn4442g2dylhlfx,7,7,0.00021230462306274513
addr_y1qoe44nszd62p074tbz5r62pcdiebzmkyjx5z21gr,8,5,9.026070364040542e-05
addr_nur97z8eru66cmn0z5b7exsdwc4kqrwx46ttz5qkj2,6,4,0.00014364119414774014
addr_yvkrst0jpbis70kmqqhscazh7vj6rgn9hqv647egj3,6,10,7.93269368955807e-05
addr_5n9lik94zlvfjds8yv7862p6k5asz6e3tfsk2gi57w,5,6,6.013207187703969e-05
addr_nmnr06djin9rg4xv349n1d6dzbc7qk4k6ilsidbx28,7,5,4.5813690182748054e-05
addr_rgcqnvcllam4ai11b2ck3ye9zegxk1vffw7xgxoqdb,6,8,5.094398180192252e-05
addr_qk85p8f3oic7yvi8kbvbt1sf6cf0t1ccwhoakprydh,6,4,5.8841308987179783e-05
addr_06t5erden8wgfr2x3fjsu968ul6o0g73vjs9lymst7,6,12,5.673435978042989e-05
addr_xiprtt3nupuy0zia9au87cm453kf486i3ce8zna8nz,3,13,2.6229739604230767e-05
addr_bkgt1s76gxwgs38ieks698u62n8ydvr97lsj8k8ih5,6,6,8.953199486462113e-05
addr_j00179l2d9ho9tchljzvw1kug0bpsum8tlagaxxue5,6,5,0.00013172380569619621
addr_795nltoc3nb751las5whsydv5w3tx7u1ofb8626m79,8,9,7.535733998203519e-05
addr_rfaczuvea7ndhw80curp7r6gjvw65i7l3oqrry8sis,3,4,4.2797928675241034e-05
addr_3viyfyl8ilcpmv8dez8caqrzajudens6plhalj4ckg,4,10,6.157306010335316e-05
addr_v9tkrwqdyodux5x64os9gxcp8na164s6c6rb0fgyns,5,10,0.00011524995073190279
addr_h7x6i9ccnmjdo7p4hi8mc0unjf4uqm19iwbuw6f5cr,6,4,8.678498071420379e-05
addr_7tqlvqoaedaeav9fyxvl5oropawlwnaw0yqrfef3us,11,5,0.00013879226737918273
addr_rzlu58shtn1boib32su2k25wodwtk6qjptsonay4mi,3,5,1.824287105166836e-05
addr_lwt1zp03fv2ej8yt33ermw5hemo2c4jqqvg531cscw,5,9,7.004566089448527e-05
addr_1ty2h0bypekjftpodh5aioyplvfiedggkrtltnuz75,11,4,0.00018441048396676782
addr_fh4txd3egdsh5nevfe52ngczyl4jm2lscgvpx4l6rw,3,10,6.60350878465217e-05
addr_uayil7n4wpf56spmr2mqxzqsldtym4zjh9oefcf5p8,8,11,7.464230792447998e-05
addr_p9kd7h4na5qq51lo00gzdt4h5q4dk1ucus13zjic43,9,6,6.744111516287119e-05
addr_o842hp233d1y5p9su6hhj62r1s9xktpv4cjlwy1xw1,7,4,6.142913825502715e-05
addr_o6jru7nspn5mrdpmby23hk7dbwpvfzet8p1h1zriyd,7,4,0.00015428784468192534
addr_jjblp2j45q3fwk0xuqa28oq0ms3ctdg7v3hkmye8ls,7,6,5.8210239932284496e-05
addr_26lmxn2cxmfoy7jpbdkb6gnfiwaykjzivl49vj58s9,6,8,5.158276074187908e-05
addr_7kos7t1hupdidwfo9ok221qm79z38bcd2k63nh6w9d,6,3,6.629650640236933e-05
addr_57htjqhtfzpumwmx0wmlbqa9ouhjv7o72fi682az40,6,4,6.398620164456492e-05
addr_i2vx4xdouowtvohlcf2m5ogbi7i5in2sqgmubuecaz,6,7,9.002592235554485e-05
addr_fn14mbn2xrjjnz9h4he5xj8ufzgaqfu4k3wh0q6e85,10,9,0.00011084478545315577
addr_u7c776qh30n26gkoysr5w6xfqcb8i7dyialpkipfqb,6,1,8.530736963667098e-05
addr_qf2kt9jjcmh35wtcm2tbqglfu4li8zsfh42fdhxs51,9,6,0.00013557125792793085
addr_wwkm9r8hj4tdbxf5v9hhl76xw9c0hz1p6l4xj4ii5h,9,5,0.00017592982061401122
addr_hn8vjf3ge6krsiikiwb5yhexldx77skj63hw22z0sd,3,8,2.4324756531051295e-05
addr_gt5yxos9wmma2hmmtx3t9em7hjtzuzwka0iy9zrglx,10,4,0.0001361996823629
addr_kn49lcof753vswrrmnxtpca4rckxpusht57fzz9zm8,8,3,0.00012244057625169537
addr_f4jzp0cbr0ahfu35f8j73axub74gnz79qh9x9ayi7n,9,7,0.00012403258706530896
addr_qqaqlv4599d0zyere7axuncgrfq4q28fl97bovyblq,11,5,9.487528263602675e-05
addr_oqs16u13aya0rh53isv7v5pvhmcjf30s6ln44kqfoj,10,7,0.00011993238815196981
addr_rcx2cshati6gf6irju92jj6t9qojx3t27xke05eb4o,13,7,0.0001205125168457643
addr_k9444cfsgdyb5kjfsjxortvsecx21ge22bn7gwik86,11,8,8.508333450697405e-05
addr_ndfrap6b5tshf9wiabkgq43pzzsev60ls3kxmd2zbp,11,6,0.00011353049355566553
addr_5tfu4cgyjs1ltueecp6usz8x3gzg40gdft1sx8c8y1,3,8,4.2227528109100004e-05
addr_krctyirfl6lgsk7u37zoe6tkn4kq8fmd80h3cuq6d5,9,5,0.00013479293708837844
addr_u1ihsrlrpq8tbftid580l4azrhyfwab9jh2wmnsste,5,11,4.492337581939713e-05
addr_uwfbq2syyj47cc88rfk2k0jj4ugg6so049rgacwaqa,8,14,0.00011803961206832418
addr_ks1mzra03g55qq83qqhilwonex7bai3hugh4gzau8m,12,4,0.00017503021793900878
addr_bun3iy4xa9ardgspacc3nfrdk0skxvmgkbaugghi3b,4,3,6.476748705114678e-05
addr_exeswm3omhcni8gqqfwg7krzrdf60hx3zb5bvcx0qk,6,4,7.762937083319274e-05
addr_wglx9gqwl5y5dhwazamkqymtmfymrfheo2fnsjucr6,8,11,9.611875441371301e-05
addr_wfd09dk9vabrffeddi2pjqhi4dgargm0pofq4sm156,9,2,0.00015299474424112602
addr_r3n16u20yb36txzss89jwuld1rzjossgdzmtnnpxa9,5,8,4.5167717789319366e-05
addr_bkaxmhycy7epcmoj0x2ur68xtuooe2z0c5r9x6e4wp,13,0,0.00013297999661790732
addr_5o26zm6s9iqzykf7j6oywqz8gcgxmgwnfshpzfr1ij,8,6,0.0001399962782391126
addr_cvuirrk3yy7qxia7kambxf80ssivn1wzevbei78hpn,7,12,0.00011082360219820381
addr_uj4rjp8ww1pvxdiqai481o9ey6381b8f84a5enwmlj,11,2,7.3162326465796e-05
addr_91fargcel8du58qkfsw0ae0kvmevlq3syoujgfencv,6,2,0.00012298554191930288
addr_vweuupks82e2vr9c0o1uqhmbaazge0lvw0jm0tpud4,9,3,0.00011425374797126058
addr_1ebvfwb5hsts68cfff8tx134l8xafsumuxqjctpvev,7,5,0.00015123404966270465
addr_6llxc3q1zcr0hv6uqm9z9ayqrb7ctrm68v1xdtce4l,8,11,0.00013363389948345397
addr_lhzxg5ylb8e6co9jhu78mwndn1lt57w04xfqcy5e1w,3,8,3.5323344682019086e-05
addr_gpo3inrgxsmi6169qcl8ohba0dydyzhanttloshtts,5,13,5.0781587356475875e-05
addr_kxuzvxez0f0xpi031w0zypbxc1bxytwh29kcuvcx9x,5,4,6.56956510767025e-05
addr_o0yj42s66jwxo562i1u0it6rhohfmhpmvy4i81yw9c,10,6,0.00011454019395147493
addr_hqmcx3zehhhtdufmca9i8l4kisgzc93me18iu71e49,7,6,5.5110802369743705e-05
addr_93aczsx0gnzhg8q3gcg1j6oww5fknjmvrydc1au9ds,7,14,8.096152180081611e-05
addr_jd42ymbwkzmznw40tcdacmc6vo2pm09dkydb356h6c,6,13,5.1811907039912454e-05
addr_fz2dvkwde47hwp9ifs7nwkag2xqx0og23ola3eg1xk,5,10,6.023692283353168e-05
addr_wrx7r7eftsql49laix5tiycmpg2mvk02jbg87g36uk,17,10,0.00024029985960384343
addr_w6kc24ggty7nitmahkzp6cyyxumyvs2106rt3xa8pg,3,7,2.302967895330173e-05
addr_o9aoo74mwrahdlomz5g2y59vfa94gcvsnw01v93tdg,5,7,5.4898297196998485e-05
addr_yoykym5y3f979un048yz3wdtw6fph2dwyou4ap4zzm,6,11,6.0345018174118906e-05
addr_kkc7sxonypa8hw405xyxn24pynah9edmcz3wfvy44x,14,7,0.0002337507190137061
addr_dwakhx065x3drth4a8ucsrfpxymc1dvhmav7ohuofh,4,9,6.807582563681669e-05
addr_3bpeqprvilap1j55cuk5x6g2krt47z0a690q5n5kxq,6,6,7.808043045499902e-05
addr_sg7d327ksaua4rj5uzrt924g1iq3tvfuiy13ym765w,4,7,3.642747852453448e-05
addr_oivbkqatp8ao6cf6x0fx3dkyw5gv8mq9zbb3doxj6v,6,8,5.851680140488253e-05
addr_tugygvrhz5hzk5k5bev5ih8k5kl31bpv3sij1swkhk,8,6,0.00011007636742496408
addr_brnz5risnuh5us5p0nobcb19gqvk2d92ssbubx976i,6,6,6.423933562149694e-05
addr_86dxq6p8zrjvfuu3uluoo7dsmuwrkvqhhlkkb5n0ao,4,12,4.6888510628816156e-05
addr_n30p20cwhri1uytiwbsr1nhrukzgdaniea418hehsh,6,8,0.00013139991549471813
addr_1p871gz1j4wizwqkgyqjepkruafwcc821zbhinbknc,8,13,7.193305580620177e-05
addr_24cp874o1lk9s1xemm9qjh6nsod4q46rc748ftdyp9,9,3,9.429041666271776e-05
addr_l805vb8jzyq0rrecnhlw6nwy3fdhz9uqvc04jrtzfw,9,5,9.08586268296209e-05
addr_6waj0i1v5kuihbfh2w0mly8sr5i7d1dj03ysnjcd8j,5,6,8.880303121977606e-05
addr_61e73ezgyo3r5dtialqo67ckudou8r22uggwduhmz1,11,7,0.00014587833015998122
addr_ilfnl9uuaac50jvq6ltp0armemhgs5jitxnguqvs1e,7,7,7.487871316697801e-05
addr_jppxdi46f8ok9wgu8jeyqd8le6mrc8t4c2n61meywk,12,7,6.963341230840536e-05
addr_0vivii81n0gjof9uskb6884rojvvf010aiaojdux3v,10,9,8.796526459150245e-05
addr_ofq3w32j60v4n5fic40n8mz51or4sda9w4k7u1kdjb,9,4,0.00013711984123080677
addr_1xos4610u4cssfc5wirnci6818z998bolerzhe037f,5,5,0.00010245842574625837
addr_8wgm2dqfov7ag0mbfhdp64okhr6xqe2l1rxjot5quh,7,10,6.525542338441681e-05
addr_888tuaxbitub7ed4zay0tmp41pcg7ne6jrgknith2q,7,7,9.634709464992501e-05
addr_4avg874avus05nqkdn92ggkat8xdve0drpigmwc52i,10,10,0.00010108285460262304
addr_1q53u2d0ftajgp43umwtsh9ewkwwwdmot2vscutkt6,1,6,1.896776620218413e-05
addr_jhtwelcinzskyklhgvpzz81dhcgv3qk59qgmyk310i,8,4,8.342769498278587e-05
addr_ehpzrv7vsyjafco3s65qu0k5qzzkw3gi60q6guo8i5,2,14,2.6076885794658244e-05
addr_xmju5c157gtha7jnffw3xfvizxhzax92suffy7iydc,9,5,0.00010635680517201532
addr_503prapm69yv3lgd8sh6t15qaxoboykzfj5obdl10d,7,9,9.299561784115366e-05
addr_jlceavddx1zfpgi3aixtevwpz7xdizy54kcack6a0p,10,6,8.64056907500944e-05
addr_vt0btjq2pe7z12xrs8gcow9eo3jbyssjh7x3qtizfy,4,6,4.605233003522565e-05
addr_ltu8c2db5729sq7x19i6w7j4wwg3xzquxykcipp26r,8,6,7.156789622653897e-05
addr_m7wjrlkh5s0tb0y62tjkp6t23j7nkq1e8s37jqju49,7,8,0.00010255419868177196
addr_tiuvyce19hw6c3flzq9swz2doluqxnrtm9ofjes97w,8,3,0.00013374588061229747
addr_3560swucsduxhd71t06ahwgr5coocqj74x52wxmgos,5,9,6.14671588799064e-05
addr_6k2oz8gjbgkbz1obqlev7e5g42cpkfk905rqmpq5qy,5,2,6.4896930472227e-05
addr_9arutyb53t62efajgzcs05zw0nss4x9jga28eh7n97,8,3,0.00011073545178127883
addr_t6yyhn7zcmr361zoe2fk0kpuw1nfr67eebjixhc775,4,5,7.2823645472772e-05
addr_579fnnl7pv3koc3wj74njrzurwo9xwwff9dquc3qvc,9,5,7.432203348299444e-05
addr_09e415qmeaqhk99983z0wjfu643zcjhty5hat1nqwj,6,4,4.495117357861802e-05
addr_1vlpppi926og7romz7adase2e86a4pavfu4jpx5i4b,5,3,6.694393039987936e-05
addr_o8ongz2pt24kefyelub58q23qdyd4e7f96wqv8g14d,7,8,5.2369290989536096e-05
addr_pjdfsyhy1u50l36a8oq4vmzrkrj5gni9t5wzjitm8x,7,6,0.00019715379638314299
addr_m2kbsjfmvasattd1vvxe8ibf2pi0e8rmvmdcve7nrp,10,6,0.00012428797022306207
addr_kilge93ektc4x05pa5ghv88v6bxz9cfxpdrlw3pw9c,4,6,3.272931393074637e-05
addr_vhhn92rimhlm5ch5yvsvrv4pnxd7rbddmcyr1ywymo,7,11,6.927017787508171e-05
addr_69620zx79v37prddtbxt6yeyxiy47hgm5srzepfekx,3,5,2.9256721371137872e-05
addr_9yy6rzm9d5n5y26vqfnn9lzpbwlbt7sboggvzr1asu,10,9,6.17084895084016e-05
addr_5s0zzd8dr7q0nzecajf4qvjgtajohgggodyx3s0bzo,6,7,6.134622324607239e-05
addr_qkgwcbw83rveq0d4dnytl6p62tmomnc9jhhxztg08r,9,5,0.00013088325224444095
addr_rcbpljd84u89yjb1qx6gvwrdmly4lyk83tqll8os9x,8,4,0.00012065463551233219
addr_up4cj536jjg2xlkxk5y4t4t2y9gq9lz1op287x0gu3,11,8,0.00014656769702503104
addr_x5ic86z1b98vwct8jbbsxpk48ab13t4y0tb1zppep6,7,17,7.332244076088592e-05
addr_m2uix2z3v4ww3an325z0ktbytt5tfuxur5h78zub7l,4,5,5.0387970664903466e-05
addr_bs4ilrzcugkfj9vsl0b2t1btcvfb02h0xu87o36e8f,10,6,0.00018426688318778204
addr_jrcdhpbxtrri3fy5ivmhnaluyal6exckq67mvjmjgr,7,3,7.641157433070963e-05
addr_trpyx8hbbjcdiwzod05jh2mkv0dszrk6ilcg6farmg,10,17,5.7769389800075724e-05
addr_0lq5jvyrzbny13xcc0le0mqclf4n6b7wkdmomhzh8i,8,4,0.00016529604731961825
addr_l6d78kdtcihe72x0w8dce3mofdpedblkdu6htj9p9a,4,3,4.2512016024651335e-05
addr_apo92jydkrusuvh0fxd1rajfhm63upwxwgfj8jgkk6,7,6,0.00010753477697659492
addr_1k28yjpdf8ug7sn6o2blbk0e2aeifa76mb4tmzki21,4,5,0.00011016335542130549
addr_6lztc318wjao07kyc2nrzkeukedtnqmye61q3puwgc,3,11,6.302759637280801e-05
addr_jh4ay4t5lkwfpgqohhft48ps3br7k4bpp6q5oznfmr,3,4,4.312892084336394e-05
addr_m7zvorxc448go0k4rayjl599gi9myuq99pws8x7gfl,5,4,6.575351203939375e-05
addr_iga5jpxr5uh7rrg9vof1zpwbaj7cv7mlv22kvago7b,5,5,4.0846393954750435e-05
addr_t7nhu392r7c64uocj3axvwhvt07ijiexvxommjplmz,1,4,2.4428973217106835e-05
addr_vbn3op0q49rq9jygqoaenz17f0hom1sxmcmxobvptc,3,8,6.040206445646734e-05
addr_pyg9ppdd5ukxv7499fv4kycgxzlj46nvta5wlvyjuf,7,5,0.00013958315456347618
addr_wvivtzt88a940g6hun9tpfq9oujl7cy6ckq6jz3jxa,6,6,8.279929386749379e-05
addr_2tuhj22t9nvgpmvhc7cwc62ode6igyu6rygulzxx8l,10,7,0.00010725362774389484
addr_39e6ta6dbab8yrkls46yxydbca7mwrenfron02gila,4,5,6.6537994048771e-05
addr_f1xkzv72lxnf1jwgw6hqlpqtois4e16mtto6fxg3uq,6,5,7.058997986920715e-05
addr_4hxiobcfphg4bc2fvfa2n1l9gfvnd9y7u6ua2yy3hb,7,4,0.00011539722375873929
addr_rli5ru7mxch07w943wy12g4n0d908dotepuguiuooy,11,8,0.00018459224516941442
addr_nen5a38jnlhduyitm2dxwobd3vuftpycm9gusx01yo,9,7,0.00011819105894882463
addr_10qj9fkhpznzhm2bwrk4ksocznqr464gak7pj8qixk,2,3,3.282734850979732e-05
addr_rrn5n5ehq403ivwackln9tlyo674dphu2xrfnh671p,7,8,9.691467321504151e-05
addr_8dw24eyhmz657h8xokjlr0h5hasevgbhy0xbiv74yl,12,10,0.00016039706606034933
addr_zv1fjstsep0cxhh3gy41ebibt0n8fl90v33fth09mt,7,5,9.67723549130643e-05
addr_8x3w0bihcodqzt7wtgrl84zczgj4xwj7x7s16zugpk,5,6,7.364354333027086e-05
addr_hvmljekbvxsogb205hu03y53mbwu5jslhgmrzzqo17,6,9,7.838511997854022e-05
addr_5m7v5rftvn3om84j6m20z67pb27ifkhmeq2v6l3e7l,12,10,0.00024088456543356213
addr_ysuixogg42y9a146yah56yz29btjstlckmdlepn04r,3,10,5.7689161478009996e-05
addr_gmtq0hizo25mp2khi006iaj8jr78icvlk6tzcvdb6y,7,8,8.054305031410262e-05
addr_cj1bmu4oplzil398q11s4to3rveb4efrbr57ff3k3u,8,5,9.542540318407756e-05
addr_08yo1wekw1kn6ry37i905izrdtpf0rnvh2ohhmv6yv,4,5,2.944517276273075e-05
addr_ltujkt3azi65sziciy9q63dazofhxc2ezb3w51cfsx,4,9,6.352207584430858e-05
addr_g3b957wrjpemwbty52q87nzjfhssgrfrm8aih9966p,4,5,3.961952805435105e-05
addr_52sffvu4fgg0icf3attj4812u501y5gizy95hlkpe8,4,4,2.6728223098175048e-05
addr_kmwqik3cht51tcdw1k7dms3co74317ghxtbimlkwh7,9,8,9.232188294093625e-05
addr_az4fteotc2hqclppklctjuvy8n5z6c3bxp5tn7tf4u,3,6,5.6086906565682636e-05
addr_jwpfwt2a9if8betyoaxlmkp38kxoq2o9l03av34eqg,7,4,6.797683952019834e-05
addr_99vzqeqrnpq6kkzkri1tofd210che0vvl9oowky40b,9,5,0.0001348848564666106
addr_fgu4pfvel4p4a3dnqgs5v6fp0f05043y8fxr6ci7f7,5,8,5.03164793730024e-05
addr_ht5jov9toqchzsa0jg8t5bd2l8ngwqdwjet5nduw8b,4,5,3.8798625068822924e-05
addr_7jectq48onntb5bhpn1tbh0jddxzb7ekyjvel06q5o,10,9,6.496533950156442e-05
addr_wccnfsk6m3hx24magty02rld4evedfgibc1r42uga6,5,5,9.804403484317975e-05
addr_swbkok3qpwbsf3q0e27zeoqgvzhqjy62zeeqnsn2s8,15,11,0.000226718558521648
addr_t4kx3a3ojizmn9jflsn3ew5coikbrc7tww36qxmsku,6,1,9.676110520114328e-05
addr_6ho0cismlil9mvwzuo675wirpmu1lepae2mkd9oagl,7,4,0.00016638680764000493
addr_dkdsax73s8yytp6hvckz2ipko6cay2pycet00vexgh,4,13,3.206429333894944e-05
addr_qvx4mr98yong7fgroqtii3prfhrou53hgz02jxxztp,6,5,6.068031446409186e-05
addr_esgxbsu3hxdeo55l5gkm1f8ivn6u094gxqgu88wzjs,8,8,0.00020394372748939725
addr_mv8n8989rcc5wz7zqoy017zyce776dqlcoesmlg0ca,7,9,6.288720150685021e-05
addr_aqeyc9918bf8ana7rzxx8h5jua1xzi9giljjdd5i3a,5,8,6.329908617400663e-05
addr_iqf9mc0fimzxc805yq0kdkwgq08e8akm6ytlvtmgr1,5,5,6.441769457878586e-05
addr_hluzpn5tdfg3qfo7rt7x07cntx3m7z2q2y5sfywpw5,7,5,5.93445987772937e-05
addr_2b0jvr8m957folaooyzi84oxetfbgo6fw44i9eh8si,5,8,6.0093153429689095e-05
addr_enli2emc3ojdq6pw4hx39pxbpmq929jb4p8a2yrb7f,11,2,0.00012595793875889525
addr_7ueqvz25jblaieq3b8crvl94ez3rpgon6eh942d4by,4,8,6.268809873894926e-05
addr_tunbsy05y7a1gw7ifgw9n143j4sxy3rvsr614obr59,8,4,7.431917169545393e-05
addr_8hf6jqneks810tz2pbwji7i0njaw7fiiyb1v7f0z6t,7,3,9.628359336068192e-05
addr_ki1ije2xe0jdcz1oa3vf02gvllsajhjxqkd8ur6tia,7,11,8.833749268427393e-05
addr_74ql3sd1j5pjrnhu46d3mjzngif2pk0fmb9q5rh3n6,8,8,0.00016247809259445166
addr_k3kfe4egyaad4hnw6xeux2uemam0c3ic66bsh3nryb,10,8,9.460230625467495e-05
addr_o3u56k7sbfdgj9kku7im2l184uvm6n6pwe3960bmtx,7,5,8.139758484841162e-05
addr_763warj7ozs6e4gqgwe7t7uaevqefcfj3bw3ffd6hq,10,6,9.947071112869598e-05
addr_i5wya568pzqgkvitzlgp4dxky894qu24v98ssss1hs,14,2,0.00010540536310973232
addr_iatke1314lky2nqh6fatly4w3wespb4scaaj7hekdz,4,3,4.7779348432293764e-05
addr_7ii6zgmgwdc6cy9q5yhrzzy50asr42c7rswyxzvc59,9,9,0.00014544203022961123
addr_5vzvxie87cowkao3fq7anzwxgd4puh8ws1fm7g5gvj,9,2,8.890049969783841e-05
addr_n04fdtzj2l72v08ktrpw3hhigvummwcmzx8j5ms20t,7,8,7.120309766104517e-05
addr_fyl5vd657cki0jqwl1ovzounlr84oj0lisg71wkz6h,6,3,8.56881693996244e-05
addr_lrlokkpvlb28sm8drh2z1ctay98gle6jd8tf76rbkj,1,3,4.680843132148428e-05
addr_bwjlk8ny0sb1d4udl2076j7qgxtgaapj2bgrt2si59,6,7,4.13247202983224e-05
addr_9pkxvke70ipb6y6hrvaaskm1hsbof1pqyn0ge4r4u5,6,4,5.176344056876092e-05
addr_zr6asw4onnby85iv2jr4otibe3gqymhkej1ou4xurj,10,7,0.0001328747823312052
addr_ty1dk970zx7cd2y9isgzvvqiqlue9zizew53ubxyxo,8,9,0.00010918976629029801
addr_36aamd3bhmmwz0w7n5ykoq3zcgycz92lb12yac10si,9,5,9.402098854179608e-05
addr_d9mi5dl8b26hwh64qvl52tawka3td8zvdtixzs24n0,8,8,0.00011984426267294042
addr_r4oj0j0dwm2vtx4fg3y93bzvyyo6cd640m9933bqoq,6,7,9.983865035813753e-05
addr_t9z7pw26en80ktoc6fvydq7msvynap2yyhvlomjalc,5,11,8.498586111791256e-05
addr_jk3ffjskfn8awnc3631gznio2u7lth2ftxcbua363v,6,7,9.89939622926587e-05
addr_1caspca2o07bwwali6tvgiua4ccz0hgqyeh5tgwljs,3,4,4.580345047514768e-05
addr_w6easoflfefklqntx7nyuz1ppzne5aof4i7tz23smj,4,3,2.3349061116578984e-05
addr_zttgqubmnpsm1qh93odp3bmc8z3o94lwe5vywv51bc,7,12,8.33350812438848e-05
addr_io5jysjzbokkltiwzdla0n910s3h3bkcsa0z977y2d,6,9,7.940417166364582e-05
addr_1o62vs8q8szmeyz30uaw1siae5ewko3d0diz2rxnot,3,5,2.650532359400295e-05
addr_63nsgt2cwgjxm0ivx2yvmib2ezdm90g8uh7a6ts8fv,3,6,2.2524086679772226e-05
addr_qjbxp316gq17cpm93upp1jhjt54dq6vaswr8a5n7ug,6,9,8.466106302834796e-05
addr_ws27pv0cv28gnuom4mdpt39nsttlh741i67ks2fjlt,8,8,9.042270434192038e-05
addr_5gieuuf93z9qblzzbln9eqrjo4rle9ggz6472476tx,6,5,0.00010169362803453896
addr_1dgtg6zom2oyhz3ugb5mcqgzdkmq9uqwfn55lk9uaw,4,9,4.244201888859061e-05
addr_38tpxrsl3rj4an9h4nw49afg5d5a915kxsxwkom282,6,2,7.638343030035873e-05
addr_884sim03ct1raj50nsugkpi7gcwjb5c5xiuiwd6x6y,10,9,0.00012246284398650446
addr_7i3u7q9d5plstchgu40fnz8yyy7ryqsoex7jt3gk39,2,13,4.2054511973124554e-05
addr_go1dkcq4l3ku5vcnrxzrg3uchm6yp8rwbw1xhvnwyc,4,13,7.374523218618943e-05
addr_ov5j7gpqsv7nwkw3j0cucjfmg56jod2rf0d54qz4x6,9,7,0.00010766461526382741
addr_jjssfxsi3tp8z7gy73b5eq44vtudv5ni0n54ne3row,6,4,8.23510205884961e-05
addr_vtnyym81f8mbx03763glhdnb49knieozsm69hasc9a,8,11,0.00010801474699438437
addr_69nxw039p705xism3qler432cxl7jaml9uy14d6y9u,4,5,7.457522347882072e-05
addr_w4nszp566z230jnspsktrcgs5wj0vsghjucfhh54s4,6,7,7.738636355745406e-05
addr_9smtgka1t4wb3qwsp4tvvuksyckgkr6j4p9utzyi7z,4,7,6.997528466758281e-05
addr_vdkqdedbg2m3mxa11k2qylt8wqr5oxmphd55vz5eno,6,4,4.9408150189312374e-05
addr_focs5labeul52e63z1a2h02ioivtsvptr8js5y693g,4,8,6.574692983518403e-05
addr_9o3pgsdvb13ge6v1hpj08musw0yuqr9zmcdaubexmi,5,5,6.799885058420388e-05
addr_f3dnuch2uiazzfgspvc0ve966ybtpilsafunsu6yxm,4,7,5.8274969492336846e-05
addr_np7ad4za116513m7fw4cwb04rmw3ia2mnhbnlkl3os,7,2,5.3991160226432245e-05
addr_yc81uzbynwunrxj8pctrd1460kug4u4xadsqtkkihg,11,8,9.023615150092901e-05
addr_qybg880nw0f3csbuh0svhhbxcsxcxu9p7f43suo70w,8,12,9.093701253953058e-05
addr_u7us3yf5ri9d9zsdvfq0e4rzk8hjpt8zqi3squy09c,12,11,9.228860032434302e-05
addr_6jacy3fwz94dybo0a7oxzognjgabh2cbvkhv09ampt,8,4,8.93706332873544e-05
addr_sxko845gdeuai72idqn91pd2o2765bsvy8zgy0iwfv,4,12,3.698698561838557e-05
addr_eid7xlzsxapbngoqum8vtudgzvgt91xefdu7lz3emb,4,8,7.595222351503816e-05
addr_uujonbg9rfgxj6077hbffnilctrr7kuuetn1aus960,5,8,6.010805575784415e-05
addr_bvh1khpy81hr62wlymcx7rb0mdd0htjh7zoc3gy51w,5,7,8.441323513242948e-05
addr_1vfvtfe75i5ophkmfk49f5rmio57xyukek0kvm4xp2,2,8,2.5956974230698135e-05
addr_ero6erut7jw5g6kxrm23ljdlfktmdht37593y48nkb,8,9,7.578520787863543e-05
addr_y69j13pzmx2efy00oqu7tkl87h5g0l4f79g2mwd0w6,5,6,6.327379037067833e-05
addr_kqbb40vaq7icftio2jbichmd14errg74476wtk31af,6,7,9.865651554877624e-05
addr_tn6494o6o34dhmx9aty1zlkgjuotw0mdexoas1vjv6,9,6,0.00010450200018931868
addr_15mr0vlkbcus2e6xdmr7bjn7c41q6l4jdgj8yswv20,4,5,4.6883709346826406e-05
addr_4pshusdcax13242prq3fbgofb1uga4c2artq6mreky,10,6,0.00010780877634981067
addr_5or27nw3mo20kzp3qcsvxfordpuopgfzxx69v3kr0a,5,6,0.00010150457140058135
addr_qhdd8w5t90cyhxvcytofs34x8jiv84xm9bf54c9yfx,6,9,5.5629139362974535e-05
addr_h5c564xjz7g223jh4famoj22wtc7u44isbtdwh8zk9,10,6,9.675275963054544e-05
addr_2c5d1q0y7mmrrg8w9b58w0z1ght4axaiwrkrbtdezt,8,7,0.0001111106473300628
addr_s8o317847kpmx1dqvbri01erjn4h9i566f72vl849e,9,11,8.483573002802284e-05
addr_f94z8phr8lte4oy4k3g72r7a5qodijtuzhjjkuq37n,5,5,8.241230201086868e-05
addr_p1o8m291azhzknl2luhhs4dilrzq8bxy6rkvndxjn7,6,3,4.71930040816092e-05
addr_qw6k354jcdw4j6j93ggr6jrz9jcdv68hno8x54cd6z,13,2,0.00016714113831672016
addr_bgv8djtjffgdzmf3lczawrlkivofvyc6issrr0sgtm,3,4,6.345977326833714e-05
addr_4jx0exnnl7d4n3obaes2vvf5dmtpb6rntkgknvq9wn,13,3,0.0001295860295372781
addr_6f637ls6x0pqjo9xaquw6l0wf3jqdmh27a5s36uk1g,8,6,7.852364976491002e-05
addr_90hf613chzinknmknabq3753ebiu0952lvfkbwd9t3,4,9,7.27307263430179e-05
addr_3gpra4g6synbqfsd3g1oesy2ls36iklfu0su33v4wn,5,5,5.562899197553454e-05
addr_12evtnntfs0vpe7c47nz85cnat8kg0q73k9pjoyxea,5,7,6.272931725228885e-05
addr_0xeh78j3h3n25t09kc0pfmaoxoci66yzdayl7kbb1j,8,3,0.00015016439412972101
addr_zua8qza9gl4b73lcy2xbvg42h5zxrq0wpbmw6eh425,10,6,0.00011099319688666366
addr_ybagvwnp1jnwxb4uzclpx1t6itppo9fw1rqu7lbpj4,10,10,9.735418055870415e-05
addr_ndy4ush6ud11w5ns9viuau7h5oqycq1ws3d7juhy8s,4,4,3.303790021773653e-05
addr_ex5xeixk99m766w3nqwqilgwjpdccbmqk8tu7d5h78,9,5,0.0001080974214315433
addr_nujhcvardfac6ts5cyfqyyasfaqix3u6f0sac52xp8,7,12,8.670132957528137e-05
addr_1bjs19a2eydudybsi4d06ia0coe0ytfei7cj7rxv01,6,13,0.00010459885074712968
addr_pyk5sk39ymjwk4n5y1ms30j939jl6cdyff15a33gbm,9,4,0.00013308299422055245
addr_1u6k5yq8o5m4ajx32api7owe5esagkavrc6agiwz9u,8,7,7.881846529951648e-05
addr_2z2jr8xbfu0es21ozsrvr7bavzj76ieujva95fo1vs,6,6,7.799942199192782e-05
addr_pnkqdshu5jz70fboidy511l24shqxon3mkxqazssbc,8,7,0.00013640588702664076
addr_t6t1kfaij8pxr0l1czwdwn7x6xp5zbl7k4yalacugk,6,3,7.0093552729651e-05
addr_8kasazqq44nsxnmnpihslq1xqhq8cvn3vyadiwo32p,6,9,8.054906862740476e-05
addr_7wsfo3yt4to174gtl1e40i29jhpotwd5tcrv050dvj,6,3,7.888741939324396e-05
addr_sddqrfkqmlp75mtlqn57dfqowtqbcxf86vbtagpnqy,8,7,8.601142574443587e-05
addr_x6a6fuu8wmznuh63t6r445ttp6dn7f7mqzhwefra3z,13,8,0.00015870050739394252
addr_soggy5kov1l28r5p03wvpunwcgbsvk3x8mbgl2mcxn,7,14,7.41945697906671e-05
addr_6tdh7e4v9o885g3km65lscx7wvemh8c4antjd6215k,9,1,0.00010902937354022286
addr_ltoc4exagnsfhq8pjzv4onch8x6rnllj8xtxe0xe0f,4,7,6.341097077829258e-05
addr_3xhytdbu2j085rhcjtdakxvx1bl6f6fu547otb85vi,5,8,4.958122082400603e-05
addr_sh4sln974y0eovg7cb61dr551b91hxkju46bal5e7a,1,7,1.9641181817359346e-05
addr_vv5bp10twzyat0v7uqv50oqux0bwbtucta6gsrau2h,11,5,0.0001460656519331915
addr_f0zadf5jj002jz2kb67riz2h4q4vtyk1de7fdr756s,4,13,2.529540998984669e-05
addr_ymhthbp3l520e71ouu7659ez13w83is37uw5ba85gy,8,3,9.624725015877992e-05
addr_3l3bckaxvqc77vbbhn7gctw0d2xug0ygt5a4ylxg6g,7,4,0.00014032781222322763
addr_zgwqc5f0qx24rg01ls834mg4xd4o5xvy0j5xua2e04,6,11,9.244723931648306e-05
addr_u3lhfm2yr68a8u76189h3kfdis3cufsbys20mb5rzx,8,4,0.00011274772946546733
addr_0jzyu3lnpc7k2i00j90nzdb39esxfedbd8s76ykxax,2,10,3.1038266119332635e-05
addr_lpmyky2gtryfn1mkw92yx7cspt777dwpc9ghow98ar,9,6,0.00015873454898909304
addr_bmbxao6gq1rn103cvks503kf1ffd8uyk4nb8x1kgud,8,8,9.583005259506239e-05
addr_7wicfmnlvmvg191loap1kfv44u3wo2q66bzad1zwae,6,7,4.286076776520736e-05
addr_xcs1853y2htrzq59isthnh4uar1m0of8a92v7vomg5,5,13,8.05127412661228e-05
addr_56k0g3nm2de6nzqfn6dqtwxaud03fnhowl82z26j77,7,4,6.948284741170352e-05
addr_sjgq9blywcjfi6d65p2lnp0ugdl24b8xqk5cck0aks,3,3,7.026438107560062e-05
addr_wqyerec3npe7rcocw7e0ffjr7i4z0obiadn2yvqybh,5,6,3.9055056853542807e-05
addr_zh6fh31n5ov49g838zs7978b73fh462sc1gliz0skf,5,8,5.567052531451514e-05
addr_givxs7m64rq9y2l6hfan7wmn3spbp9rl4cbxbxagq1,5,9,5.82849427712106e-05
addr_m6cc3c0hdna2meh0ydfalgai4nwt4jxm3dxlbxy3go,8,6,9.743090925214838e-05
addr_pk1sh9snnnqxad1w4jrl9xzz6tpy4s4vocelp0js1b,4,6,3.8754868327741404e-05
addr_oi7pyhylsqtwpcfentu6wn0k8ablnhza8w4wbhsnyd,8,7,7.082769187170396e-05
addr_q2xm6hj2lh68hh8dwev6vw2te8n23yb1orqi6osdmo,5,9,8.267080252060893e-05
addr_w8zza4i4wqfhwku9fovywoie4myww527f1nueiiox1,8,9,9.405370895343211e-05
addr_wvaz7mh37439pvlc017839h9l2mvj9e7q19j3b7vje,6,9,5.729259360269885e-05
addr_n1ah9m78wwesb65pdb1u0ohco2miq2ld6sadvsyheg,6,5,8.697813603126345e-05
addr_nwtlbn4dbzxai9iinelgvd3oh640iw8cysy8l5bqkm,5,3,0.00012129758073218733
addr_cxtjyrdirl481xlaxhnoc2xi3rnc02blu27xnpzcu7,11,8,0.00012736567399009892
addr_sesrn81x2gj3kl2ie2qna2smsy4uk26gyoginptlsy,5,9,6.66287395783377e-05
addr_ymiakzqoyohwpxl5ldsmvhhoqn4njus4pszh85h9cr,8,7,0.00010283837866464259
addr_v9tvne70tyj16bvuv9b7roxogdii5f40x5ogyb6pjn,5,10,4.1630247791007554e-05
addr_jsf67kddh8gf6aqepzn89pg69uom0vt8fug5ybnxu5,4,9,6.131420821162073e-05
addr_r208w8ihww4u74cezegk62lbzm6kx1cxbxpawqpoe9,10,6,0.00016696591607793157
addr_a6axxti4dw7awim5ev2z384z378pzfvulbv71xspcv,8,9,0.00011923698229106943
addr_kbf8cxbdt4kobjlhpck6z71cz6et84q8nmqqt9go49,6,9,3.8667776373180765e-05
addr_wv4psh45s4hnv9lkwlzl5i2gc6icjkttdk32y35p49,7,9,6.518377865137736e-05
addr_2e4cx8lgcx40mqjz7h4qdjuml1a85sdiukwd6ormae,6,4,6.218420901532328e-05
addr_xalxepnzrc69t77wt8pun5dgsiri5dsym7d019lzh3,5,7,5.868493339194779e-05
addr_z8edrma7dkh5vlfprlmi2aq1l5gmpp5enab37jwyza,5,10,7.017783139346868e-05
addr_gi8fzghyjyieifi2466klfu507n6ghsj244qc15o4o,12,7,0.00015093290094203853
addr_vjqzpljcmvybygmgiekjti0e8n71xvr7jetelq6pmz,7,9,9.427645617436322e-05
addr_829ndiy8pdupyfe53jendxiyldfi8gin50vgod9mjl,12,5,0.00014261767048900264
addr_gtjs1a5ugxbrytivr40dm9if826bhyz1ov5vxa8mku,5,10,8.764706046173883e-05
addr_qohn3dg60e1erv0lg92mjeqa2o4m84p4k9dxoq8jxl,4,7,5.4086053023300164e-05
addr_7wdlcj37d6rcrvsbamfefo1rs3lfp7ykobc7tnpara,3,5,4.297524220563646e-05
addr_74ou1a6nv3isekt2zaeks9imkuds90j4d8od8nny8i,5,11,3.3768196186066984e-05
addr_u2aiiphsrdmrej3chdynrhs977utzefy7i5cmpssyr,8,7,0.00013513395268286357
addr_lkrppyr4p6dhe5hnk5mfapn5eetuyxpoocuw27x5ka,8,7,0.00011189860073068409
addr_sflqs2i1br4ye5gc1ci1xf51n04zoh25esai4iv62p,8,9,0.00013223474715367902
addr_4ygad5873omtvpikwi20x6a0olqvjivlml4y626kx0,7,4,0.00010450778357309029
addr_a6km13tv2hfb21ao2d1v4q3v6ws8lkf6d1wh94k158,5,9,3.428282257353648e-05
addr_72wxv8omudu999a7icey0w36b04ql2pgd6dfkminkk,6,7,0.00017108518990912761
addr_whcekfqnkmb5oqnrshfca6r0amc69rsw8kbo2073o9,8,7,0.0001038272778773121
addr_95e2ts54lcj25dsvuad68h7fc2ogaaig29dd9dtfoc,6,10,7.273647747984471e-05
addr_ieihcjjg4lb45alimxsehj0y2atgxi9c70trvtfmrm,6,9,7.996687953249877e-05
addr_mfzdly7i6cecsndfmay8hcnr4lk7d3qu7u5fh2js27,3,4,2.9872305989983807e-05
addr_ovuq9nys17mgp5unalb41tnrg3lcihiqa8omh6j9n1,8,5,6.821678397421588e-05
addr_xto8qo0k6j6gy3u5k0ww3krtp034rvqv1f8o5o2r1k,6,8,5.1653230603181436e-05
addr_iuduahgk6t9dhsznvp8gmnhie9ede1zublekvl9ptk,8,12,0.00014257732997847538
addr_0g71dm7jcnc393baz9r8nctorkwkj6wr9ysiu28msr,8,10,0.00013426193058472662
addr_gzeo9gqdfq6ch3yy95ucdiu9nqkvkvwjptywq1p8jp,2,5,3.0345557358977454e-05
addr_upqldx0b6skphgnc0jkgys4fprmwxr465fycp1oqka,9,5,0.00012661025344757741
addr_rtqhnol3obopab05dwjate4vv9c0xfevmy1qnqviex,9,6,0.00012290038438802538
addr_ympyvjudteggwh7646b66gopizbqmu1nviykw7suih,6,5,9.084760697592974e-05
addr_lf095cynrf29m868rob3k88n53gazs9nfvti8mv8st,6,7,4.6863986545150987e-05
addr_a68vjmzfk93il7blc2ws2vde8w7jtspixcd55yibz9,10,8,0.00019707020849284013
addr_wc4mr0fvaww1gw0zreegfmcrbsqhemp7yc8s5y1i3m,8,1,9.325789272103874e-05
addr_13x6u9ip4z3qsyizr1oej377rm77tjfmf7j3q49cb2,7,7,8.453643049095364e-05
addr_kzwrgqcxw18bftn62xzn14st961wciii8i6jymdjba,9,4,8.652011517056887e-05
addr_bgkxsj0oihznxmrlt8nuxzlo9bfrdn5el11zksm5kl,2,9,3.601345180417384e-05
addr_sw56cwt5wg59ftw0gxff9nk9hz0qz1aweeqj25kwuw,13,3,0.0001181821611985158
addr_qnf6k6qmzx8x3biet6hp5pe43konp32eh134cksx57,6,11,5.6136244752967336e-05
addr_eqpvbjqcsl0ye7p5ko9vkjkfg2w6fkciz9g542fhl4,2,9,2.6240140217387952e-05
addr_ld609agvg2bj7xgtnmqh3eozjymcf43s8zvsw3ggnm,8,9,6.265177513217829e-05
addr_lp3fxfisd9ns06q07yslrhx7gxsu9l39g0aqm3t576,5,5,4.234164064325784e-05
addr_d5k0ef43g7ichpcxjnhzzearpn1wukcna7ny8hb735,7,3,0.00011128677283566186
addr_mvukzx2a8jow0z874rbjcoir250dwouwf60awci39w,6,13,4.742304436850434e-05
addr_4q6r0dcqykw0qhhbe9uqfvyxj83xpi28hjgp7qe9lx,5,10,4.3300548805945054e-05
addr_7i51phc44s8kjfjjza6iips6gvxiitu55ab0taxi9r,9,4,9.029851928062723e-05
addr_ve7l28d8sl9wm9u5wcf5fxsvollr0phck7quozza5a,9,4,0.00013242012121267215
addr_a9b4n7rql3dy1joaqbasgfbvc0xsl76hk0yifwke0h,8,12,6.053002296655505e-05
addr_k1a0e6olo5c9vaca0k2ctmc962pibb70ldq7lg3u51,1,10,2.3092658763562507e-05
addr_p2t1xyirxfjqa2qr5vpwnhcdoiibfb20fay2bocaec,8,7,7.064208480491375e-05
addr_wtqxnymwldrv53n8n84vct1zgj0z1g2lk9bmkwrrc8,5,6,9.721529338136709e-05
addr_g5od6x035t5upthhvdgok1i7zva2bdwz8v2umtfq13,7,12,5.9362109625093195e-05
addr_7oj98byte9afpp7sdwyqtuv27uubrj174wyags1kwq,8,9,6.919254799048223e-05
addr_8pdk1d7dwg5pp9kigt6ssgyzrctu1um03lzo2djr5l,6,9,0.00015117554268944075
addr_qsx8omerhpe5arw35p7ak8mpp0bcykz5rlduv9gpbm,6,6,9.652867854724734e-05
addr_kthbahk7s4vu3ctbngrx4wud39tqe5jq1msp41j7cr,12,11,0.00012083517711373023
addr_px5aho2p4ulodttcwfg2d45mc394efoep9ngtjecw8,7,9,8.8740814436694e-05
addr_it0a8bz46od862iqmf6fqlvckr0cakbjjohb3znv7k,4,8,5.224621090792434e-05
addr_ldpsqvf8ipxk3nfzpemfy45833lyd3zbtqwjtumn7x,8,5,9.452827986478777e-05
addr_qoz0ns5ziy26h1r20toja0u3qdfhmrd4lq9dspfd7y,5,7,5.877468078951339e-05
addr_adxdf21o752tvrfv4vapi5d3lcqxipe46ivaolxqrm,7,9,7.988422520654293e-05
addr_h7lzmckjxr7p4ev137s9d8f10bn1yl9unlxyq1jny6,4,7,7.185111277856539e-05
addr_2li51rb6mmkzvtsgiqwi8hvxdm2no7so3hkj3ea9nw,10,5,8.985151173331838e-05
addr_y1fzk9qykhl2yqnpn3vgi9i7wa78v3c1edm2z9qnrb,4,3,5.4195053182770395e-05
addr_7gh41ukcovrxitizy8x8xu2plcsvfxcbbcmma11kra,2,8,2.5965657049461473e-05
addr_dqwifumz99di5a47nzxkfsbizdm9hg4jw18v9dbo68,5,6,5.223270108058375e-05
addr_xyidpmt3dg6qq9qqd0nadibhnc4viysemqxo6uutef,7,11,0.00013153483730814772
addr_91274jj7i77mptcqnmn5vkb5qo2gjk1nb006r9suq2,6,8,0.00012269658287692784
addr_s2axfvtj1lpnj727yulj2mxdb7vdainbtmkf05yxfl,4,8,6.608266591384453e-05
addr_pzls3l5246c4bq2uoylnrtm3otpq2eogbk12x2lykx,5,7,3.961059898238325e-05
addr_0p5mw1c8n3vo0en9uu2y4ix0hy9kdppeq1zjgdgk8d,7,7,8.462412360853307e-05
addr_aywdsz6kd7gi809qc588i4rbbnom23rgucbfnxrl47,6,5,8.739937817329356e-05
addr_5y6e1nyk8rftdr4neusr6pjcrtac6g1t4wjl357bfa,10,4,0.00013336897353061778
addr_h09h2boc08p20syy1xal3yans3p6520mh1ilqan64x,4,9,7.679082046247716e-05
addr_jsp4ocflvhh8mxrycneep6com2s7b4tvdixk13ownv,15,8,0.00013783790247311694
addr_ubvf2ich1r4jrreyiya23d4tsqxamhb03hqyuzy53w,10,4,7.921273705475454e-05
addr_zv4w5nu4in2kqvb3ltijarta4pn9a7b726ew7lrkht,9,7,0.00012207861837776942
addr_tsl5kl1skzsvc2njxyptcwtr8u44ujlgc00f4fpzm3,6,8,9.461520358609135e-05
addr_w41megqo99kgq93x6u4r496727s0vxxc3m1lj3h6ue,10,8,0.00010741260626547884
addr_szvgrbkk9armia1rlyfjoux8xxos8390l4rnqv3g5s,8,3,6.09209906675532e-05
addr_jbuivrnk92bgzbjgmrei1b21alxkap4ejtjlnjht62,10,4,0.00011832201633325683
addr_26dxi91cv5m7r8ke9f15q0h2bao0doehczsvdcw79s,8,11,9.726350074813784e-05
addr_3n41k4eenu17vti9nxh5g8hseatn9g8cwrpjscfkg3,8,11,0.00018696097945988214
addr_xbwrvdpowiztrqqhc5pwb0z7s30vzpzphajk62ttpm,7,8,0.00011604665460149561
addr_14m0c7g2hgod6g8zek0mqup7y22el44hicqs9krs3s,9,4,6.71365666554923e-05
addr_3kk6odb0h2nluycg8wlgv4yh38eon7swrgklswznym,6,9,9.32149859557641e-05
addr_b0d2mkwgpuerb0jcx2q7c5d84mlqph5rxztgk6hkg3,8,5,0.00014610743773337483
addr_bufvq615aegddn5ds4amelhqis5gmpgorgaw09rmpp,4,7,4.358109189888191e-05
addr_8i73p4fwkyzu4knl87npnrrippj7fl3i34mr8nvpp3,4,2,5.673205824021368e-05
addr_hho7vti5k7iqtpp57k0b86wlp1qle4xknncyhbqcsy,5,10,4.338424594819726e-05
addr_y4850h1icek39om7c43582hl6psgi746hio08akfwg,3,7,3.1945241178968405e-05
addr_hqukqd25xllbeg18ldr6kqfe11qp4to9524od9hjtr,7,7,7.818549236237422e-05
addr_308qu7vdztaz9b9qmlcgbj18h3yk89u1hd2pwiovok,4,7,7.000922517194186e-05
addr_g40so134ig1pe90pd4x773qvlzs6oa9fqv4ooqxxpn,7,4,5.5479075642903205e-05
addr_v8wvztduurua1c2lz5do2jic5laxb0m5vc7av3p3of,8,10,0.0001479495505226471
addr_2oouxqs1foi0rs210q2lg1zhqunue7a34mpyo2tla2,12,10,9.342039916773761e-05
addr_8kf4107ux5xghv0umhz4rid55lhn427d81q1y7znhu,8,3,7.151779912639808e-05
addr_b1wnk9mpemnft848adsdqxm4cdvppduao5fh5f357t,5,9,4.09395480243701e-05
addr_rwy9e05e41f9zabzwvpz43xtcbv497ccl4beulczo4,5,4,4.551273819602362e-05
addr_uhzuchnonmiuwlvbv3kqeo0bis34nfbt9ob12nfzsi,9,6,8.353861059605535e-05
addr_cb2oxebpbbqhtxp0shaj4mh7lky55wrswg5t3ixo9i,10,10,8.981974904457215e-05
addr_o3aqy57w1m8dkqil1r32ly6i7tzn4yccdx7yn4byaw,7,3,5.542598752271987e-05
addr_f1f644w0qcjz119bwxxrzyzokq56twzcc5yx3hxelv,7,4,5.43653419532242e-05
addr_suhpvrby17lntlfbxtahg2wuwsgwa7h2pi1u0mglpf,7,3,9.410946845956978e-05
addr_wt8qxvjm1rpzsstqezuof1h94cqu5rcyfhtj7tyqqq,4,6,6.409716814334409e-05
addr_gtjbvdpxq8sm8mzppuog4lcs46yekdcy3d2p6tdr2k,9,7,0.00016106867062320275
addr_pwax6jp26lo1hn9bflpdxiu2inpv973knuxa8dpgv4,11,5,0.000124183274845866
addr_ei0c3djud1m0ajvftvvtnmtmzxcyhne6m8peyieu45,7,4,0.0001710599856368991
addr_3v011nmoaksytezv8dlk5tsl62lnt9jdnvytkqpus6,4,4,5.7433773584395784e-05
addr_yvd5brvleonbfsqqyqmwq1t59ex7odgrdlcax86j7u,13,7,0.00013763799302821602
addr_rabtmv35lhvdx554704kvap3s9lmuh5ztaxtdbhwig,8,7,0.00019089266994248835
addr_l7ayku0yd3r5g41i5kbqpvghf55a391u3zjucun4e6,6,2,6.184220307860727e-05
addr_y9e5dt6w9rixobrky447ao9qaw06vbdas4mz02t11r,5,9,0.00011666653600671011
addr_w4fm3420q235g0ahwtnu73yskhy6h9waviat22hdek,7,6,0.00011802699169734985
addr_007f6hcwq5amf3wpzexlbctto5qzwgb6wy8ad9rtss,6,6,6.949030093568684e-05
addr_ho5pt1s7cdhunere781014p44yy8g4unc0lnowvpll,8,6,0.00011625817263240049
addr_2sgngyf4tpa50bg5m61isvuccpugcgizzm399arau7,5,7,8.081343758093024e-05
addr_40wsp0aj77c69qfsk9ap0o5yxbp7fcz7sh630luc60,4,6,5.735831011973153e-05
addr_uzj486ul6ulm1t6i8uxk02ra81rxyr24qhtljfedte,6,6,5.8527445103881694e-05
addr_g0ocmic092hyxflh8i3j5ii22cdo8zkgdelk1te9ep,5,7,7.61123855019698e-05
addr_3k585q1px6hxlx0fq68j9z1h68im4gru7j7mkpyynp,12,7,0.00010518525732137539
addr_ui4e3j7evq5631495fm0xkiv0nhecmfyddgdbrnid5,6,6,9.400763103018421e-05
addr_4eudmxj3vqubdqr3sg4iza55a8qufk5u6bz23p8tsb,6,7,4.393938001288236e-05
addr_qiw8ga7xum9tn5fb8yfnzq7i7dabxfv74gbi9lu0sc,10,7,0.00015543556228467977
addr_txawqgbos0c9q5s23dgok3uy885sadoysyqbbpkm3b,11,5,9.005883363311658e-05
addr_k6dd68il7drp63r5gwggl2liwix9pt3qaxxt5ne0vf,3,5,5.1664639565790924e-05
addr_6uhf9nbked14amvkmit7kp2xrd42v2nui950g0te3j,4,9,3.210888419204308e-05
addr_05zyzag04wfy92qfnfuzh0nmtp0z7inynovfsjxizc,9,9,0.000123504345947662
addr_psmap6q0kwhoij2wf4ko674m98kbj79x9gs12n5l5w,7,8,0.00010217557317041025
addr_plnus8743bbrk2jiqay7nmnws6zb4iz1utjq53ns4n,7,4,7.077294321939714e-05
addr_ef7vcnp91m7zifndmhuho3q1lfix91zs6puz4aookp,8,9,9.263307567878342e-05
addr_mgl04w37xf8rz1dm4t8suhdw2snmco1ct1s4e30jp7,6,4,8.761861964847145e-05
addr_7zpi2xgkbt5k2fdydrsvnwjah5l8ons2k9prs6rxse,4,5,5.149158129216668e-05
addr_lekqxxo1aplfaxa1uv8l8qawpkwib8exuuiw5gc0id,2,3,1.852354650671119e-05
addr_5dwnaic5ppza603hjltxnxpitfdxo9nyd5j2qg9r9k,7,7,9.842781805559092e-05
addr_4pe6yqrwrrz46iqlbwt5x4w3qn62ca53uvszwmm42h,8,7,0.00011746125792539725
addr_ebmqpjbmwmnohg3vtl1drz0xv6ddd27d9alk7ybzga,10,6,7.158684430820664e-05
addr_m0k71nnr7ykan0mk1caysiq60qdxvu0unep54yehsz,7,4,6.072756916347584e-05
addr_pwg3xg0trky8ryozdppbquakx6wb68q0j9m4smzocx,7,16,9.857061013599095e-05
addr_ir9azdwijj7ifwj9zq9h6vrth0vt876kuoq0dd8adl,3,7,3.790831627680689e-05
addr_wnuc5zaomn6a1l9hoop7sl1jeix1w2g8raxv2dfc8k,5,9,6.923208635703356e-05
addr_17kf6jzqf2rkaorexft0sazwvmpgzblj2np6i5gse1,5,5,5.8919862459613915e-05
addr_80nd3y9qb0e7cxsuo874ohl5thlvjyqtaybgi0rr0t,8,7,0.000124679694313634
addr_wua1k26mey1v9zvmz4to82guldoxk0lnybhe3pzaq6,7,1,8.760598169094705e-05
addr_pslsiylx2crl39yr8h9xdyq8d7wgxxashvfhzla6ov,6,7,9.174551961726535e-05
addr_nn3nedkeb18tovc3bmgbhrjanbpaw5nii1ujvs0a1x,6,5,4.063537098882081e-05
addr_3q9b5weh5k8bv26oqzxtgde43ded91lcsh1h15x4lc,7,8,9.29122773323833e-05
addr_cqddaupf9x7a2ee3meyamw0v9421aq11cyqzgolod1,14,5,0.0001216506326839274
addr_w6x2xkv6s8s51wt9b4ln2kgz6nlmymvbnjob4eqadi,10,8,8.654296736752227e-05
addr_d1sd44wl8mdzfwqvalbna0236qk3qhad3m6jr8fl9v,8,6,7.232975407434105e-05
addr_z8328q9nndiomyi4ofaw4ud35enm12bbckmr8pjij1,4,9,3.0083013434025773e-05
addr_brw32420xb7vlj260o42me6jnt6svut9wcplkuqe08,8,7,9.603124529206073e-05
addr_bb9hkic9ntjbhn8puxf1b352jkut54wp841ovhoa0d,10,7,0.00013144646984081191
addr_5u89av58yngveb33a4ly0n4y163apii8wha729rnm1,6,7,3.7466894735876016e-05
addr_1wg3hjsos58yofvyg72vwmd5tfu2snx1se3xr6n18b,2,5,4.499837912925998e-05
addr_duyxrtltrouf5xbf6ygzkokxhvnj9vkqazkfornx1r,5,6,5.166349103743819e-05
addr_a2uolr9x7ze8vr511a4hc4nf1ccx2cnbe3nnbidwpy,5,10,8.273505169152487e-05
addr_nvqfz1myng0s53n2ew7qf5qsadhwpymbk4rbcep18i,7,3,7.240815001004356e-05
addr_t3qtqi5l4uyx8psw9rog9pq7pzng6qix6h2t5agw0y,12,7,0.0001852133971469281
addr_hgzuxak4iaskzgc8yer73bvri1962klegdhryaqwp2,8,5,0.00011776000603768891
addr_utc6stnx5kar6ndn1wdxdy5816rdv3r1mcgzxpqyl1,5,8,5.229862392527726e-05
addr_65g5hjmd886wtk1bcvz8e9a3vnom5ks0ht7kl0zszk,10,9,0.00014040896923898282
addr_i49i9heiiiszenukm37pke6mp5shx2mgdqarfo95g5,7,9,5.724200151144895e-05
addr_lwd91wsshe9i8py2qb21rwkft5yifa9szbcr59e7qr,4,6,3.2054185932701806e-05
addr_39pubq4l6wfi1lrmh2eget1zflibn1z0y9huw6heat,8,3,7.983843333477172e-05
addr_oj0ptbknpfv2o7zwrlog2h51rpau16wx7uyey7kynb,6,5,8.999837673276363e-05
addr_kwfkofc2f09uigzpjj7ywzkz8i8bmnhmxeltbzefvm,2,3,4.321691831473237e-05
addr_3u2gdkbx35943yxiovlaesipec45jye3ilycay4luo,7,10,6.686606778909096e-05
addr_56zzhbeqn0gcli0rdfqy7sdhyfm009lyhd8ngq5pfy,5,7,5.2437410671729166e-05
addr_nljo2p7i7vefo7fq1k3vy255xqhonj97uie2txz7ur,6,6,5.541505243240994e-05
addr_0cyl7863c6bv4i0rlegsnnr6mqduvqi40g9apbik6j,5,4,4.352491899569034e-05
addr_0t6gygxskprcr4295loo6n0snn7z7vfs3eqwq193b7,5,4,4.474545742213553e-05
addr_eroh5chpu1btn0k9z6d02u73vttiakef8h0ihtf390,11,7,0.00010786472362349916
addr_3n28flm23sxznptax80i2igjaxittc6dwglmirayn7,11,5,8.568645639927234e-05
addr_25mg0c7w6x24br0voqykbsenvk26m35a3531qollwi,8,3,0.00010789702196742286
addr_zqw8gyv7dp7w731db1i7hhu1vhomshpuu5bvcdpm1l,4,3,7.889279864260663e-05
addr_iobmsyx8b8vhphlwp6o4i8oeg5eskwiherbnn6q4ko,11,6,0.00011109605551834023
addr_ha459qz3q045okcg3xn5b78vfdp08t5qxgywno4ca5,5,12,5.967168962693589e-05
addr_y1m58ns64lbvif45tfiah6z50oz8y3xc0twhbvjsfm,5,5,5.324131616874894e-05
addr_d6fwunibw1gix5hy9lxl0banae2apzl90k3rf76pk9,9,7,0.0001354627763528743
addr_0owgenfrlzb81rm7kwyizumwodjym9gszx3055crm1,5,8,0.00010942410327074299
addr_ty2l6v8kzy80jloev8ik1nc1y5jugox8dqmwy777t3,7,8,0.00010020655999768015
addr_edddzqwvithb1ev33m2sj4slnt5mj3qn36xclqe7a5,5,3,0.00011424521782543465
addr_wgbo9jzfyjfp9wxxq9pu10ku8i3kzvl6amt4bm6vs6,2,7,4.1834490662785494e-05
addr_n63jwf4eilgu53m30qzzrwa1eix4svzan9wd1lf17h,11,10,9.552833986481027e-05
addr_kcyy6itgefr80bw4oh3iuzwe2zzxoktne49s2bxne2,9,8,8.650850937033333e-05
addr_t2bxwu5a14atvoxab9fjf7umb0btpwy6abmkthqfb9,9,8,0.00014174694363377178
addr_q70fpm94q4sxa0zivp08gh61xp5ucb5drlzz1wraa7,6,11,9.309477117310554e-05
addr_pru3xlpdw1spw5spryqqb5bewjlojzqd2z3ketvbwf,2,8,4.278727942165754e-05
addr_elpprh8g6ete0yn5hv56eddci2bqrdmf5c5g19ica5,11,4,0.00015310762789771994
addr_9midux8fmw4vchrhbkgk9jqtajpp8oei975yql1v2w,5,7,0.00017077453335250938
addr_1l4tx4ao91532gpdbwpomsul1xjzjicig1vmi7jo2l,12,9,0.00014530038401980766
addr_112yjbsjgy8i7lg7sly8x66tqyupfi4pkuq5w8kd5p,9,5,0.00014145624356322518
addr_0pr0siq249bjtqj9yuode4lposgr8if1jm7yz48doa,11,5,0.00010917979777967283
addr_0eg9520gfouxusgoaxvsol995x7i2ssrelwbrxq32r,4,5,4.828071272103443e-05
addr_p192iuufl9800w9uz6mrxlc88disz6pm1oy48fmva6,5,5,4.419367886979566e-05
addr_fl7j14lkfplf44m9p91d19x4piknqj0dwqzqdn2d0b,7,6,0.00012038286840645112
addr_k4r278zvy1gfq6es3bep7ccl9kqqb16sipkoatod37,8,10,0.00010892121835126712
addr_lqfs6hn95s2gkfl5xf50i6gbxqj7dpfssbjdx0pkov,7,15,0.00010503531328717341
addr_pnq0mrdru8ielq9xg5yk3ix7jggkf8sumd4f8ayyz4,5,3,5.6197168802168726e-05
addr_oaqtxofjzwaem3n7f1a691x36oetrta2egr9f9kfgx,8,5,7.352152900546361e-05
addr_xj14rwl42v4elpcrysjjewhx0kbyf0rsy266phk5ri,10,6,0.00011380932580804753
addr_d85bg4mmxqxmtl0o6pz6lzssgaj30s2tjnj6t0335k,8,5,9.13202758213025e-05
addr_e8mvayovl4ypd620wfft8ne6geqaycr38z7soaitgq,6,7,0.00010670235157288835
addr_x8mex7tmffqp9gaeiuua8z6okkcsjgcwx4swx2cjot,5,8,6.43601445871337e-05
addr_fksoqovfyim5anixpez19w2vso7h1jehswixuq46wo,11,9,0.00012300604768213517
addr_llyf7ip2lr0da9zo1um6adcb1mmq34fcw7mpcsa4nt,5,7,4.711214713104953e-05
addr_kksiuq2xp6uptv3eokyu1jc9o8q8w42p7n3gclkp1l,8,6,9.657875160065476e-05
addr_npm1bdtizpm6bumixegtbqlx4fl4z828j03w86tdbx,5,7,3.726603514491035e-05
addr_i8sgjl73ywz3ovqlakabm0wcbk8flrjykcbt0ejbbn,7,11,0.00011964674204014503
addr_2a14ua1azpjgtv6plvw6dwnnrmnb7qc2wo5mhn9v3v,5,5,4.804958413171235e-05
addr_evb4b0tfq6o8eyikwntwqbp1cqftx0fgnz1iifq0r0,7,9,7.592775597078745e-05
addr_1iep0lclt0k89hlvvtzmwucbzdf3rsxwggcx4d98eg,8,9,0.00013001579423105113
addr_qr6tngbpnjczuza9j9272fxho1a0mgtv3z1fxpu1wb,6,9,7.424831191956598e-05
addr_4csf8ose3wy5foyw6di5ajj17iinsu41nwrsf2hz1s,4,5,4.355980150848533e-05
addr_3ovyzgknaz1lltn9mlm6hueovj3577p62meh4p7am2,7,6,7.977796443189098e-05
addr_k9m3p205ypkht1l4sh1wws6fqztje22ujepijkwbtr,4,7,3.6698170036041325e-05
addr_ab7td9b6tscnzo0df4hycso1zc0on49yxkdn7nn2x5,10,8,7.064758892115718e-05
addr_55mwkxz0zwqgfmcock5uhgjpmu7gr7cfx8n8n8rs4f,1,3,1.7437978852422548e-05
addr_tpuc1krbfs90armfcftqwjxf67b38ey0hamfiucbwu,6,3,7.657035390711903e-05
addr_m06hce0lo1z2qs3nxppbdsdhpvidqh79umtiuwq0wc,12,4,0.0001991509882623204
addr_ham2jwzcsrnlhsmk1mtz6mbhlwk31np6gf2of0s94a,5,8,4.653975122873935e-05
addr_uonxaxd7k2yo2ucbnun2wu04aduaydm2q3qstwr6k9,3,6,8.190204798320059e-05
addr_irti98a6pptzzdc972igshgxxcjry1kb2xlsfz2our,12,7,9.389034595169582e-05
addr_qsbjerrlo1zizx4e0k17nuu0l4vkw712t4ajduacix,8,12,8.241540437286851e-05
addr_jq2jupqxiws3tj44r0shgdb1ttt542fu3663xro8yu,4,9,3.711864131041041e-05
addr_tvma4aihaatvlq2uxj604512fc6n8sd8bb2qum5vxg,5,4,3.773487759493062e-05
addr_l3vyff9w14xalikn59fa1wquq1xh6zhnl0g4kilb6u,5,5,8.775171497815004e-05
addr_nc88osrb28esofibrccbghy75p96oy9onnmi8n12v8,13,7,0.00014584116463046585
addr_03758mejql98pcszkeaudpmc2rxmxbif5i5bgytw6b,9,4,0.00011286849513526882
addr_vucahogfjk3gmjoiezzg6dlmfbdwu1g7pndxmz2cao,7,5,9.128129745400623e-05
addr_y94u1i6xmh1tp9wnipzq0qkaiimyrq969d53g5cw41,8,7,0.00013124486356374683
addr_wrkmz17rsxhh1ala8x1lprbbi3qolnp6jxfca6dkk4,4,7,3.644033585236289e-05
addr_hnev17yk0qrv4v7li7bvl586pk5jsn0prsic3w1si3,3,7,2.6426278885739803e-05
addr_yfre8vcurcrpmdztnz09svu1c656l1kfllb739jf9u,5,11,5.14796299017891e-05
addr_sf7dqqk4h8hc0nb7df0cf4bcq6tjycscvnuav6u1n6,8,9,6.996315625571275e-05
addr_ttruti7zfztos6gkj71k16y0upu536lzms804bfpv0,5,7,8.090804751829222e-05
addr_88klrnwemefr38nit7cgng2vztr52jwvtk6ci6ibqr,6,5,7.554136669381914e-05
addr_omffk4xf5q3js9k9bcoemuiz4t6yy5lcufvjnhav07,6,12,5.597613573264439e-05
addr_z8kidjvc0zckfzwsnuw4qg52z1l8b3myl5zil6ww2e,17,3,0.00015897197925071707
addr_cszjwfxw48sy48t5mhr8zlc59fkl7nz4rqtqv95h07,9,9,0.00010508274005011598
addr_1b2ozwn3feiztoxl6wsyo4pttu546194bi6oxps6lq,6,3,7.480393371878553e-05
addr_58q36c3qg7sw1k0cb60ykhzzxa7ethszoiq7jyqvic,5,8,5.3008447316427935e-05
addr_zdyoa5lvpg1757ki66fofqqr6ii2970fvcj2ky6jbm,4,4,3.104559359682289e-05
addr_hao2o9c1i750nlb1gnzaijmh0mv3zp4eaj9hxrzx4r,5,5,4.948094000445561e-05
addr_2fjjfof3niea90elckym3rzxyvwk2gj2z532ezci4v,5,3,8.366172635796374e-05
addr_f9icecrtzdktairzt1wnltlqranlvgey64ljej3d5q,11,6,0.00017537656708296534
addr_nhxejzt2r9p3h0nlw7vd8uq8lxy13ar1pv9ymu6ghv,9,9,9.815947779246954e-05
addr_39yzmrarqsyf1ll9m4v8e1msngqwyl7ard8z23w8gw,1,11,3.157934730610653e-05
addr_jzuprpr430i0tknxouc3nlgfzd26tuoq0p995zx02a,9,4,0.00011392856168784403
addr_d0000g93ru8mnnfrr92mgat2jzghyakdpc32d580bg,9,9,0.00013033973699474468
addr_5ce1g2hhzu47xi8m25tgkls6ma6jugdxmzyp7jc13q,4,9,2.0068733452369926e-05
addr_xfm53v0jcgjwwjd330awiq5dccl3f3e4qkuq1mr5n4,8,6,0.0001386266488198201
addr_l2670cqz2gxbkgfd3n5qq0mayq5vx828mf5bsjlj90,8,5,0.00010128411035589197
addr_vu7q0vbxmmprf1gjljg760g3l72512otudbvdtvv2n,3,7,4.136783635103536e-05
addr_5to9hac0yn9eyj6w8qp0mmdl11y7nqh0dfrge4koym,1,9,2.8132939571494406e-05
addr_mvx1xhnfh4zww81df3j8dvny2zm5ffvc0e41y2733f,3,5,4.1318140316527386e-05
addr_eqjl96plirx6ud6zejytrvgleyd48op69w1ycudg0u,11,7,0.00014865209511373328
addr_qu8djiig1filrztoavari9c7wamle636mm266wof13,11,9,8.303265000139495e-05
addr_ecc00am408nq9b81o7bwd75bngamube5f3axa4wodm,4,12,3.963942786576374e-05
addr_jvv64s5g9z36jycs2ckl2xkvz2co9yua8n6vpmd5qx,9,2,0.00011077621452881375
addr_iihmlxyw350nimkg4w37u2ltlrtr2e2czl0fhryep2,4,6,4.312157567368988e-05
addr_bzqjm2sz6pkh8c0hz2c861mladz6pw3zzckgk0hsr5,2,5,2.1297781996796872e-05
addr_rfmgxk1tg30pyzt5a62bw4wgq8php6vlzn22byb5nx,5,6,3.804615379529675e-05
addr_seh3oytejivb8ybkbfbpnu0b66sm46z814tu6z2w87,8,8,9.8195958245221e-05
addr_f9f8j4ryatuzfalsnf9kga29kto9zft2e26i1xt6p2,7,3,9.117776176522627e-05
addr_6w5t1j66qb7ilkwuy1oot5pzdck8u7qhg32mpdq9ws,9,10,9.608546100687491e-05
addr_z9udw4olykcp1847ogbngzdlhu0rjmmnf0blimvnc3,8,9,6.610870137822919e-05
addr_lsthpn946232elz7xl03oxdef6n1t78ion0rsfpuos,4,10,5.031267130134783e-05
addr_ezwjtx3euj8yhjgzx826asf3p96xjlcvw20pyoa0y3,10,5,0.00016336237324902922
addr_w2cd3mt8bcpfgkwqaynhw8vvsz32h3pk7n3pwg7hsq,0,5,1.2591921833626345e-05
addr_gvjimx5hhvyhxdgk2fswhyhwifrpu63yrxk65awseb,4,7,7.200533121737522e-05
addr_heei6l0kwl37hj19d8z1o22g5saxax9hcon13gbv3o,8,3,8.243544387930815e-05
addr_ikv5j39kv4otgblwli2h2du23db8k8jnrlpm16pm4t,7,10,6.744754224066659e-05
addr_7k5qbam71ws980uw6g9z8e8x0yf179qckc6cb1jie2,4,11,4.5697181752513836e-05
addr_tiveh8vfnqgnrhp36ky6ydybv33yw1v49tdyf12chd,9,9,0.00015484921579885866
addr_vm4ssw23mqco5jid5e171ymd501ovd434wvekz8rbc,7,9,8.141444031820864e-05
addr_5nidd9n34o6piby33hu5cokq6n9lokd7969m8fsz4n,6,3,7.089860270825304e-05
addr_n4ll1wor2pmwmvgik1e6u4gn9slxsol5tihm7x1hxc,2,4,2.910147752492795e-05
addr_cro1155qkwp2yjoj2zt08j1bbd8ck3a78516rg2dpt,5,5,4.2353688973612766e-05
addr_i890rf7c56ovfq3h2lo3ka2ikbt1furo87277p9xiz,3,5,1.7034708199802946e-05
addr_wc83abozd2lckpfxzwl4zo61jlna4brzxtd298ykqi,2,11,1.8582398513193656e-05
addr_0pa7zono6qrc3bkk8ghvnu4s1f4qw24e6gyx9ocjdn,6,4,7.319393355412656e-05
addr_yjlkagqdvs1l7uctfhy5aziabssrn4wme8grsgrpoi,6,7,6.408166918587999e-05
addr_qrjds4jrk322t03827tepnh0hcn47iada4yzyivfe9,4,8,5.5701565907463496e-05
addr_rqahs8hm9nwpdx67zkr62u5ebtrj9hvaazol88yqet,12,6,0.00013007959090899726
addr_o7yo3tfdjjt1qbiyrqqwmqa5s55l6ibdivkowayvqg,5,8,7.959582865537316e-05
addr_3lfln7ft5hkojj9vynhccy7b0u2hvmbn4hzwcfu9nl,5,3,4.930257087862565e-05
addr_hxm7ztx1ijqbqmqjbfuidbrmlqq76vgegmjyuemy1e,3,9,2.9260072117361935e-05
addr_2s3tb0ngzbq7d4cyfzx616pgck4hcnumqofsdw9mhu,9,5,6.012242828115389e-05
addr_bvbqgoj35mjo2z4aqtikttunkxlcwo8klnzao2h5ay,7,7,9.526503771830377e-05
addr_m1xgb1botm1cd4zyefg5odhdgqnxskyz86iosa6s9r,5,4,8.041243025627297e-05
addr_lu6f9qs3yj05o4kwosu6vjjc264ko1fyb5dy8jek2t,5,7,6.189637577945708e-05
addr_quo2xqz21xg77flv7ejm1r1qjqmfd2smd7kl9intuo,1,6,1.3411962025046675e-05
addr_8c16nxxswqgiwmpvlokbdjrh6b3pkb6csiez6b4jw7,8,8,8.235465716002448e-05
addr_b3wyzxjqyjv84a1x7ov6sgp3jk8xnlo50dw1mf07ol,4,14,5.8172206662991826e-05
addr_039dbc74usb2rajdnr1qloy1o374vs4z7qsxli45jp,6,5,7.019755704287754e-05
addr_9w9jvi8fdwptvph9nm1qhx2d5p72hem58tpnk9oizh,5,3,5.618528300425205e-05
addr_plr5vbgsgllegx46qfntoxcopu2hr9i2c1lndvgnic,6,2,9.504285708139722e-05
addr_f4rtmpokwsqpf7k21xv5290myndl6hg9fxcm9hk4zd,7,6,9.214491202312043e-05
addr_50dcd2m4vzhhv6k68pivx88evm629no0eers3w78mb,6,6,0.00010533416062845207
addr_kl569s0jq35j6jelzjh0t0wci3futoqoew5173254o,6,5,8.576503206268595e-05
addr_vwtok030oh86qb2yz409q6ktd5tpmrspfv66l2ntiy,12,11,0.00014156588358794212
addr_fh7ngu7l7uffo7mc8stethxoo17nt9732rsofqjjox,7,4,9.239034529979902e-05
addr_nlj7fpdxoxi5pbmw0nu5ukn3fh2wcje6nksagwz6my,3,12,5.9447288699785285e-05
addr_8scnrzuk6q6gho36ap0h9gtin0727fkn1hsikppdkw,7,7,6.587821033489434e-05
addr_ti5une0wyv5e4z4rxpnwsykrzcj7r3s56yny1scp99,3,8,4.635951433769218e-05
addr_6rt0v7uzwy51kz21anafqtx1rjdh1nwfje7yxgq5qd,8,6,5.9872385907908675e-05
addr_7pbwn1we6y6jz9ul8pcq30lpo04xvs8suzvg2zauqs,6,5,0.00010585953616471182
addr_gft3z0jhety58scqtryte1cw2e5fmat5vod239cny2,2,7,3.4646613444359735e-05
addr_apfyzjl9v1s65xc722nynky26mq70jq6tplrsovi74,6,5,5.720014294170221e-05
addr_mdycl8h18yginh1mtvetn3gujs4oskoxtjpiwtuxdp,8,10,8.398424502979855e-05
addr_xyywkk263uutzl6u6algyf02kvlvmtqb8nhy1xlaqa,13,8,0.0001237804335467515
addr_a9fysrcbjs4t1jwxivori52x1whs0s3thzoutmequz,6,4,4.5806016158586745e-05
addr_04a359ho9etrc35ba1yxwbl9qnpi5y5a9rsujvoitz,4,4,3.3243055544087294e-05
addr_739qaknwkvwgna2ya9plx5w5kpwzg0uoo5k4p76zle,8,12,7.675289515947e-05
addr_rue6i3j26prli1vmk98x0vv62p69ol82jpwudntnmq,4,4,6.0420788417509156e-05
addr_vbrbh7r4uj84wolep2wlnb940aud1kwvbed8wptnxc,8,7,0.0001201978908397266
addr_c3amheumljdw126hufda62zohp67svlg15mm88nc4z,6,6,0.00011603134052813351
addr_stp8nkazdp5gfikcsdu3pjtcs5qx82511vs0ufohhv,5,11,6.0291121819837627e-05
addr_f65xl0qcs6g1fsukrd640ssfsvamprgeumur2hzslw,7,7,7.22671104458165e-05
addr_zqcrs5xt9q6pg3bwqvorcyct2s5i0uh24q9ksod7gs,3,3,9.06397604563159e-05
addr_f2miyexu77ze898dpe2avula32wzyj1ieavcasonpi,6,9,8.414503821354262e-05
addr_tuhfvc205iju24f1h125isc8u073lleolkm89kclr7,7,7,8.923107765443639e-05
addr_fulz2ads83gyziepo772nrcmuz8du9v45d3dgc50i3,2,5,3.7738326117305364e-05
addr_cjevqr1wz73dcluuchvu0xi0gc5r98hjq0468x74q6,7,4,7.533038917698264e-05
addr_3qe0xqur8276rgoggfrbooj3omp2b7y8w2jq9fllg7,6,8,8.986581672590107e-05
addr_k3ql6b6t80o7bo45jnutyagqn1pybl0ihzj29wma96,2,7,3.871690196297129e-05
addr_ixipba9cbynwmx3jcero3t54m87vlfu0q2i74y30wl,7,4,9.951849933642786e-05
addr_tv7suiptvraonwq4kzi01cii4x2qnz5ov3embuob55,3,7,4.6470487104426734e-05
addr_21hreurblu6n7aftnf14sb533ccemujx64meanor0e,6,7,8.710638163103839e-05
addr_mdb93qxgli5ghxcx8g4xu43lc6jwcz3bqfrb0nzutp,8,5,4.4410893464959234e-05
addr_s2mkbi6c8dvmwwy2e30vfs4fmkrq49gnyn9fjfizrg,9,8,0.00013995411774675052
addr_34wqthaf4hvfv6ej1cs3ye74m3boj340tjau90fx86,5,9,7.17645241093544e-05
addr_c58q6c52nfbr47eayhsue9ukggv1ara38c0es64zgp,7,8,0.00010186947221441962
addr_nfiv4jyaguxzjtw8r0wxbc5rkevyu68wwtzqrgz74s,10,11,0.00014190342628534475
addr_thyg195xya06dziwf9thodzzfqkidcase5sedgpgt3,5,10,0.00010704524694908479
addr_uft4buxbhehddyco89g9y8zjsmwmdjjkwlj1ncwdp3,2,6,3.82376786683582e-05
addr_b48521owxw5t9j6enurxok5vjhu920r8fpc4irxvms,2,13,4.158514110745246e-05
addr_79mpcpgyex2o64yeezpol1e81rfdmpoda2eqflpld9,4,7,4.171396356829371e-05
addr_hkqi5ofvhdvmwy67mc25f1yupm81nzieyh3z8u5dlo,4,2,3.659315133085249e-05
addr_0fuzrb07bf3hivbw25nxk71b1q4k9eowwigxkj4u7r,8,4,0.0001341095704631477
addr_1ekvipatz7byk9l1wdx68c4nr1h69m0gakaskdst7o,5,8,4.898367976865159e-05
addr_0v3tki231pp41qlmyf2s15ja2c2rydjerzitwa0k2r,5,5,6.370396293897039e-05
addr_gbh4jql0t0e5l5mz1lic5swu4h90seo9nza5hz36rz,4,3,4.0076548735326235e-05
addr_v96crk7sooitbtoba84iydngpp55byjo7c5qvo1pbt,5,6,5.050619874802458e-05
addr_mc61l06j0t9qi4xne5wuxwh9ccwirh2ekpzlrfjrmj,6,10,8.389619593194402e-05
addr_sz2kuuoyc3rwqmmu7jae58huxg2myr06nkwfg3mwu4,7,7,4.9094412140877004e-05
addr_1bzhn3r7e67j52ix9fxumg2noysdcaurscrsxm43em,4,7,5.699568277981474e-05
addr_pyvz3l6l7eu83rnrrk43ay7pnuv9rctukv0mlkc05k,4,10,7.195511253748105e-05
addr_7egxmyddi0erc9a1d51ptkr75nbfg9orqpu0t0m964,5,6,6.0619069234732487e-05
addr_i9d8bolsb1r0uubomzow5hppzadhvns4wdm8qs8xjp,5,8,8.321292293513163e-05
addr_f2d2bickk3r483zemwgujwchznrvnt2n34zn2og4vp,7,8,6.463250682432547e-05
addr_8noh4tv4p53ajfm95jew52xlmjiubvdeis9ocxj6ab,9,6,0.00017516179764074852
addr_vg6ulw1nfba08d34wvvev1bnddh9axkbyzvw3nlouw,9,5,0.00013694863489521173
addr_4dzje4ybvnul1jc8lq9j9nljuwdn3me7yy8z7ds479,5,7,5.2053580486468075e-05
addr_88c6e9ypm8ae2pifk8ojv8zobofrcis98dc7npk4ny,5,8,3.797007703127398e-05
addr_1slobsobncpc5tbv58zphcjivni23v5407gmmkgj2z,6,7,9.204919731249697e-05
addr_utxszgp0zke835orda6ssjuvnvlmx0hgf6pltgsdbl,5,2,5.270334459873231e-05
addr_h61fb0gq3a7c1r0buri0prcph399iwzgk8ditwpla6,1,6,1.6026531090875534e-05
addr_tkw5m480w4p6a26itet6qx1vf5xkc71wil48oiw4sj,8,12,0.00012811980414030754
addr_v2v527o5wfmssovwyptme9ez9eotm1o7hlfhsko9mz,10,4,9.040049999860604e-05
addr_9uxgvc4qm7o7bwf6vlfzoitaubklxeo3enlqydiu6v,7,7,9.250518965695539e-05
addr_dqyl407zto0t5683xhyurp0xdxe2mkitu7ey0ng1eb,11,6,0.00012639773363706173
addr_8pj3mtp8esdr91mu3h70zaf3icp7zfb8frby10s3l5,8,12,8.215291576028558e-05
addr_lczc6yj9p7wiopzg3rja4kxamy1erhyik0umyyoebo,3,6,3.3514352048427924e-05
addr_hesjwjfl2ffc25a39up10x7tpzsv859w2jb06j2h45,10,4,0.0001461047618980468
addr_my4iqz6df08upnzasywdrkupcj8mo765efuxq9njc2,4,8,3.443077623670645e-05
addr_k7yg9nxzcflysroevuttnfqk47abpetplapdzhmw0y,6,6,5.378568200988845e-05
addr_s96f6k9te7sjxieqoenacmrnmrhrf1vm3lw07ol3xj,11,7,9.538306575125781e-05
addr_12r31jcmpcoxj2zztkcs0uzfrvz0uwvcva1cd0dq56,6,6,0.00013519078895823106
addr_rgtus7j1icc7j6pc1zzks31wqlo3k8jmmr88recx1f,6,7,5.0559851977088517e-05
addr_672xi8ku21xwkn2sh0225wnwr7gf9n1w5ghhtifznn,9,7,0.00014907878130640415
addr_gmg6cmnbvw659wrnpzwjubom38p943sn7sqb15o1dl,10,8,6.626204247578836e-05
addr_nbz3dmomwncn7wt0vlcrtk6byk8zg0dhojgxy8j7ml,8,4,6.42146245100045e-05
addr_xp1l3lvbcdwg9tmay2qnr2in7srvvkbh983gbpn4h5,4,3,3.443972840600036e-05
addr_uufml00ml2nydga45o345ftp4u2k5pbrrsvsn5srki,5,4,7.664199481847697e-05
addr_tt6cnd2uzr4y8a5vkua46yhu4sl7hfez26whmts5zk,7,5,5.999985630373676e-05
addr_3zezqacj4t0sekkbp2qd6vasifpwioxd9css9toqw9,5,15,3.1129456054888244e-05
addr_cim68ewfmwdljsbpdvselkt7c57rs2qm6hicd55sj0,10,6,0.00021975219380656247
addr_2rh6ef2xxfvhvd0g6fvmtydyg9advyiwq9nxrfppfy,3,7,3.3900269998830494e-05
addr_lam7bu3xomoy2bv3hsnj7xs7lpiccjlp0zbrl9h6yh,8,9,0.00012837248386507902
addr_i7o2ixtuxdsdi1u9skfjs79ieep7rh5dt2sdhw8w6j,9,2,9.972825890292025e-05
addr_cpnmcr33d6e9eybte6zrx3rbex57xk6r7ijz0znfu7,9,9,0.00014199011093569231
addr_4ugvv9do596a42spc58hyo0lt1sduziqg2ptjyy3d2,6,9,8.32999592703742e-05
addr_o8bjmigj6hm3j5uesl4pd8gbniud1au0inwtcommn9,5,3,5.1727313713434646e-05
addr_3h1gs8ugvtkkudu6jrj87awslddaclb6p4kia0juw3,9,6,0.00010528567477126692
addr_cly65lk9nd8ebqkiv0ucvh1xu0s6fjlt2u7qen0kac,8,5,7.8074371281711e-05
addr_yd8bv8olka73phsz09n8kz9wjglyqfh93xqoy7ews1,8,7,7.496522420299043e-05
addr_ka65fz2rimc6y1ol5rkh87cyamnj8pl3m871ngetl5,7,5,6.362831367389245e-05
addr_62gwytx86jrndjw5bfvfuip63k23n0giy4xqgne4rb,5,9,4.1206838678302795e-05
addr_8747ifbbhgtwrq0cwq1c4lnp60mtb6qd37zry2r77e,12,8,0.0001249283417945687
addr_vz0paep3a8n5d34gu5z9lphuivl9yh8u9ewousoxlo,11,5,8.007752514434552e-05
addr_41n9a38qttbhg7ub7kydnadwatixvswi8y99jdnp25,9,6,0.00014653488982552907
addr_j6qjaronyzlz04sw2xnhfusv5kyha9uyl6uvzjn3uk,8,9,8.077379649949843e-05
addr_55rako1wnhn84pd2hi9jwi3ek7m97savxke9csqbyv,3,7,3.7916056295553005e-05
addr_llya85bektjepgyap9eib0ta6yy5xhq3u91f8bv5zh,6,7,0.00014443765877851167
addr_e6xn8py67y7jyjbrfrlxif5ndwfboro75mifin35ga,3,9,0.00010831326614937338
addr_w77r0qjczy3z0dagejila54h25q6emmfoh48muzg4q,9,7,0.00013451368165663864
addr_1k8nsgugm5p8671pxiv0ptg6xojbcfuynnlc9vnv5q,4,5,6.210593321153567e-05
addr_21quy6lycusa4kinc1tzv1jvj6scb31488yyko1ki8,9,9,8.998033546178066e-05
addr_eztq556ugeuzjbaitnge2x727xxr28jsjqla4r5i46,6,2,5.2261415422551095e-05
addr_21czpkzceg06at5e14px8u3k47cxjhuhj2ubyw0yic,12,12,0.00017770070037698884
addr_sh061elv74jgw46x30o29jwlu8nybimg69ykxex142,8,4,0.00013384226255596022
addr_5hrup0mmru4nsikfesvjlv8ed7spljcp1yb3yj6kl9,5,6,6.587828203310867e-05
addr_lf43rsasvi1x1vh3ji9pvmtm12lc9bgjq0aqk711uz,8,5,0.00012547692486292435
addr_bwiresk5jmg7753impk0ep6m87617aisqt52f9y51h,8,7,0.00010546381872592607
addr_2wicj3097n5zgvj4xb96iofpo1gc284lczfungiymn,5,2,5.0930362172272196e-05
addr_schp29lllwdrdav6iuppnyix22293j9ag8ee1agfuq,10,13,0.00015472284958859738
addr_0plq44t57338cke3wyx23lcmy87pg7wl27vhnq6nd3,7,13,3.6999489785865466e-05
addr_orre93u62er6eu6rln7ogkh50k2t9z04q3qtmaymyw,6,4,7.977100973882218e-05
addr_hxzquhn8l64fmer30txgd1x5j86rdoyqklzqv5lxcb,8,5,8.092200286189321e-05
addr_crycs8bs6ydi1euyvrhpt1xsy8ip8wwrx04evb10sc,9,5,6.263342990844867e-05
addr_9s0gd5n0guql27lih6d07cpg590wbkp48n7pkqk173,5,4,5.429826119197343e-05
addr_b76635mfwr7w8sxajthx0i45w8yyzhz5zv1kek71ny,5,2,6.362153567535194e-05
addr_wka7yxnyg5meog283nxegrnjhewgtexo11icnwj50b,5,7,7.687925238155627e-05
addr_2pgdletj5w1csdj8nxvr6geiqyyic27uitrku8whyc,0,8,1.2591921833626345e-05
addr_41avtnqckems3qrekiaglnoo49unudjhjso0nscanx,6,4,6.450140129290555e-05
addr_2kwndxi7bmajkbq1w24uliydcx1r0bvj0vngpvixqh,8,9,0.00011381583059872239
addr_3pqrktzrtp49btn7m6xr8frkb0xj2ruq3usc2rismr,3,6,3.7302125518595385e-05
addr_ux6ovhbtlvvba0ypnc43h6xcf4kzseqgan2itclt62,3,4,5.212075330208705e-05
addr_bhtt1h8izf84c5x8ojiedse2yvvjna7w2onofggdz7,7,6,0.00012096349732741044
addr_dqf8c6ybiwtj3jomxgyt9fkm3vxpcfdtf318y46kju,7,2,9.263942768375711e-05
addr_3deupwdnfncc6rrtyn36s5jw2xu26847b71cmfy060,7,4,8.351598456524361e-05
addr_3rp66e7n3xmdja5tn67sj9029nqnw8xzdanrgm6jhx,8,5,8.443774543132161e-05
addr_5gqepvestxkaz726my742mlytef96651f7n0y5gss5,8,4,0.0001467870469905988
addr_jxmg2u6u4hd3s137wmp568sozl2zc5j63wcqzptp9i,3,9,4.341236778777058e-05
addr_w1ev7ocxrnwv71sxmi9uzshvb1fpvgq4l3cbh08tbi,9,5,0.00010700857823274867
addr_ux8ya0w03bkfd47lcfvwuy6njyptn6v4jen6zeeto2,6,6,7.824206299568429e-05
addr_0np47zo98bacls0xjo4lqd3tl1aokfzh0alluigx6f,6,11,5.012070423089122e-05
addr_k94ydzfull6q3izfqjah3l36robd6mnb9ns5nrba27,5,9,5.335742843517513e-05
addr_hrkldzcprxifgdsla2er8yz7ormfme4kvfqz24beya,7,6,0.00010252862326221371
addr_gs2edyctvl2h2nbtv1frpqoy5qkyuqdne7ewnn6v1b,5,9,7.887822819716205e-05
addr_xxgohi7qcfb7sffsr8m725tyu6h7m16kgwr6xwtopx,4,8,9.196316180011964e-05
addr_wa9jzxa55ou763005s1qquaxjea93oy8r9grw1b4li,6,8,9.707048163898406e-05
addr_29g7jpyjhe9na4f56kt8nomttu2b1sowo5acm6v5e3,8,8,9.893617790291185e-05
addr_s1qc291ot1n3379ljol3vkwtgf86b2dez2n3wryebg,6,2,4.755230323518888e-05
addr_w7g9zhjdinfxvw9g5091nclpdh14vx45zy0qh1gil2,5,14,3.4352783301111594e-05
addr_1xlvrv5t0olzj1xjempbaxk5iidjl2a0jc2wm5z3gl,4,2,6.0074080705613316e-05
addr_52mpsbqb2gqz79chm2leflvp3kmfrg9o3q0m7iu1fn,6,8,0.00016389853749494818
addr_gx5rhggaqyyeqfbiousu7jijohmx7ie1g4rv4q0lel,2,9,2.20342360484966e-05
addr_y1pp05aucb3p8xgagh4rre0uws5yh60afacs0qm9fl,14,5,0.000136392520904254
addr_ltvjyfofzh60vxwl6aca4rho2r0wrlsrgpkhseeto5,16,4,0.00013926556370100207
addr_h3nup9lx8f17purav8qsuhzlp2xkqw5ubn2e3mpqp0,5,2,3.3256518868323295e-05
addr_cn3x0z2raby4ky6mgb246ut3tfnc3crxwoa3q787d9,4,5,4.992518325486946e-05
addr_m90o3muhf63rjkqccl7pnhc70uapxu0y0cl3cietde,4,8,9.421168005473245e-05
addr_ffddif6l9vkl6a8yg8dtnpryevkn1744txkxebsp54,5,3,6.901992233279511e-05
addr_tq0dauc4rp6ply26v9lfbjxt3cnry587xir2g42b7m,6,6,0.00011824295172548999
addr_bl0vybsdbimo4l6sran8sur2n43hkfivs5b1ntygm2,4,9,5.1204861403401015e-05
addr_enk6ii2nzhwlu9c1s3cr7aiuzj1oles1wrrvm0vogy,5,11,7.521640682999177e-05
addr_t9lvjktmegoa5awo18wx6g92msqgb7fkoai36h4nje,7,9,7.511062480719523e-05
addr_uqi62k3l0w5rxmabl30x0tatllqhrkmrfsf7akn207,6,6,0.00011349098838071326
addr_3gt4i1m5zwpt92tt06q1lu9mm8tofzpvhmmr0zpaxx,14,8,0.00021040982939983145
addr_2g3aut3rsvz2e186gvgt2eehfu4b9sntp8ak8s2xqu,7,10,0.0001165746220682221
addr_lunb3sefjmehcw8w4t0wwwf4rt1nid55zdrjzh3yf6,4,8,5.364359372072801e-05
addr_3ipldbpybp225k4e76pvrtj69rneuf1kntpvxdscz0,7,6,9.36735559392163e-05
addr_ty015951mf2s37rcf0bvox0rxdrh2ykn64dtnuj1nw,6,4,7.643537139697467e-05
addr_fwi45a4520szork64mgj78jp3htncvhztay12yivfq,5,9,8.636390353234989e-05
addr_lgfz5adgbasnhmh79piu4ackjbgzfx89xpe906438r,3,6,3.797258764077872e-05
addr_8y8dujv9llpuuoxt5g6ihn4c1pzl358kbvk592f5wp,5,5,4.739122329173456e-05
addr_9riqlfqswtq3v4rrbdpat50y9r49s3urtlnnatqd52,6,3,6.895180335507074e-05
addr_t6ssstpi5chzyijmu5ondyd6ag332my614sqdd7erh,9,5,0.00011441531942338909
addr_ek59dqk6g4m5hjp3ofzwt9hlehoajfg30gx5b0qrnc,10,8,8.406075461122819e-05
addr_mi7bpdtau3ccaf2u0hldeh0oy46qixe2bqd1fbr4o9,7,6,5.9207855258251e-05
addr_2om6swakv939a4zunmsq6x5onpviqd2o0wwe1vhm2f,4,5,3.7385518477962246e-05
addr_kseml4mf4llluu4oc68z3bt2wnf5bxrv0vy4qqo075,8,10,6.468105666808903e-05
addr_7yuardqgwfn69f3ik9q10td7oor1uusth0rclucr79,7,2,5.552148572130621e-05
addr_tt2lix2qubplfqq7wxh84othcpfqj16rb1wrcpksqz,9,4,9.617724208231116e-05
addr_7hllu1fjjhyjypndna2ivf3untc2zp8r0qqu5aw2yh,7,9,7.30599507164571e-05
addr_7dcpp5bnao3g0rrg296dzcd6imb01d5wdnpse97ff6,6,6,0.00017181508024931728
addr_r6g5ogznwg2ynmqlp7u5wjybeavi1zvnl7e4brj0js,5,8,5.96098777951961e-05
addr_4hoawqf1clnvxnzu6mruwnn6lxynuwpkn646uw7ye4,7,10,8.407045321192101e-05
addr_d73vdseyoa05q8dpm0p6dwvbup3dm4i7xqb4g9vri5,3,10,2.9354732421313767e-05
addr_e11v7k3d5otw4grx4049rrjw2jy564cl1gpyr93dzo,7,8,6.341605721148778e-05
addr_thco3r37h51cseu24c511q4wsiuh377bseingyxqbm,10,3,0.00017725400439755158
addr_gpx52eui6d7c62tv5ew6r706cr9jztzmnk5s5bzmwe,8,6,0.00016883348015804854
addr_zpyy3xxtc7udgco44fenmw605mxarz4inctm2e7oky,10,11,0.00010123383148052663
addr_n3l5siiz6zm6hjcv8ym53bwufvpbqq6lb01u0zlkri,6,4,6.968921231900715e-05
addr_6uilx4ah216fo2d12cae6r6v8lkhheyu25nbsjx4ex,5,5,4.833203457294999e-05
addr_r14z809qfky9xxe4fq89qc2g8ntu71jalgw4umjutt,10,9,0.0001333232303282332
addr_2tlccwsygjgtoazh2ujbxyx2t4id7gvunaw5rlyjw6,6,5,5.630426305317844e-05
addr_ehp8erm103j4gpdhrx0jxe2c9vpj1bbsu64whot144,6,11,5.1555305999623166e-05
addr_4lr53htx200a8hwlp4bd749aiehw5jz62zap1v1xhc,7,5,6.516802361243325e-05
addr_60vcr567r2cf2r8xiikyeitriyolx2dfknljxttq2n,6,10,5.814037096251547e-05
addr_7r4ptvay5sh3fwm6bpq2rbp8d36dygg9eybj4h5lfh,5,5,3.6279794979307166e-05
addr_2h0wudd59uqk0jg9wwltamfvq9tzriprec6orgmqtn,10,8,8.634982502688455e-05
addr_xmzdce3ezf8wfgcmrt98mt1g7t2mx5p1ec2hqlh1lh,2,9,3.412553215165285e-05
addr_aj8f7j3k6tcd7ppl2wco9dodzegvdb5m9joadyhj0m,8,5,8.785517527603489e-05
addr_dkow0pd4aypod0kesm2l1d5vf3nndc32tqvchwwoso,6,9,6.593743431657854e-05
addr_3c2ytfhougdxx2lbl1ainy2955pysf5efnrv0k4x48,9,4,0.0001373177734259764
addr_0nolx3378j0ovhlb7vfmga8jkxqi4hxsr7sthfxzan,4,4,4.117887599236277e-05
addr_fh7npzk4g0m2jov4bl6nshrc2vzo8bxcfiv6gqk45y,6,3,5.1522591439451544e-05
addr_6tb7rsfaj68g5ieptscus26cllwb06hsz3mo7lo0zx,5,5,6.909393649853274e-05
addr_anz95cte65i0m2aj0tj1zhzr9m682lw1xylnklooaf,12,10,0.00010628068937136507
addr_0615xhh6yrwofllxiby4z3k1ig0txi0caw4x2vv8fw,6,6,5.042149987829818e-05
addr_ocdl96sbbxchfri20tc0p4b3km9d0wy2bic6dom6h2,5,5,0.00010283955234869426
addr_ekqufn9256gkfmyn6sbrulk9gz4mx8zicntrl2og49,8,5,5.525043685411141e-05
addr_suh1o56rx1ho5yjuajqi3vi411qakcw9sade01jtub,7,4,9.617687197958613e-05
addr_ogakw7spq0fiongsh3z4p5xcmbf3b8huz0tis6izik,4,3,5.786128060493022e-05
addr_x31ly4zhx8blbb7zc0bj4853p22xnix03k51nkn0fu,2,9,4.7407574355244336e-05
addr_ejvx89p9tagrb0wug7grcl1szmm5xr4hvawtzedaye,7,6,6.91508459879541e-05
addr_7x71ttxxwl4shb36zxu9uwp04xjrcgkph0h4m1buu6,6,6,7.038189152025881e-05
addr_53wxfi90puxvzwmwdd1i89gi29jd0sgutoyt63wupn,8,9,0.00010509116592049119
addr_pssdteyl34da4hidtspevtfy60bi0izop72tgfx06c,5,2,7.305482696523145e-05
addr_4qjz8o9bvqikuyag6vyixbuijgi7kgh05la0gp3hz3,5,4,6.56494177200924e-05
addr_nbn29l8gah8jcokvb01l9esam98am7o0dww76mhw5f,5,5,9.48839227063056e-05
addr_6zqtmyri68gimqhwxn9emv23ram6gldwxvweia8rbj,7,4,6.957231188769857e-05
addr_6rs6kycd9zlbwwqjc4i75dxidaexh0j4ohh2g94zhz,13,10,0.00015875933892203788
addr_4m15ce6nns3gl9qsdxldcazgnl0nm6pbtgujz3ywzt,9,5,6.741322104688323e-05
addr_1y86t9i94p9twpyjql1okavlmkait1xnqlh2njv7m8,5,8,0.00013303441075134375
addr_x55z97wvlc5pba00ov3spcsawqn9f29hrygya1g5r6,11,2,0.00011766190716387662
addr_gpxcwwql4inot0juzpe8ifd3ke9ykcekwvbve17wz5,5,5,5.1143597630324875e-05
addr_rem5puu62rzv1sqqq5l2xoiot860x5zu2zueugwubu,3,14,4.090766602460891e-05
addr_h3dbknu1gaqinollm12s13lcdb9pzsyykigjnubt1w,8,7,9.225489700407226e-05
addr_qzrsslf41vk3krne09qwdda01sv0ob484963uuh6zi,11,5,0.00013029978116809682
addr_u4zxnq37i1515hzo5ok89zdgncm3p2hfsj2pjudqf1,8,4,8.273479817342816e-05
addr_4x8zh8l6u8c5q253ghg2eqquc6g7bum50gpeh5lt1q,3,6,4.338829894873164e-05
addr_o19xhictq61cxsq381772ibf4qpdkjlw2zmyoern3w,4,11,3.804123157873678e-05
addr_kcviqwv2250s56h05lowz4xodu31fbdpbkvp8t1h8h,8,10,7.864012608012557e-05
addr_uw3tuuw2eerqpre439m3sia8qze3dls2ptp85da9uu,8,4,8.461304473141058e-05
addr_9f0e9ana8rjxnlq52ua6hvpsugzgswgel5jhmjpmsg,11,5,9.003685906067821e-05
addr_3u87jwdpv2hvl5fi74y89tqkf22bsh76rbhekumfc8,6,6,6.38571852499323e-05
addr_ac093pardjqsnzjwl8y5x1x6e7p1799eq9561kq1cq,10,9,0.0001233994320038602
addr_tjg4paaa53toao44gpf0j1qo33hae68p0rk9ylya6a,6,5,6.796263520305305e-05
addr_97h1kzoub1rt1gdshiha06sveje8hvii7oeoofo15d,12,7,7.353419983846105e-05
addr_jyw9m5reoocoy0pe7rudjfxs936dypkn69bdh5rgoe,9,4,0.00015073238165978984
addr_k0gh1ix2ajgz36n3frluzk3vje6ifkatv82hk89jsn,9,5,0.00013033279749611362
addr_u2okjlntkpezltjvebbynafsypqr0vbuqiqmn2wkiy,9,4,0.00015665464469257157
addr_r3woiktb02y7fywplx4mi2kr3kcj9h05ndwmqwsytz,6,3,6.56966469935486e-05
addr_hfxlxrtnnrxygd90a0tt4ha99om09tqak7x1mrolcv,3,9,8.380970585693327e-05
addr_hr2enuf10h2lz9cf8fkji6mj8qyx3lvih2fen4nif2,7,5,9.510843383155145e-05
addr_2s59hz5lc1wkx3m0n4f56py489g19tqgchgrg2ktaa,6,6,9.164974885674551e-05
addr_x6jdirq43xwf3is8fjxnjzsahw7j26iwoum445aac0,7,5,9.01586216099236e-05
addr_et9dk9qwswx6a3c1spe7ei7owkgt9x1pnwymqfpcuf,7,5,7.157817538738448e-05
addr_rb58yjwdcokz5syj3d6m1fmpryfzmyoa2vcywl9700,7,10,9.781499716090194e-05
addr_u2912pz2cwky60aik6b4umvq6o0lfa7pslkim65ng3,10,9,0.0001170311720783717
addr_adx87n6c0kwva602ncw3z2798nvn4whco2r60sim4d,8,3,6.751659682254686e-05
addr_ce69jh8abiw2pac9ll63x0g3soj473dkb5fu3qxiam,7,5,0.00013531334575212934
addr_jbhhtveguesdmo54d59t8rbldwvl8330salkje6aa2,4,8,9.405355069190399e-05
addr_sz362d3taihm6q0r49ak0iz63lh89xzp9cup5r07sd,9,5,0.00011435542224206175
addr_ctepz5mpjmha52js6z57nw7bmcgftuc5o90bc0806u,6,6,0.00011885507145803568
addr_xqegcc9pyefv58pwlvhdqmr2zh5t1g1duygaen7h79,6,7,7.81516454585162e-05
addr_xm10ysnwym5zb9lg7q8kvyfamvvlkms5abis71ks3p,8,5,8.581169273815683e-05
addr_cz4kss2d3pfwugmpdh3qccszzykofd5hodim0xs4gr,11,3,0.00014781360146639045
addr_b2rd6si4xk3ishltrvm62r8pt9twti09vx088snory,10,4,0.00013035400316779326
addr_stbfxi1z13xifcutva5oo432ercxi62n5bvxzseqpi,9,4,0.0001329708867870009
addr_ydkqouc28q03etmcs4rqez202mc6iv30pumdwv78z1,11,6,0.00012769763136175364
addr_7urpy3uhi5o84y7t299mg5ghg50hnpsz4x5b1g2uxb,7,8,8.648946624190608e-05
addr_ot3gh9jdtozxl0tfhfmgk9g5qjr4t0is8la3m8p6ms,5,6,3.2693461933833e-05
addr_0u5g56iapy9wz6fqofvzhpqe4vqj6ftmcqks9w77yq,8,6,5.705760090516804e-05
addr_w5ja9x687o0ejrwi7nvp25pteqc7hwmi3s0besg8px,3,2,3.560731337558417e-05
addr_e1if81nphxem0p39l5eopr94y3nre4arqv39hy990o,6,11,0.0001079147971504266
addr_65pjrxmnz8qsc75nlbbczdkxsprpmmjnbny42axijg,9,10,8.098913373677902e-05
addr_5vbx07h2ntcwxua2l9lkf6334268f0p9wowkxz86jk,7,9,3.454302264360858e-05
addr_y9p4qpti9p97cktqfcmjfz7p71r24nq82n7c91l2fs,4,7,3.9430334168359197e-05
addr_gioehao1q22zgeyxv6w0h1nn9oie1grntv1lsqtphw,3,3,2.5156861758881825e-05
addr_slm04wwsad9nfwhffrpua7dsm329ahxhsbgid251cy,5,8,3.7026977592138263e-05
addr_c5a5je0vmk89ki0lmth66sfn9g44yk4669xntj70ik,3,5,3.57610312723069e-05
addr_mkfxmmjdgm0rq2h8iyu9otb8wbvrzerdu2vun862uw,3,8,4.9607262332802434e-05
addr_esv1ffgbdy3xew3df5m50xf3h3lroj9zs8va4nmg3a,3,6,3.966648027142217e-05
addr_gjxo010d5xjqtvm2in25h19s634tesn9duupj53az0,13,8,0.0001515876089500076
addr_odzebh4ehxc9moyznrqvcaz4u2uuj1nkq1kqdvapuk,11,7,0.00013593526857567123
addr_3a4nrsawjfyap3ezsqm7b43i3yjbuth915le936x9i,8,8,0.00010759104247946082
addr_48pjq0lw9rzvyuy3voq7tdju3unzv2hmi9o457vwvt,5,2,6.351332723872344e-05
addr_ib1bae5twm4y75gugrxo9nrl6o6enrgntfpcctlxdl,7,9,9.619588636458693e-05
addr_oqm48klnmfpcijlr60a6ufcbshut9y6ujc1oph944k,7,8,0.00010112221486087712
addr_h6p4v1ng3iyxcajc2b3sry3csz1f8667dr3wte8s6i,11,5,6.508400499473628e-05
addr_bq7lyg4x9qsnz7qa5nvlsiykblx5lf92ug6i7horjx,3,5,2.3084896849777482e-05
addr_1bkdjt4md6m4j73g47saw00t5tk2ynje2otbpcmoy8,4,4,5.328825429044604e-05
addr_gh4pautzsp5whhaqztw87yftclpgsv21k4erywqoac,6,5,3.9749330310109934e-05
addr_x9ig6kkgy52r45ijexbjbak8zgce38v086ufz1j576,3,8,4.127140966253425e-05
addr_ber8rjlvayosh5wsmag2rw0wobdyxt12a64jfij4gh,6,4,0.00017334641185722823
addr_pj8t22c50b8y5dnwnguczh9ier7u8h0imjyjcmrsez,4,7,6.66933636018894e-05
addr_1kk06ju3v6rj2tua4ttbkayj95jv0v1px5tww0cucl,6,6,5.3736108764928286e-05
addr_wur1z82h394lmuxfzjdcy98qhsfm8qpdnu0fh2tn8b,6,2,6.079995408649541e-05
addr_30qo4uujtpzqskkrw99mub9qb75wxj5s9ry0fm5ju3,4,2,7.250109589585251e-05
addr_pk1ds48nkyiih5gvg6338jtr7jisdvjgkjwp69v27e,7,4,6.921969358872641e-05
addr_4x7lz0lwkkk6kjx09ye0vp5ufp92ku1tpnjuuuacu3,7,6,7.948695147363434e-05
addr_bn58craapkwucecf03g3l2bv00u3d4t3zkwp60dirv,7,9,6.621416013048041e-05
addr_bmw9485idmsdkf73o8lfa0omm66oztj97qfmrbyiyc,5,6,0.00010599791094661885
addr_dbdx8n43av85z1lffoivq1ykyh4h4nxl80kg541g2g,8,10,9.642136003594387e-05
addr_64xsu6llu7eidwy4d7n7namqhxp6sbqs7ynn9g93es,11,5,8.948667567227498e-05
addr_n8r59lh1menoasrb0nn6a4oxko309ah36np3i66qhn,7,7,9.394383408390281e-05
addr_gapnfkkstwgajzg2uf07g1b9266thj22sulbefjs7o,8,9,0.00013079554866650986
addr_qo8h3mmrdnml33m5lekqvlbnc1zth4pgscbsxo6rl3,9,5,0.00011751240822500807
addr_85y6hmq9fu7pt036saaj93h3d7a4va0ezufnmtgwnw,3,7,8.461088702238846e-05
addr_196n8w8khyh2fpd5mj0npzqu8v0tmcxyotb8nacv0u,5,10,5.661565686335365e-05
addr_7d2bl8io8kxb6jv3pkyiszlt6tox4v90ajq8izuvej,6,4,7.962720334659218e-05
addr_jnl64qanaxc8dxvda0xjt6na4p6ydv7g3rx0nok1oy,4,7,2.6232986400982927e-05
addr_2c4yx18d1spdkzw4qvvk94cl4otgqoda6uq9f27sjc,9,6,6.887333051561854e-05
addr_xrho6sqjqovibwfka7ec653yczq6i26unfk3uyarcr,10,5,0.00014462296436102608
addr_3rhc9598x4nc3ueg9qd9g6ss2du1j3qknvsgs7agna,7,6,0.0002184594571521387
addr_7c6pe2127gy5rf67q0swueccccw4y6ov2gm8p5yc3a,8,7,7.193024750474794e-05
addr_o9ykiut96urresdh96pprff9ienmug3j1qe3i05b7s,7,4,0.00012823143129477854
addr_jj1x6qmr8o20v7vmse99yce5vi8974pdsozudm7hyb,2,7,3.521859330734821e-05
addr_zzeg855ctjmmuft24z4mcpcez1cjosyypc4cj3ssxt,2,7,2.431677326462513e-05
addr_0fyzs76meqq7ut8x5bwhec2ezn9ymlpuf7e3dyxb6b,5,7,6.0025380797367694e-05
addr_mvftm1zyx6p8x3h8n4yt02c7ypua2sj95krkyn37mo,4,9,7.215783399836612e-05
addr_gev0efug3sy3kgfe2bz30k7nvvgpjyzo9gdyryz63d,7,7,9.451144461155954e-05
addr_njvbjx4zik89ge38uacj8v5pt1oy3gb0lwv07w64en,4,12,5.202692840220712e-05
addr_24fj57r7o0y7lpsv0fhsoi58bdytgxu007bbmpxq3x,5,8,7.535399399633203e-05
addr_dlqt72kpdick47kukivr5muzi8x6hdkb3bx4870ros,5,8,6.497446853972909e-05
addr_lqpmvju7wbornmyepbjht43qsb0i9otrgkrkangun7,8,6,0.00014345838283634347
addr_f025loxyphwhm54xr8pjpf240shdkkg1r1cqkih548,7,5,8.483925465830862e-05
addr_p6pnu0ki4jkj7opjqbtk0td0dof83gaedmlav3w9o0,6,8,4.705164905618647e-05
addr_6fcwm1k1810oue0uudweeg3a7uve0zntx0zb8jjjxs,5,4,5.572793999188331e-05
addr_kgk5y73o8qp7pah9jao06bengp8i4xecp3b1lnhxpk,7,8,7.366574887281038e-05
addr_v34nrj815irhnqf2sdwvqzlydqs494wlgqabsopby2,4,7,4.310180954560819e-05
addr_ho5tdnjn9zewud46fs4kr68toamo0ubt1gydjhdxtb,5,7,5.777512969348308e-05
addr_tr149ono3so0jmt1wbx69b4w2hfh1ukdx05wlbbuyz,8,4,6.748027434546464e-05
addr_d7ye0frvgazmmj7sm8gow0p6k0hqbjd8acwczva8es,4,9,3.1385570975656856e-05
addr_ddn74qug6d7w0p1xkxx0yfccy5l4di52ic34wua25o,12,9,0.00012635388851417286
addr_uzrvmhm19vg7fokow9chbr7q5na09dl4en54tbp2h1,3,4,3.5204543394716875e-05
addr_dl38qfl0uljbvyrtp7mf91wgeva3ue1ylirm803zaf,9,6,8.505904180943905e-05
addr_bn3tsn7oqchli9gfbhizz0xm148p71qdkj9vgn6khp,7,6,0.00013079334917521376
addr_1yuf5y1oy4gnowvpxwhi3myz67u6k6xomf07li779t,7,4,9.885059559641655e-05
addr_fumacwpkp8i1pd9ue7hwxjqaekny6jfi4b1ghv47tb,4,6,5.461715908770941e-05
addr_f08xmb1u7lic8goeoldcz59sz643terlj3oip1uxxp,12,9,7.23403702928475e-05
addr_6y38hytay0gpwxsilncaa7o8k9gh7vdq4ady5tba75,6,9,0.00013239759007421852
addr_j66m2wqd27me4qt2pust8g4gy54bg7z8y1un4xazps,9,6,5.986540080849378e-05
addr_5ae1f7x3tmk5f01yqmmfeah7qk0yl4d7yk29fwuv19,12,6,0.00014876138600715587
addr_vxqhordxor33kf462nb2adkfsndm2u1puugsys7zvk,7,11,0.00012395423475011357
addr_fgtw7dn00634iawg8ya7q9q9mmz9ntlf91gdr95kqq,7,4,0.0001376130413255702
addr_noy9qizb11oq0z0tzxp9x1uvz13m4e6wafdpzhpqq6,2,11,3.656000570523281e-05
addr_kgncuqk0a8kugn9knqk48kij7u53flm7xeepr4ebk0,8,9,7.188413733421315e-05
addr_wytwdvha64bi1il6jxu47t1um6a9wl1yc3hum2k241,3,7,2.448227362745544e-05
addr_tjxm25i492iswdmxg2721h5yo8zmyzezgix4c1x11j,8,4,6.962382266426186e-05
addr_d8mov5f9484qijgkms22vxqq6cn4zo3f4zrvdj1hi5,3,6,5.1401199383917415e-05
addr_nvh12es17wlj5jgvqp0rlouzb7m204rrnqrsqzfvcz,14,6,0.00011253713013427554
addr_c28wkf2zokjj13hv6id2bnkp1z7yyuty95gv4qxgd0,5,6,3.727144349229948e-05
addr_d6arw4yefapwsnbzqyqdn6n9gyrlo9w04q2wz90ue0,3,8,5.648840727239627e-05
addr_l074whr2pieta2iwq6qnl3z02ymk4vzg9uuqr12e0x,10,8,9.769688506881271e-05
addr_o677edy1q5lqchz6h5nv11tk7eaiwr4oprwvjlu1fw,9,5,0.00010505782044169721
addr_fcr5lvwqolf43ywlptpomqh0ceci1zsmh12gk0h2k1,5,8,9.937292344537706e-05
addr_sq81qgin41pq3ui64a02sjq7olo1738p7fmwo1mg5b,3,12,3.686097421015053e-05
addr_yu97s2ow8ywr99s4o53i34uz3xqbjcp2im7h9m3xfl,8,8,9.714246979854261e-05
addr_4o5w97pwg5fy4f8bl72w5zt8ur0g448ybbe8dikx1u,8,9,0.00015823933318345624
addr_h1prsh0gf9j7jizwdvwp49uc53si29ope40tyu5huz,5,12,9.318551470981264e-05
addr_vud1qvckwwhuworesjf8g1ozwky1ndllvuqtapct7c,6,7,0.0001016766417912144
addr_7536qydspyawdyah9hzcip0u3lx3mk3ojvof7su9ya,10,11,7.841011495203948e-05
addr_1elnqopzu46y635xpgtpxp0vhtjmy4ywlzvm3cuzz7,8,7,4.60062075523157e-05
addr_e27jwduk1tlph3rlvno6ts1jffmh6bu2cxlpci3jem,9,11,9.004363277665164e-05
addr_hduv7fg848svnbwc2728vbl9e9cq8vimt1q9dw40ue,5,7,7.645492097845983e-05
addr_4sl56z0x440vu6ybvnbplverhhi3d5ii4slc7dep5j,6,9,7.648321339619384e-05
addr_lfh78k4nojugv2wjd73m0dnddq58thiv1sqpwq28tg,10,4,0.00014604788538946647
addr_y3y3zaa1sem0m0z4e4acb9efdvv53jvn96ieouorg8,10,5,8.639062461559341e-05
addr_glh1anul0in5widle15arbe6cg8yvpro0egs6vz5n5,9,3,0.00010045161214356916
addr_k5vuco5ia3lvzidfntpqm0f3mh65zkvpucqybhud0a,4,7,6.149481571171962e-05
addr_tnwe4gn5l44zs6pjpsl5fe89vsxdx5i3ucl06d20g7,8,5,6.584660257790994e-05
addr_no1z74zl9c3pfq67m7no5wtt3e9vaujidz177b9ol2,13,7,0.0001441209676056234
addr_bagfupnxjbb6a8yr226ukvk5hy24lffp8d3wgvsxq8,5,8,0.00011387081269219728
addr_fll9h8hynqltaa2oe8yii66u2n8gjsttfbw46ltkbt,7,5,7.052458355293108e-05
addr_jlkjqdm35exgeci3d4y0hzfdsr1izim8meiv8l9jb5,10,3,0.00012456840444236093
addr_teycsnb8b2mn35equx56askh4ha7s4hjx7326izlvi,7,5,0.00016844046025235202
addr_ccc90wb97e17jgadqboa6y2kzv8dzgbjgtugc3i2l6,7,8,0.00010554803941208675
addr_66vnfocyobqutuf5w71ddgke3lgegxze35u6icdlxj,7,8,0.00010421471028189026
addr_ixhhkffn16db0ic1kxgjw2wzoiv10jh6zaz505t0rf,8,3,9.730228263635665e-05
addr_pwguw5epgkpxbm6gr9steioiujvbet0jk5pulw8o9v,7,6,9.203882322557148e-05
addr_a46j46tytm3oolx9sf4mawrb4gk65i2yabnnihhv1x,4,5,4.32665402730094e-05
addr_bophhajuk9tq6rjy76aoi0o3ti14ummnlwqey3pmqy,5,9,6.601313838101726e-05
addr_itac1b8hn0zxdcuxj3jaiuua4f0qgpxxcnltm312wl,4,8,6.779881810832764e-05
addr_xxx8t69daozoelplru5645n3d1s31q2c2hmdfzu5sj,7,7,6.889997687709658e-05
addr_nzkrsn8l0uw6ik209ei8xq6tclk04p2ek1hw67y9pp,8,10,9.598678674358526e-05
addr_1w35807qfc2ptlsw3hwsunjw0esqscg3ep6ctg7lxk,9,3,0.00010397734797953562
addr_wnalx1b9uzjdwbf1ebsl194ct8xjevk073n35yuyjk,11,3,0.00014471045424537226
addr_62yey25s44658xdgxfuxwhz849voo9hjuml5cbxufh,4,6,4.30547270309503e-05
addr_7r2fmfp5md3exu7fkc781hfl1zopqzfo30x8bnmjsx,7,8,6.598266149353018e-05
addr_my9xzlwls8o9vp530knz7uf6gzufssi0b0n5p5b964,4,3,6.43788848701156e-05
addr_m8avd97edp2zzon65hiu8i9tbu32kg7efpts1xxbe7,7,6,6.30469436248906e-05
addr_drqfvfa5qub00mf9awrzvzzg9bcdc25dmup1yvwqj8,6,7,4.305991046252973e-05
addr_l6cknc7giu13gbj72btq82327aqff2k5c3z6j5q1d7,7,10,7.565916897279493e-05
addr_j7vsp3lriusc568uirl8h8s4yi598botojmb3km4sd,5,6,6.420306860405317e-05
addr_h559mkchuc944qkrepii4gaw8yo5mcok5eb5qa70pc,7,5,6.733347675585042e-05
addr_jr6eet0dy571vxnz0nxu43iedd070en48uact49lny,4,13,6.448885328384593e-05
addr_d5ew1dufej3sub4ibt6rse0a75pyfx8ouxf6le7n4j,5,6,0.00012211991804868057
addr_i6oeuh8vaqvbdim28aqwd1bqfdtnbs5xrga3l71029,9,2,6.658489312459907e-05
addr_lou1zh2s3a11r8rx4nmdh6inh7zx0aav3o3qkzv6bl,5,3,4.2122484722660455e-05
addr_8844d5rbs5daqto3ua78d8inj9n7y1lqfbjhl4v4g6,6,7,4.567916337132498e-05
addr_y75mycj5wtnmb79w5ont8renuuu5xucu7taqdwxfem,5,3,4.163208633303614e-05
addr_oba7s50zde4h2m297gyi1yjqiamuvli9pcneklnyzx,7,6,7.379025675316477e-05
addr_23helsubu1yeko4ykdvwuws087dg8n371d1zfd1n6l,6,6,7.168870534133544e-05
addr_029h4ybvy7lop1y05vrltp6vs3hdakhn6fhplr0z0i,6,5,6.219523170436877e-05
addr_2wc3bnecjq427u1nvmeagwp82h6sgl5wr6zebcvf6f,7,10,5.574018022054132e-05
addr_a59g9fl426g6i9ddg6hf8p7qur585wujf7burv8tj0,10,4,9.44415474694798e-05
addr_fjpp5iraebp5l1by4r0023haqradetcjdf66rohku7,11,7,0.00012048447049326366
addr_lczq0ypv0nid4xc1lo59twy4o1ttfyaf2ydxzwisu0,5,2,5.4589738518355474e-05
addr_cframxy5srhpf728vm634wr2lgikusdih2hj042yi3,6,5,8.100295537341372e-05
addr_koz7hddh03ix89i7ga9hzocz4ikoe8inowzobp01vo,5,6,7.018967777366895e-05
addr_seq9m1n1z7v1j0aclvagipl8kv6itzmjpyvrv3zod1,9,7,0.0001378140832148917
addr_nw8suwm26zysnglb9hibrhl3462tyjh41ht4n5jhhd,10,5,0.00016337419937696666
addr_xksaea36eh1wdtn2sj27rbi49uvne8w1s78o6aojxu,6,9,5.1279216749673536e-05
addr_3i5rzncwarnre6j0oqxfv5nn5pq5i2lzd44fxtger3,7,10,0.00010954388080191429
addr_y2n0ta7i88g0n6lfshdxu7zusuu8fefv8mlv6gxv7e,5,11,7.335254211811988e-05
addr_t0b9f74lnv54cekstiluh9h24p1vrxgjvb1walhvpf,4,7,5.5813704161056486e-05
addr_02xvdh2kki2bbwwg2lv0csz84exmibhrtgy7n1e3sd,6,10,4.124559757425349e-05
addr_ovgjcepifguoqg0sryer1fk8ah9ec2gul9ez36ep2r,8,8,0.00014382219635202627
addr_hif5vnvgo2xx7zl46hwn679adyeb3rii31rlgt3tht,14,3,0.00012100589493612819
addr_nmikk4eb7oquqzxs60b5my9ip1ygsyd9i1jz76vac0,3,9,2.883984310431986e-05
addr_huvi6xguuuw1fkg0smn7kz0tkitgvu5aiwilfn1a9b,8,1,0.00010147613171552552
addr_2o7cq0h6p9dk8g85xczdsetitpq8fkzrqxyommpqbx,9,7,0.00010900014858077296
addr_u7ixot92d575unjlhjzhmqfd25szfwkwfo7nys1625,5,2,4.4761614004168995e-05
addr_qmeapuavdkr1zrg114w68q23w02640gj82ixaazth3,6,10,7.277761058452937e-05
addr_n3tmz3h4pdecevubwjggw2ecp5xxv6sofd80c0f08x,9,10,0.00010155482804910595
addr_o65xbmco1bkifh9sfq4f39vzgtvcquvss1qmnvrecc,5,4,3.947530955748769e-05
addr_jskenrdxzidw3bi3jucs8oh92ynk3zczw4o9c3zjbo,5,4,5.524930454705879e-05
addr_qf4tiinjv5s1hhw9in05ostmg345k5dj3rzql0h5qq,11,1,0.00011940858174884078
addr_jhjqiik95eg57pskyaxd7hh7ntxnm6rt5g69sl1hau,13,9,0.00013415366284846825
addr_de2ay5w13po44t02hpvov31xwv4oy5e7bjxdimqs20,6,6,5.199078297389734e-05
addr_u7uhtfvkygtvwwuvk9ae0qf1klgp9jqlldiv4sydu5,6,5,5.080920165525449e-05
addr_ozjh3xnmd9f1dbqdtfmj7knsq0qnt472aj27o0kvop,7,7,0.00013289037821387944
addr_p1rssd8w8vlvyrr8vtup8zconx7c2nuk9k12ph4fyz,8,6,6.503427311263e-05
addr_5zxf4cd5rjm3rjjwwe7gx11md1qd0o4c6thbikbxxg,1,7,1.4920747516606053e-05
addr_c2f9bx2ijdgji9016bz09p4rnkqzsfd1hqtszkqf0z,5,4,4.155186502843378e-05
addr_djo0k19v96otrksp7mg1klt1s3sxju7dddbyqfujyy,8,2,7.626859672753382e-05
addr_zswonn7kyxryahvxcubyp18maw6qa2z9uvn0tm4pgw,5,5,5.222894689799811e-05
addr_xjcje2nime2vqou9b27x0hyf7c8k28hi667o1076j2,6,4,9.404665282263966e-05
addr_dtx3bj04k0zcfor8lkikpkhz9g3u30u3cm2667wpcc,5,6,6.905837060262165e-05
addr_67dmhrkqisnc6lzmo4hoet5oyxnjzrshzlvq7bm2t7,6,3,5.026663765737326e-05
addr_x450uheh3rfwtevtx3nf27e6l8xcgmiurpv2wj6o6u,4,11,3.9335212752456855e-05
addr_7ofz73bxf3n7lvxsl7o7f89ye8lgz215btazk4soo6,5,10,3.614177532678939e-05
addr_eee37zozcusrq33qico1d6k6eqbd0tnnajq1inrxcu,11,2,0.00014717872271067484
addr_pzeks48mqvflgh6h7l8qyyrh62e21trbxazvvjqrwy,3,5,2.311515920678534e-05
addr_4c0g85w3rc4k61v0qi54tuoytzw6f1i2k3wopk6wam,6,6,5.6642233459912336e-05
addr_zogh7ah8mz4c6n5cbctxht5kep5kh0g6z5zwkechwo,10,11,9.858037008591693e-05
addr_u7r1ihi275ocqhs4kwpxvfxnxy230uz1kqnvdjywdk,5,5,3.89788987406572e-05
addr_f0onjpi163yk03o4gkwwjwgabtgdjz0ifrml29q2l4,5,10,7.117032678838251e-05
addr_1zm3fqpnedtepbquhz6w22bdkgo4in2dmtbu9k5fio,4,8,0.00010899382064651
addr_l9v3l1jrlcbnwm6y6j11nh94almx5b1ha3nt0yt2id,7,7,6.419318254030735e-05
addr_3q4n70aqdekk2mau2kngf566i2bs1f51xrgj4lu5nu,4,11,9.381168383997943e-05
addr_l0bguus8oqjuh1co7hprt4zbq9xxunnaicjaec5duy,6,4,5.8331554668772326e-05
addr_qhdobgf4wi9iydijd08dik4tefxonx5bieu17tgqaf,3,7,6.957962265838527e-05
addr_7f57lzeekuc551k6wsrlbottpgn6bv99thunqt8ae1,6,8,5.6000961815079884e-05
addr_k217gupj48579wnl1xeq6duzc3etcodiuhdw67fd45,6,14,9.074410211131305e-05
addr_ie8428ezceqe1d0az08yn9g6vrk2mmqc6diolo8rys,7,2,6.062972238540957e-05
addr_ot7u4yal71b9r1i5zmzo02mfrg63lhlqtyeg3aknzh,3,11,3.5537054222371895e-05
addr_yqn56zmqhpxw72mnsle7hzqnkrihriyqcfk0yxqk3q,8,9,0.00010328737804852475
addr_gjcj5doh59g5hg5ughnbjn2e6xljkfcqjukurk1ctz,5,12,4.5257671638700775e-05
addr_uv73l5kkynlckllzssxon55v6j9rufivipv8mswrr9,4,6,5.882850044649931e-05
addr_j8ijumddqg6x4z5w67faayfainawoppb7v5g2l3aj8,6,4,8.630746134287498e-05
addr_zareiyaz39pecn0dl5e11e9ftaxp0wfoy4dd1vn8lf,7,14,7.422435214314445e-05
addr_64bra86oggowflacbsyk9mka35inwi5azqcd50xid8,6,5,4.625582307245172e-05
addr_jmi3qs5c02mi5wfobym38vwyuk245ijdqi5488ynva,11,5,0.0001268447455889181
addr_soy3xtn8wo488quoogepdtzfsvvfjgftlwzsrhvw8t,4,14,4.679272890997057e-05
addr_shzk9v1dsipxdhfott0bmlxjd61sth69ba9mhrm5pv,2,6,2.8188602036499126e-05
addr_0ysfzpibbg0co9mrwci08wvxnd49203tmx07e37p41,8,4,0.0001265197884615894
addr_926kdz2uhwvlqyrs7va1hylyp5pv3firvxellhbv8m,6,12,3.5559754886238794e-05
addr_q6wkmm3mcu9khi7c8amy8lf704lj5pcmgk7kvs9146,10,6,0.00012916263820418586
addr_qs9g95do32l5gg72bzjilew10fiu8cqo4rip9owequ,5,6,6.615333044688093e-05
addr_p25r998n3bb96kryxckud5aikpiplb98uwwqplfkud,3,8,6.358129502266698e-05
addr_q0pcawzrcijcvl5tcnpwcqekq2gdlr687fuaa7ecd9,11,8,0.00011943509028021382
addr_3f1gwrq7kka47zniv3ky633jmhc2szacsp2cljqxxp,11,11,0.00015271108493520534
addr_zoy2l0o269369thml2e0wx56e0l7ph9dl8u7qf5y00,7,10,6.132553541655411e-05
addr_p8m4en3leyhi6nkzxk2sjsgnhlu2x3v1d0uulq3pds,4,4,5.2600772623033536e-05
addr_k08emv7ije2436lz0qxkragnexlbcwm58f6x9s33ht,6,4,0.00012240379355970662
addr_fg9wkritidoimn12a6wsnaeg7w1raczf68sijyxiin,5,7,8.189735903792221e-05
addr_62u47ttodvqg0zba58g7m44gosaox063bmnpmozv18,3,3,2.6022975906381862e-05
addr_yxbqp6z4csoah22cl05d45sc5xobyg8phni0osa6za,3,1,6.167968858051077e-05
addr_bl8c3ziaygqlk62062j3am606v190xn6t350qjkq9z,4,5,6.49278178678025e-05
addr_bk4ruiwtcq32fuubqe986eux4x47mcwve8wysl0ykl,4,9,4.171068870812427e-05
addr_dtu5h6ftoe9j37vk3lyimkl4d7osewwh7fctze9f4p,5,2,4.207744757846918e-05
addr_y9xcslie3n641hzz6iy8vhxa04uuigkgwuxln36x9h,5,9,4.271841790431539e-05
addr_8bz9t30b69c45ry27vmvwjmv06ddg680iuga4fegyy,8,5,7.170743777827982e-05
addr_gnjzm3618leu6zu1tozhdv5ojzto7d835kuc9pbtyj,6,8,7.257323671163381e-05
addr_o8fmq0mwow0cb4rtgpv2mgou0hxasu0q44ndmt6cu2,7,11,0.00010511643611954495
addr_o0k2sw1na4v9l3mx2jp1v1vt69gzgya8poud5envme,10,5,0.00016606464214448876
addr_wikw1c624pn08p93hgta9ouizvqa5f6o24hqrvh5fu,11,7,0.000105046125009645
addr_c4088j46nfq3o80wu3fl15392fjd8ys4fmfnnfltqy,6,4,0.00011022851148326642
addr_ttuh40vxp12xj4voil1uouq35neqk7f3zgd4s6gl90,2,7,2.842639988526395e-05
addr_lycufjlbgnmgca594bjv2ntznddiaw36c994mu8hpl,8,3,9.979946033710085e-05
addr_3wx2kwj1q6jqiee2dgdxedvsw08vyvte9igx592rez,12,6,0.00015738903288690676
addr_g2rjfsuaok48xkhlktuqg0bu0yrqrbdljeu9fmzvpx,8,6,0.00012228946995489583
addr_8dmokckn36pcsd9dm2etksufs5d7z3cs09bljdmumw,1,8,1.884045670274392e-05
addr_8o9dofm8on7z018d805oieng92dmy48ysoarqb0w0j,9,5,0.00010295217161759615
addr_e4a9wvw88r469yzwzzfyjpv5gpwbsjjx5bnezeb18r,5,4,5.005791350722392e-05
addr_5toryxijvlmdg7l20ltwneehnfhvbcr9kvovezmmax,2,12,3.376205740765427e-05
addr_uu3s0pexxvv6ftoxpp0dd9bslrq8ub9ucg1vdqyppc,4,6,4.952863117867643e-05
addr_edxlm4gagx7ifgnxid802cm94lwseoiwv04ia22m0p,6,7,7.00431695520077e-05
addr_0ym4q2ankgwtf6dq2skoylqw9m2586mkmbtrggw34a,10,6,0.00011811882261435818
addr_x4mivl590j1mnyw0yfkoe2hk724d6gq2wipp101yqt,6,5,0.00011221060661119221
addr_000oje4efjq90mg2zzbo43qcyphx8sge76ufudrfgc,4,15,3.150185875312336e-05
addr_22k0lfbxrwppsx75jzkgk2i8yakucf5lzcv9hd4kiy,9,9,0.00012263877541116423
addr_v5zm4s5za4o3sjys8i5eyh41j51cs28dv2sqv9ok2b,6,9,9.024450639218108e-05
addr_4u5stz393h2n4p52vo7t1fo4jp0vt082tmdab3vb5n,7,5,4.401102039257205e-05
addr_3127nsexhxq8ta8rqdz4m3jq5pl5juw9rdcuj2ooq6,7,7,6.575724373481795e-05
addr_8nv82t6li8014bmzhwmpvpijj2l6du4g1c7tsvrxwf,6,10,0.00014688347672157882
addr_ynsbm6m2db5en59r5mhmaii18oo6sexre5jo8altpd,4,8,6.394162458593713e-05
addr_hztps6fi47rh2qk2sh6jdqq5ge0si39dfx60wlm6bx,5,6,3.8952214271920725e-05
addr_gugpivh4tnputp9rrdmkunifjondtwltwawzxfhhvp,4,6,4.982150397253325e-05
addr_aubm3bcoxz0oic67w5wlo61po9o2m470n9em9nr73w,7,6,8.275751686073095e-05
addr_x5smolp7kp5jlkead2guy2z1dgmqc7f8406bg352we,6,11,8.352449409549538e-05
addr_j2icfrij83kajw7vny5buewa7shxq9s9gkh5k1nf7p,4,6,7.658798939760576e-05
addr_xx9igd40cm0tu2aqhknqjge0utx7r07vppm86cxotx,6,9,7.310505513963096e-05
addr_9b6jmrkje7d5bo6vok2p1tp9pk2mhco81hf21r2r1e,11,6,0.00015591317308383495
addr_lcgqllx70r3sdudprk5r0pnf3vclhovu5wp8mvu2ye,4,8,4.4013238775077286e-05
addr_mjltt16evjyk4iczkepuvchugh0nf4uhm3gn030gzv,11,11,0.00014557482181912578
addr_wn6udll2qf34vteba83l2xq5vo356fq6uh03hqy8j1,8,7,9.360607787474218e-05
addr_b1mxwxcymy75nnh33hr6kztzka5ffg9x4ndtw0733k,10,10,0.00010160159642157285
addr_pdhy2xlbl9sa86aofw8xuj5ye8wh77g70g58jlknpx,6,7,3.8516996005450325e-05
addr_8vzhohguter5mx3idukfaf1o9ynlxp83nggo9s02i1,6,5,7.131768023484021e-05
addr_3g4qebusu49m57maxtgguub7b6e8r2c6ho5wb81hz8,7,11,8.996963856706583e-05
addr_pjrpgxwgeekrq1s260vfmde2u2gwc52ewpjhi200te,12,5,0.0001869645115487488
addr_951h3pd8fm9m6wpctjbmz3lz6cb9q1ls7rnsdi0wcx,7,6,9.34090104409842e-05
addr_yuftcq9pn6t9efj24lviu7n86knnxxs3w0p483wo26,9,4,9.595632189205641e-05
addr_sdcp4jn334cjqaf8gayd7lgrm7koz7248sp39tkj52,7,7,0.00015436099879039946
addr_3dobubobjd7rqqyuz7g55yukt6lnayhxwqlkytqnq6,9,11,0.00010862687440763998
addr_cdohwsidnf5bvh9f3qfx8t2u1m3xo877klqcfq7p17,3,6,3.884408563585619e-05
addr_9ng6mglkg8f3s1s7ysiyl5g7jfwbb77cjqd93crzr3,8,7,0.00010502222947113014
addr_nzovtw8386y723gptbt5ejthuaravb1625igwqgcgt,5,6,4.9305046086872704e-05
addr_bg6ahs9o4s8uk7fspen8zj6d553qbklm6wg6a1at2e,7,2,7.947055167423143e-05
addr_ycm9po2fknvzddh16359ll2j2ng1gag5t3lz8vnbz4,4,4,4.88819145417251e-05
addr_fjslspgf1v2f0j72wzuqug8dihnlj2mwox5pjtiu0h,4,7,5.16698545603866e-05
addr_w8eg4iuxsk0ez86qlme2y2mo1r7ld4b0jjytn15p5j,10,6,0.00015001300275692381
addr_ojzvxnld4wl2c59ptxkokvlo2hw53oclmip863jhor,4,6,4.438569472458133e-05
addr_u6o9iobrcwymu25e0lgu7jb09krvt5a7b9v58yepnq,5,7,6.227326471536942e-05
addr_how578hz8wv9pkbjg7ri3mubwxli6y5nn7ps2ngtj3,8,9,8.896598663508644e-05
addr_xwaacw24lxj9km0zxqfcnrxpwlwdonap0aprpdu1hf,6,3,8.136975687959067e-05
addr_qsbvysqouq3bx9pn0esa1ofsgry50oecbazi7m841p,4,10,5.5452342440288796e-05
addr_cans9gwujf7cqcmlu6rbtgaabqcev2wbyd7gjtjlc0,9,6,0.00011511886396918209
addr_w2f91ptaz5158r9b5f6fvalae0fyui2caodg3q285w,2,11,2.2158792494261072e-05
addr_0jr9n7ysmv2mmqdy1p8wee3jv7u98xqyw4tgi58mfv,7,8,0.0001280413637848479
addr_4lr9tjq8zgvwwusxlmt2pnjka34mqa78rapkianouo,8,14,9.76798588902396e-05
addr_nkm9lf1hgn109dzukgbrg4q9wcpxbf9xf3ywq6m3m1,3,10,6.107359686884145e-05
addr_4acp5q6708i4yhmi7ljgc3oulpifngpyya3baq3a57,11,7,7.878370138612337e-05
addr_try93nc6hqqtajwgq8tn4m1whsjv3litg7q57lwurt,6,8,9.3114160102752e-05
addr_gfgj5x3yghisby2xuz468vp38t5xykvb9qvzdv75lw,7,9,9.661550288125562e-05
addr_pdlf5h41l9pr5v0bpn8u3je6m1sg4zaf81up31eg0t,10,3,0.00011382284625175165
addr_b98ds0yvzvasi754nput2utcnowe0uufzqqa43p2m7,7,6,6.91832648474696e-05
addr_c4kxfr34240o7157q26lp6h13h81l7yl6px2zytjtk,6,7,6.328585882200477e-05
addr_bsf6ne8t1qn7samlznluxl4hbnu1n18ij8wi9l3558,7,4,7.247012220793091e-05
addr_u96xf66eavuulvxmadx17n9krzt7pdpz89h7c6jf2i,7,7,7.051615120954245e-05
addr_hhad7or7soxs9vswfdf1sphqrpfie2pk91zbe0m5lk,15,5,0.0001613515383995371
addr_yqctm5dq3kps5fuhpohsmou98s1wy5hxf3onwqpxt2,8,2,0.00011561257776039116
addr_kaxqa77251hjn69ebwu53iid759es74chv2zq5yf4k,7,3,5.106869736934727e-05
addr_w6tuqusclm9cq3i2a4b1vy4yfga7s0436oqemyon19,12,8,0.00016551370664305483
addr_k1t3qqqa0omwlay4s5d2blsmg0iz2x7ocmgksta1ho,10,5,8.007822793572028e-05
addr_qgr113in075wb7ji1gljdsl1vbma94i8av57uz7zjw,6,3,6.105144354255957e-05
addr_36ibrygodmi0t60v3lv50o4t9weqivhtyl9xx0rn9l,9,6,0.00011562255763639282
addr_3rmzm4qi31ho4x8scx401l519881un1coqavk658ov,9,4,0.00011725367939353211
addr_ocog2xr3ldz5jx084dehnsb02lnnw139mxfgbl0m3i,8,7,6.370774492358086e-05
addr_92fxkgpebnf3bhla0uvyltdcavtaoqyeykycigvrbd,5,2,7.785415808760006e-05
addr_0k411vtuaoitd4akutrl8gzxdp394m9bj35b090fyw,6,7,4.842329523400185e-05
addr_k74f5zqs1bhlf80hkkwjsv0zityfippr46qheqkmqp,3,6,2.3654693045132453e-05
addr_baptkc634bnziorll5w99344c7hoqiq6ljnyw8sbmz,2,3,2.127509135384085e-05
addr_7kgt7g441ig0hln0ezc3hb9yta87vvpvi104byfsm8,5,9,4.7260970012089666e-05
addr_lcsgqld8mkjowm0jq2u5bq8atjo3kpd9q5gk6w2u4q,7,5,7.727486969800043e-05
addr_rsee1s9ep0mowxkycghz7ipzrv0j35gig0zv1rbpkz,6,8,3.4739264413604084e-05
addr_orcteclu66846jbee9q473a1qg2qduh8h0in6t3e6y,5,7,3.5595413707599456e-05
addr_ud8m829a7zz99hh4rwb45d5kgf39wf58yj9ohnjypo,4,3,2.7194148995998852e-05
addr_5k5e6seenf04d6wcumbr57zgkcqwvczw2fyixlrs1a,5,5,5.2272604648566496e-05
addr_cc8fu10h7a1ffadm2sfu6os5pe29jmbcxo9nyuk7sd,6,7,7.950698683397548e-05
addr_ej9ul6ikz4ve9j9au19feljzt22km0mj845h2ytt39,7,5,0.00011105590734862149
addr_56k1thkl5uymopnqr951nqp7lydc30efk2173ti8bl,3,8,7.567029012476212e-05
addr_hag3rcq99pnt7hq4e8hemmg5jdjgkm999euo74gmwq,6,10,9.688100997496861e-05
addr_4l49cffvdx44alvuflghqr1msg83a58hkheiy2brtj,10,6,0.0001306054209841003
addr_jqkp9cmbsr8jx8rk5amxgcgcfuagmeutrtqcy02gbp,5,3,6.918453101687391e-05
addr_kipdhsp2oy4cd3liqa123ncrjav6nicd23v4xn1fvq,9,4,0.0002392785397756864
addr_s3y94a6mlhag5d59zatx9d24gz3na7exdpb6f7t74n,5,7,6.111247955364826e-05
addr_ygmzt1ihju2rm6lqyc2vzor7234089pv8mru2ulty6,6,5,9.03039262556316e-05
addr_glqkbec54t59pgn3s2w1ixu1oubnlma4ac1puvd3xa,9,5,0.0001183354299450167
addr_al7pdinf1jnkva5q2rc4fig1wf9gb2ccc006obdlx6,10,7,0.00013465984729905606
addr_foefuu78us8s05h12c3pjgxj8eccuz2zfj4dzv22kf,3,8,3.842431136889629e-05
addr_hdc3pxuu53042dnmepv0qr15sjfccqnyvhpk8rnf5n,7,7,0.00018748475337880823
addr_rlyg2gy5e3hyf50xhyrm18cbazoavagaodn5k7eaeh,7,5,7.452472852595192e-05
addr_h7rtijp4jctr9nfe7yu2bz9lqz0603yy27avbin4qx,10,10,0.0001511341285290118
addr_kob2dsaojkhbo115390u3c8x4yuxf4gy4pcbssdsp8,3,10,4.822436527310539e-05
addr_d30fojk1keyqutc08668ki62r81wdhjn0epa611fk8,7,4,6.97252877528225e-05
addr_d6n5z4xai1vrfc9mns5242ywk25be72ilz7ziss6ca,3,6,3.523783821547406e-05
addr_9t0uy9uxil5gjifiopmfbditsm2arzyatsl1uws5ln,5,6,5.925128439156312e-05
addr_j889w5p7xheftsiyj2gmp9e9zqxeqtzv667lsiidfn,6,13,6.136612222502763e-05
addr_5x3fek4bw9bvncviivadqr6ie3shlui94ansykzehc,9,8,7.501188711909412e-05
addr_c0kgtvbo2jlg1hsskxdirsneoa9nr2p51aslrct7ss,8,7,5.673471315613497e-05
addr_y0im6we5vzvuuluf3hfd2c2pdy1vy7nhs33pamcimh,7,7,0.00010437362472614031
addr_0o7y4xbbmzj22pmb6xgk6yulnd7u4xxgx57zkvnijw,12,8,0.00011814079053605265
addr_sx22jem600skmsu9kdp5ro8q88mg4dqthgcntdon4o,7,4,8.994876362749193e-05
addr_sfo0oojl74qwprde5tiqbkblo7tosq654ghexm6doo,4,13,6.520797577334303e-05
addr_98cxgpv5epyupgeocmbzjc9ayl65pxwe7r4hnaqb3f,8,6,0.00012013495201556387
addr_oq6pk5mssewkn8xqky9kvgcpm5f505oj38ayix6xhg,3,6,5.457819552101136e-05
addr_o3111g8up12ccthu5220efwo5b8ffgxwr5m99j1v1q,8,5,6.867614106135746e-05
addr_6fkf5ftz47n6xc10cd17sbb3vtc13x3eqaxzqjiuid,4,10,7.136474032164996e-05
addr_84wcfm3t5of3m3t77qktiyxyz3voshhd03vak7x0mc,7,3,5.865024565685407e-05
addr_eyi8k8rrppoz4vwd0l4kdgfd3c7dygcj07n9ezh6cd,7,7,8.41989372151326e-05
addr_c6ptqck3znctyrzsoi82kbmpqlrym98c45qush7l1z,6,6,5.12764912988747e-05
addr_qqypgvkrig27jdinonuw5npww2kjzcnb5xr5lgnpin,2,7,3.8513131478190526e-05
addr_uiq4nj2m358t9kfvxviw1hugitw3l297injrqznh56,14,8,0.00013373217744290188
addr_1oe4d5s7qglnaav39k1r2jgro6ntnjyzrxc7n94xmi,3,9,8.096502815464757e-05
addr_p56b4wt4xbmmshzl7vjtt44nho81l6gxqvbp21uq4t,5,8,7.941980687072837e-05
addr_usgu6782dm22p5om8dmzu4qaay5jrnn7qf6nj52nl8,1,11,1.4061647646798095e-05
addr_69ij6kc91la1q9aweoy3f22wshmm9txfdgwopdxgql,10,5,0.00012862965932273265
addr_fqpagf0sjoabbubocddggndqyayl6ivx1l72uf4974,8,8,7.375566655299912e-05
addr_s51zyhhh946awaial5hw4781dxdcqs7lkk5sao1j9w,7,8,4.8114364624077846e-05
addr_4w4dr736i5nfmp34pef83gv0kd139glg6asa0aqn3c,5,7,6.424348945722566e-05
addr_e9yrt3dt772vzgjmz68i7e3s3ebceacljop3oswfiz,7,5,0.00012640782861354904
addr_b9640rgzxri7sis1bwmf8ywt9ocnqwpbedea4xpzwy,6,8,8.806238865810753e-05
addr_g9djqx5w1flxv1z6yb062h6ebw2uzd2pja7epcpcdi,12,11,9.270957368880672e-05
addr_ob8u0zmy6xfv7rdgd2d2rmg4eqvk7wuc2t8xmld5d5,4,14,3.854921376341899e-05
addr_0jmkpkhiskvnmqthb4e620wm0no6whn2c1k61iblfa,11,3,0.00015188434804605964
addr_k2bf453e8t7p61ep77hsfdhoihdvicwloknycugo4p,7,6,6.616977036300002e-05
addr_xnwgn13nf1oglovj4x16immz6g8c6ypkxtlr85z9j9,3,8,3.065340569990885e-05
addr_zuya3lscvxox0wtiwmkganqf3d99aila7rwvcifalf,7,7,8.621994455597857e-05
addr_gcemhq7xjckaw4kpqu61r0nd2hv3v3q105377qwyde,8,7,9.746224634660122e-05
addr_8d19ggmhq7y1ja4uon3q9nab9nkmgwwexq09dmjbm2,7,8,6.940873349270139e-05
addr_lhgpdk5gz2kla2vdjwbysytmmnmfu4ddrmbuqbyy60,7,5,8.048313358408144e-05
addr_jsp49cd3irvxd2zu4ns7nvv28ue1my6po0m24us73w,8,7,6.87511104127848e-05
addr_ys76qi29kt29bsjp1xayrnl3rncffjmsj2o204zgek,5,5,9.266154891446207e-05
addr_nvkjnc1nii4flg3b510vg9c2eso3whpzwbzgcxvt3w,7,9,0.00012598535737094494
addr_doof2jjlp4l1g22oh8fzuo88v78rz5cwcc2p37ipdt,7,6,7.266833605796721e-05
addr_zvo9f1hxfvyewvlp0hnky8loyy4ixiongjwg5e2uct,2,9,2.721968696078787e-05
addr_4o8kghc9n7li2jfd82kfpgr937owofwvlp0pxsi0gi,8,2,0.00015685361806488956
addr_v63n79ii670njegohmprsh73r21l794stjqenwlkm0,8,5,7.529820871582646e-05
addr_g69d84lj0nndnx4gev8dcl40pr489k9k9khkzh14g2,6,10,5.968755845141851e-05
addr_cgkasrw7shk7i90pr82n4w0f6gk1kofuynnb2kvce7,7,4,0.00012500724787810154
addr_5lvh4ullke1s8uwzv6b2vu9z3oe647i6327sy45s6b,7,10,7.44221858685591e-05
addr_h4glx2i8qcbctoi4t61c6onnnckggqvxv714fzbm7r,3,3,5.277805908249063e-05
addr_y2sczsn745ofykck3y41njhxuax7hp8cg8qmatz0sy,9,9,0.00010161780962230586
addr_6abqr8v3duo1qa757ss737pbtitxr2vb4jmhvk8ssr,4,6,3.60476049434967e-05
addr_kgwoecnw6rgcbhoa6aa5tmjlu858uae0fu4o5pvaw8,2,5,1.8512440303378344e-05
addr_q79rw2b3nw3zzq494i6g260w3tn525yrxx00z6cnq3,4,4,3.3431967614203245e-05
addr_yee8d35a6mdjy5snmua7kpas6dtf2zzi9h99jeyo0w,5,9,9.913436597294553e-05
addr_3pj9n4gmzak3938v1blmwft5giii6859yyq1smpyoz,8,9,0.00014743260226660466
addr_cmh8hpbt7gpr3rkb0bgw6y3cx99q75tjvewqw4zyqj,6,6,5.822005434631962e-05
addr_rzgks8ig8svg45hh1cd6pd7s1rc0j31n8fl8iqtz9o,11,6,0.00011260773278788147
addr_ts47h6h3p8enuf02x25jj9ibqmnkxem53ma6ufbbqh,5,5,6.936656538844224e-05
addr_lveh1o43cuj7y1jltow3squjkahzu0kx7cfr9u2cg1,8,5,8.379430881182575e-05
addr_3n0acp9bm6u2k893y837um8zf0hks8v1t2fk819sv2,5,5,4.5397922473695886e-05
addr_4o30rapv33i7cv71k2b1u1u820v59n2ieyzhamgzu3,6,10,7.0396509623651e-05
addr_3b0pcrf81q19jz0z7rullngy9kk0lgydqzwfw6uy5j,5,4,4.1566446086481943e-05
addr_dti5d9w4u0vxqhxvguvx4c8yj2tyrx5dxpx2ooyv1e,9,8,0.0001304292843869199
addr_gnha64q7knjd7grdxbln6kwmbcm4t23jsu8ceoazn7,3,10,2.4532583622795977e-05
addr_nj24sgfc5cru0bzhs0bfeqw63ua1ie1ha4565g1zur,6,4,7.976571684930574e-05
addr_1qyro5m0butgizd1lnv19hq10o9qqwvs6qq5r8d09v,13,5,0.00014257702981287825
addr_c4c87v24hd9g0katcpqurqzjnewd3y3ecef7g5lobn,7,5,8.222091206814354e-05
addr_45ls1xhkwtzcj8or2um5vy2cbs2z2h1jxqz0opsgow,5,8,6.267465576236698e-05
addr_3vbjbn81sgbj6yvw3w11kfrv0hlxdls7hgh5cvtn9s,4,11,2.5646300347364158e-05
addr_m5gpx5rfmp756mii5m9bgekjvjdov4s3z6w5n0361g,7,10,5.363188611988215e-05
addr_q8knjk5snv0m1pms8yrqp807ye5mzban6hjlcpve5s,5,7,6.99952485400138e-05
addr_4i26vpml9aa94xzcbrtzy7aftbzwgt48ofwgips8ti,10,7,9.017910379100128e-05
addr_w325gzmmpmz69im32sjbscp1ys813h8fvxrne5yazh,4,10,3.7636380752826786e-05
addr_5d8rk0q1fia793vopwc3qsmxjjdq1cpfchmeqvc71s,6,11,5.0003546080301816e-05
addr_jrwd9gqqmtxereghnb5f080pn6ur4wrkzw86mnrm8c,6,8,4.226062596491084e-05
addr_uzwz9ca5wbzw3n3r1n9rrjdcjebiz30h6hw1h7lfkj,7,6,0.0001041365810489924
addr_fmub3xlnipthvwgr7akm3lo4yvexizml45t2vz4d8j,5,4,7.78952601150707e-05
addr_10ewk9fq8pevvyjihcjgtf757jebihzcq9e8plphuq,5,7,5.3537942728971506e-05
addr_fhpl31tp661iygp2zeslrv10ebr2z0pga9i4nqu8if,8,6,9.393424694328429e-05
addr_y49alfj9omfguw78hn51v48u314k9c8580xearz2bc,10,5,0.00011357968297015897
addr_q088t57bckka2thbrhdyp996xfyu7r8zn05jrbalfb,8,9,8.772768252303068e-05
addr_285jj9mqj4579og2gmdiqgjuha1cuy2gh1cwy4x7jv,12,11,0.0002114255898630017
addr_16jcmvfmlg5v0wanbb9qs66szsp271hessw0yy9f78,7,8,0.00012220327095832103
addr_bm5q22vb4szfwz55za4gz8j38aso9q2zmmcqy496r8,9,5,9.565702840764681e-05
addr_js443iz7zd165csid52pyammdel4vg93cxogyag4ai,12,6,0.0001333559557659596
addr_1chx1fo4l8y9hmq3lx8p8x26oiukih1dqgkyqn0ra8,8,7,8.033141504662568e-05
addr_2kf0l3mdz6iadsmr3y3b01amuvgrifyircg6wln6qu,4,6,2.3185526285296263e-05
addr_oi4wlkbjre64hlmom7vah2lquij7jbxoaqz46c7e4h,8,7,8.885910504269734e-05
addr_cnlc5hit4stxzf5rcn3ahtcyh0vrph51rb1b82e2qv,4,2,5.7274890903459526e-05
addr_5dfir45r4yypegb0ww6bacyp7ltfvvjftm32ozl4dn,11,8,0.00010014219408206641
addr_t4zr7uguivuieut7w4ev98xvc3t4h7rkm6toitkbj0,6,8,8.00863192882898e-05
addr_x4fwnjtkba2hp5eka78o144wk846angg6v6x01oko5,8,6,0.00011978625628467632
addr_r9ue26knqqgcns5kntvwe56sppog9h53ljcmdx7dpy,5,4,5.124963238412315e-05
addr_wht04m1mx46atntkr3y5fvc480ocgn7dpwb0bq67ja,6,8,6.348725890006822e-05
addr_gay9iedcb0zprqnt09kb0kkemnxtk3q912fiqpsjcz,8,4,9.154242163148687e-05
addr_kzcdet70cm65yplqadpapuvdneftwyftnkdluw30gs,11,6,0.00012596093012172985
addr_hbqzkckw1qv15ojfh47ccojagqyj9cvs2cdg2y20t7,9,5,0.00014015167675832777
addr_u02w3bwb4n3fq9unpfj8pfz6d79owr4qeltz90yw2r,3,9,5.79138679055687e-05
addr_0f896d09orgr7iymei8cqlmufeuw1te0mao08cs3zl,6,4,0.0001263889364039765
addr_bg5ftjmdcgzjkfonyg793tapbwuh4w95flp2n3fdrc,9,6,0.00017221084757720816
addr_53ayeqahthsjr0fzauxbgk2wbxanj4x5a5xin9dl5t,9,13,0.00010556208715921179
addr_jftuiyqt7j2qo97secm5u6zhf5eiyq1wmv0ijp1glr,6,9,7.406599437520493e-05
addr_0xcccpot4hk4zajls0jf7ue6htsy4c48jahgimkzqx,5,7,5.150699178018259e-05
addr_ryr0svxvmlhdhyrz26zni905txqv08doihgzlnktxp,9,4,0.00013431708245682344
addr_rn70ipp9estrrrwq1zp6liv6rmghm6kule8ngxbx2i,9,10,7.83999444189344e-05
addr_139fx1pajehxrwjk9qz6o1rprzzsblj8izoo20w4fk,7,3,5.5333523435277964e-05
addr_i7lmpwht8lw2vysij280ghbf6d6g4g4l04zyt2mz6d,7,8,6.853821836813536e-05
addr_2kca7ymqho8155pqy3rdlykfx8wb80nr53f55zzots,5,5,5.721778704583545e-05
addr_aqhx4ll6zsgjdrvm3et55m37bz4j1zo776vx60racr,6,9,6.252230350911611e-05
addr_7dpf5358axj49oiqk1erq5oe6lm36i2avy71cgods9,7,3,0.00012091332673587635
addr_hdm2u9454awyhvr51ngqhfbqynxxkk9jheakq95zqx,4,7,4.6382732773470114e-05
addr_kd08o9zv5218cpk1ub40iznqo5oxgme5wnpwrtimv5,4,7,4.501036971148779e-05
addr_5wn5h8ejrgd27c9isj2am5ur0d3tgz516eau7yvhxf,7,2,7.105182425052572e-05
addr_5zp4g56889y8b8qtj3xvc1jusub0ips5ovdszytzqn,6,6,8.025895853195565e-05
addr_ut83sx7co1yl5dar9lsbnlix2sdvrehrrm9sjubtto,7,6,4.2023023542124976e-05
addr_l4aljkc7lp1m55d54nmkpsrnblhzm13zn6qconp0f1,10,11,0.00017004713980559705
addr_c0hblk107dr3psdnpj8m4wsghlxliua0k4xmhg9prj,9,5,0.00011137647564722785
addr_hyxxy2kit3uyehjn0aorbv56qitf7con8s5sikhacj,6,8,7.003003440891604e-05
addr_csy4q84yswy5gcusmflxgl04cgdabrqdjii58mt4go,11,5,8.939307276389821e-05
addr_wa5ft0sn5ixrbpoyhprtp8advyo348usbnajpnum5z,5,11,5.895460425327876e-05
addr_lyr11i0bb6vg7l51pr9gzhupsrenbs8jfmx2ycko9i,7,6,6.319936513071806e-05
addr_yepjtqvs9ly009y7slbyl1seruoy6rt8jg5jruy6av,5,5,5.2396836846295634e-05
addr_d4t1yz5w0avaahcxt01aqxpzleyvyq0jm53ozocj3s,6,4,9.730643793239631e-05
addr_nq1ocp2dcv01oggq99rqg4ehdjioy3df9eqqvd0vs0,2,7,4.2533733006262066e-05
addr_34bge009btbw1ovggz259pzcjn0lfroa6eaplyjzm1,7,9,7.006828441831768e-05
addr_k3n4jaki9mizrl8nu3yvm2ns6un8lnqqd3uuzd0bkz,9,8,8.600024801081303e-05
addr_sbyd2c4o2z7hoxfjkygwp1o5t7h46x2n2jvrefe5fx,7,3,8.339057294559539e-05
addr_cc3ecba3ghmdv47iqrpicq5yohstuemk1tbg3ci90y,8,3,8.638791192046488e-05
addr_n2m2dbjogn41f9ln4nx4uocshevsrfxtpwsi4qfxez,5,3,4.833031821784214e-05
addr_atibvxtdtvdome8v6u9uxhkdfy033g63q8iiiyhqur,8,9,6.70055977599968e-05
addr_vx9b1ko0mjeb9j5lpbue894kqvgvmvv55w1256u26b,7,11,8.06701829723275e-05
addr_k7pn7ex5uq4k38g2ap9ri0ni36m4d86l81ikurm0p0,8,8,0.00010992195006822134
addr_oy020cdzbbi6vksw0dyu8o4w8t9fzvihbgnsrx0e4w,7,1,8.464962094643764e-05
addr_nagsat0kwgfsoqxof1reouwmonr5h7pnzlbu7kf4k5,6,8,8.392566588206901e-05
addr_a3pvfkg765kqhdk789x6sma0uoiho0j5owq285y2oz,5,7,5.019160372632761e-05
addr_khjuzfaqxhew8t73bpusi4ap18iy8hibu03c3e3rk0,4,8,6.464636947160732e-05
addr_34xdkxilexxye4qvtdoad304dm2hepqbyd778y6uea,4,7,7.4089828860938e-05
addr_cxvg7ziqcthj0tnjfywy4azpvd86ejkpgpndl114mz,10,5,6.580711473705841e-05
addr_af667ztt7f1up4phfaxi1s9npaxuzmxl244vrbj3hi,2,9,2.0418236298793778e-05
addr_4v3kra7xzuy84o6yi8b8mc02zkehl3fc5ryxmrnfie,8,9,8.073025499430628e-05
addr_97pyzoco27fn2w8vu2saphxbvjs8jt17mysi0s7yxs,6,7,9.35032786563496e-05
addr_bbsh1t5taulzvor4nxvp6fika5hig5fj4zyvo83t7f,7,11,7.20099658876326e-05
addr_69nbjlbmxwrdq8p8yp7jyonj5i407yg6qiq3653247,5,9,6.931239234690349e-05
addr_u3xmq3huaryqjebkd17g4s8fhoc958n2rfjotx4axn,9,8,7.308043932229972e-05
addr_xn3gpqipcg6fibf86gthqbtwh1aqwlp3o4zj540qxk,6,7,0.00010510597455510544
addr_47g6h0mhgdi3p57w86wx4c8uj6du9n81bifc8mt557,5,6,0.00010130284774640016
addr_4fwruuae1e8xl1zqcxuent4f4v2iy2v7ds83p7i1bv,11,11,0.00010906948576365784
addr_xk28rnoxlq15y3d3mgnmqqa1ea9sgliij3856vukww,8,8,0.00010573101203241063
addr_tw98ltpgpowoh1e9ssyhse22369yaecbmrt514f0sm,6,6,5.845367376679846e-05
addr_0dk4q6kxit2f3i8uvoymf70eenyamn12mbrrpf32ki,7,6,0.00012633332392108054
addr_dlor2tyzc5hssx0bjckjco6my4gwdshllshwa7slkd,6,10,7.446605532700861e-05
addr_hpb848j0obbixtqp9cbkx1zfih48hy17bcktqjj9v1,5,6,5.408430672566557e-05
addr_o11gxl8is9mcj5zablt6tt6qhs74svw91d4p2jgu17,7,8,0.00011898616529253318
addr_suv6f1o61whlt5trfugp3zrw0m07m1hys1bexsr8ys,9,4,0.00017036699101416212
addr_b1oiigg66z6u19tncooeqm3hk4j4f1pz1pyrfn8du7,8,3,5.3712593156373834e-05
addr_ofu1ugn9eq2f3m224t73r2dduzb9gncubwnhifhrm7,6,11,0.0001467914215581316
addr_iwo2pqghqjmn4tu3vskbafzc5f7qebr7y3vukqxjoo,5,5,0.00010471504655865853
addr_2jmrvwtzh36383f7n8s0wix4e1k9vgvmqeyl0q2ule,9,9,0.0001636020063791822
addr_hrac9pt8jt0xf4hqg39ghwibbuqy9a0vna5bqzxdx0,13,12,0.0001730459323555266
addr_p2vfl3pp6mrcv8uz1yqnzlxf4thuyxgbyxzqmbfaeq,4,7,4.8128716983667e-05
addr_5s7cn69kp0bglnjql5qi0xaed6xxdrxu3623q6l9e4,9,7,7.95059778707706e-05
addr_gg38ff1hdzoa2otnkb0z65bsempcfqcqed0fvz3yy5,8,6,8.048324538425626e-05
addr_ravjwslp2dvldiguuecnrkdp3tto9c2gezsgc1pzrk,6,6,5.588798530418009e-05
addr_9inkz2q8sxfzvhjcgwrqgohmfir3zchsx3bp59nk03,5,7,7.04919967730593e-05
addr_c757ir5lkwwl8plvh8p88dzdg46yilknjpmhqmqqc6,9,9,9.629447461805254e-05
addr_we7f640ufogkmr6xddptvr9w66w4b6pxywj0raa4a1,5,11,5.850675838890677e-05
addr_cyyd2zop5jyspthovvxh61l06i5245ehjzphiywrai,6,8,5.727988126196529e-05
addr_wambyk7czjg6287jrjr1oflpp3m1gpy5q8bj7x2ah4,5,9,3.745827298934806e-05
addr_02g3yu6vk0ucc1m3o55ixva1nkbtfshb0oqvshkoec,6,13,9.547193086240007e-05
addr_82lbgsirfh0xf3uypvsc41iaswvx2xx9rbfyg1tjb5,4,8,3.943249553305316e-05
addr_zitwxggd0ff4exkoik31qggxopja0ru8hy560zw5zu,8,10,7.196771643979087e-05
addr_a1kv08xxtc6yrlqj5nd2qj35qaknn5if6qzibfxii6,6,5,8.005477468292166e-05
addr_ix43irgm5dkoybesirq4tp1na6ksnjczobd9q8wht3,3,7,4.3336749967234744e-05
addr_3keaiv6zbirya2e0w2j19mluypbptnuifyrqf92ujv,7,5,0.00011348945111077005
addr_ftq98ym8f92x7nifgnpgr8p8noc6tcx3t4zlco7nls,7,9,9.322514095518078e-05
addr_kww5kjdu3r26zi7pihioud1qbfon7v1decowhw41np,4,6,3.822410786923902e-05
addr_fzhdojhxvyxcddvztzsnaxvsq9xmakewpk2c15h8lu,9,4,0.00011618625412882079
addr_5zl2n4gzwxpz2t5aw2c12d5qiiapd06zacp2exegvy,7,5,9.209117848002729e-05
addr_jxl5uxaju6hdfc4dtvhaqublrelf8hexd0o6geax9i,6,8,0.00012000935589719886
addr_6wfzarohqccoos0necoo7uju1ndgwbbeps8d6pvn1s,9,8,0.0001265473048797879
addr_7idicva6cflpfhw17hrg263ejn8t2oz33gw43isvxf,5,3,5.6666086819128434e-05
addr_wz60t5xrptpk62f0cl9hg25hsa2tzkq5ueevg8o0cm,6,5,5.032251654749155e-05
addr_ft5i599ils71nt3yupddknc4pqloy5d5qn0k3bqmn8,8,3,0.0001054839089542523
addr_wpgk9me4q7j92d3cbiwmrwmtx8xlvkwknpoumu4ygo,7,6,6.997483158110319e-05
addr_k5skfz7qq7k4z7jot2cdzq8kjxlruqe9jygj8qj0hn,7,2,8.625063897211068e-05
addr_41drsidatuw6a8jl4kjw2p6xhyo5dq9p351tpwl5ni,12,9,0.0001722385545790238
addr_a1kytw5stb0cl46ujqdojzie6ir1vzgq5wwde1azyh,10,6,0.00012955734740713012
addr_91sq6h562g7vele56fkbwhzxevaqktapt2tq9m0c6m,5,5,5.2162629105777156e-05
addr_7dq8wrzwg1os6p644ll6q6tbd1x22l76pbzawyb87p,6,5,6.312736561514113e-05
addr_ytjq0olbkbjrgtl4vcjuf9u6d11rn8g73rgks9wsex,13,6,0.00011071857552258805
addr_sidnxfeyokk7hcpnutz5di9qdcg2nmzmwf2wzc2ev4,4,6,9.977132733595109e-05
addr_dtuw7cdk7mu5anj7acx9a9wx9ni4pufjpnfh49etjx,7,5,6.880391823871565e-05
addr_ve6rhoxe7uwwub0g1sqv62wilov1f008u194ma2qna,5,9,6.568555768540516e-05
addr_ok7ax2ev7pg7ziic3ob8mlx0bcru7ehhdhlr5e5r0w,8,8,0.00013238922087418261
addr_znzrqmmtg3a9peqtzx7uygov0hzdqjy15g1e95orx6,13,4,0.00016407140053976277
addr_ikxx7y2zhfn2s2g495m6025wgj49m1waxurr0iu0iv,4,8,3.615139156524732e-05
addr_m6xvccvm36nwibf681ljyn5irbcsm5jnd40cj8z9t2,7,5,8.39340658064467e-05
addr_tluqeypk7y434jxo5n924avxkj3gut7pi96xe75kwv,6,9,5.3530323658768797e-05
addr_359g8b3gjiwubq47wbnfxqpr2t5cqms6a5ca3z27lb,11,7,0.00015205672796330885
addr_xrvep0wn89pu7arxla56673eivlrz8vgrdh3lg7ti3,6,5,4.17019266416013e-05
addr_rb2i18aeedo4sybl88e6glkj1zgutdnp5kzzrclmv4,6,9,6.868650921199549e-05
addr_ou68ka1lp54hinpdguxr2o0ghpcozz90vnf7yfyc68,6,8,7.486854256890407e-05
addr_gpqd14a0l2vzh97zb5vos13jplsadaxf3o4nmrqezr,4,6,6.516738320415009e-05
addr_27s9bu1dgej1dg6fwronbvpxd06jgypm2fm72c6z5t,7,6,8.658950202506902e-05
addr_i334a39rgsgztetljnpgl9wgazyr89gapas0iltxlj,9,3,0.00010820799470240117
addr_r990ya4zdkkg8dhjd1tmj4r38o1udf0rv1n9jka38t,10,6,0.00015426170285578412
addr_bbc5x2j4wnc6ddihmqahaz001ohulcwpf6d704phzm,3,5,5.209797404274645e-05
addr_ktpyfkmfsj088w00n6lwhsjzz5c6ir691e4x749aj0,7,8,6.804077155386662e-05
addr_7lo6d9l5sraqizqhuuwtfnxvxvf5sx7p8dqnyj30o1,6,9,5.949104669905435e-05
addr_hvvmivmir6eouw95zwzgoxujpmig2u1pdf1ypbzw5p,4,10,3.807015186361614e-05
addr_kilwxy4tlhzil6nyyc0ulq516mgg2xk5d18cdi62aq,8,10,0.00010318206058921098
addr_lku554k7qvjoz2qra2t7b9sidrij5y2rngpxmrzvu5,8,2,0.00010355171200163164
addr_7dv1hjfdx8m7o99k9jvskkem1e58jq9qmjhr5xlw1r,12,4,0.00012288635409869001
addr_qxj67ohxnru4uicc1efc5tm1mtch20snstgf7divzg,11,6,7.57049763278417e-05
addr_f4se51e6bf0zqg3yj1n5sx2e38yvrcjiav95x9p5v7,10,4,0.00012487896198434305
addr_nlxirvhmfyv5cypa0tmm9jvlz63xzadlr5mp8g5524,6,2,6.37860027927882e-05
addr_2wpe75az7cvgj07zlqsainpbi5mn1q9nu7sdsh513s,6,12,5.012812302732376e-05
addr_4b3rfnkslsy32qg03fimalhot9z056y5hpdsrk0hbb,4,6,8.237311191918763e-05
addr_eyeqpl0c1r0u3uig5v359q8pr7ml3fg5zblmk7nymp,9,3,0.00012450911333551282
addr_5m1eziyd0tdsxt9mite81pua0djwrj5l1usfqdit6s,12,6,0.00018692089581647992
addr_mlfk3c020ztx6p8z5d5eusc74c5ai4324h90t1c6ao,6,3,8.043887389490432e-05
addr_4oy3le88k5km8gf2manz8773o3qyr53swb6vf73rui,5,9,2.87205505924497e-05
addr_ky76wezuow0s07zh22dgsak8taoy37cqbmqzc9td2u,5,5,5.4943777904532354e-05
addr_363h7jnrzklboyuc3ra4iuqgqr6rdu9uliyz7epv5g,7,4,0.00014363615778445598
addr_nfw6mu4eb1f6icanpudgw8402tpprx6nx8j9yitm55,4,6,4.545858090927588e-05
addr_3k1gqe6xav2hzskqqz1kw0qetcui1kqxq8focxbu49,8,5,7.326824157585996e-05
addr_nkr5yyh0whcdj4eohxkjaclavbgqme29ndehy3izq8,4,4,3.5596310127660764e-05
addr_6vtmdo1dr5wcq48arx7xk17471zafywjnw40cp4jpp,3,4,5.658200875409137e-05
addr_kxayfvypaoebq6wvujwywdqfwq8tw05wd2y2gsee9v,9,8,9.97766482221438e-05
addr_hazporacmy69qc5lv5h8wesh87sd9qztz9dm6hnafe,5,8,3.2628554446437316e-05
addr_oys4wi13374owarfkm5ypqbvwnmwruwdkvixd0upzv,7,8,8.079274049787823e-05
addr_etc14hxy10t0cad3r1d22scuj2oekeg70p5q9eidnt,5,11,9.845158246139736e-05
addr_ifckyh73eu8i3edp73p5rhiz7e4bbuoylqb6wr5hf7,8,9,0.00010267969647501671
addr_cuunh7snhkkeoxkgsaiqos1r7dwbiaqeyo7y4gzwdm,6,6,8.608631023488616e-05
addr_4j1qjms85wk03g4h23ta015qr11rkl3szxdx10dhfb,5,8,0.00010199680391643985
addr_h4k2pq2317qmzm80481xzrqzej1v083gjnypog1xv5,8,7,7.892368612266327e-05
addr_c9f9pe5cy8zf84qgglgqejbdbke3wij8oj6f9q4fnn,7,10,7.138924534484553e-05
addr_vsf0s60kqhj9zu0f5e47rhow59q7s44z78iy664l90,10,4,0.00013738685824067924
addr_u5lkpqgabvjq43rxwspucmqh8m1gyeuf62faldoxd6,3,4,4.22430828989797e-05
addr_syw05itjlp9xqnatavlje70ii7guslr3st0dt304sj,7,6,9.236354187487107e-05
addr_j1pkutmz0tzs09ojg5os6k9vs1829exh8c30idmeej,6,4,5.68671768194304e-05
addr_53z44epm4ezeowr40jntl01vpqfq3j8ihld3rp2acc,5,6,9.195363629677654e-05
addr_yw7j4li6thqleorps2k4ir6ncjgvffh02h5ngglsim,6,9,6.176148941108929e-05
addr_xmeeukk9q9nwkyhus19zckfegddz9xvuwu8blf9snb,11,12,0.0001291431304884876
addr_yqzqkcow7b8zpeygsyteud9b4v8qn0xg5i8x0k0nxy,7,6,6.429630087487238e-05
addr_agjwrp5b8257agyhcwz0b2g3qcxzn3mewoal2tdwcb,7,9,9.077833143635117e-05
addr_gkr2ra6jyodx6sx8xo5xc2xvpt9unu6xy5vdae5f79,3,7,5.6782384931722334e-05
addr_ugynaui4u130adq1qh26owvedokkhge53ybmbb339n,11,6,0.00023003841172264007
addr_rmrlc1w7ll0qgoff1nmk0w54aq3tqmyh2ucai9gqgs,3,3,5.475859713164438e-05
addr_nagiuwxns2cgiwv6sywgdcto48a1hm95pv2n5g2lul,3,6,4.3877689414128846e-05
addr_rff8ztin8h56t5n3xivf8ev06bb3869tbazm3vjcdk,5,5,3.484687062702769e-05
addr_03xzt1xqv65l3jjkh4l0ydfm11eegczyhdxdrr4z7x,8,8,8.424855422944411e-05
addr_nnz1i3xeqkihx9t0b6sduzkf7vpmh4yypy4f3w9ks8,7,8,5.5147733563828895e-05
addr_bru2qlc65q2efhazmiq5pxlgfwmvytsu2msgqgv8h0,6,8,7.557412913820865e-05
addr_my5tg5hj99vaejvobvoliyzicxhrqv9w2zzs7cczwi,13,1,0.00015391854741992836
addr_auw7h99dg4kebso9hb2xc94swqde2hcmdh8ws7bwpy,5,2,9.208161776605679e-05
addr_s2nu4bmztne0v4hu270a0wemmhmx5nyq3yhgmlt43e,10,9,0.00016791181452752504
addr_eanhqxuk8fkqnqpf0eeit8lopzbpossh65azhi95rk,7,3,5.639069126717545e-05
addr_mog2tfzqs2rgh25jneu8lzydciot4jipsic3mv0qj8,6,8,5.3904218145585476e-05
addr_g8u6lizh2mr1lolzb7160irqbcwdou4uz9jg2cnjhp,4,8,4.593890612327339e-05
addr_a3ar0mziinypcin5xi9v2dsa3sk2czxqlbfoqiry7p,6,5,4.008321155677629e-05
addr_t45pugneimiyzi6u0tch5mkwagpkx0rsw3etq7xdo3,12,6,7.641505539955158e-05
addr_qcfkgy3a016gbqvum48jmytbut5esp2xto5uuar4pt,7,7,4.448065836622141e-05
addr_eqerftnvijzx4xvqbzbrqw5259gmq2p014x5dlwy1p,8,9,7.286504891858324e-05
addr_2rya1vpiwmjmco57c1qqiabyen6qkxziuv53dym6h5,5,9,5.2690825164217356e-05
addr_rre9o8hkhyjk3aqu2awpgsigtm0p7oqajjmvlrpmi4,9,12,0.00012326895712599624
addr_xf2zysrsaudfs2cgts444s1pcguoddyad7aegoz9qp,12,9,0.0001366445731311585
addr_jfsju0lq1evu2ei1m2ms0xbz5flg9pfdv70bv3siea,5,8,8.866923567345368e-05
addr_rggkxs6et7jzayhe5oba3qnaxw91teer4h0qhbs4ji,6,8,5.6197623074801725e-05
addr_9jbtmmwnvqjivmb9kzyx5zz021anljvgscdqz47v66,2,9,2.1937600693659958e-05
addr_16bww5c1iecwxnb514ffmcw2x75l66mgxl7hfutzdk,9,4,5.3157976001247425e-05
addr_6oso7thypccp5xj02cf6bglldpxm6e0czv1gje8g22,7,5,6.0575053305689095e-05
addr_w7jya8ggea7hzr3y2co7c6p9vmknqadf5ryrl1tdf4,6,6,3.9874309894808624e-05
addr_w9l8dwqk53bibvh4fut56xsh33w9v9vy8mevlqk7uu,5,10,7.39048190980865e-05
addr_rz587612v1tnqhuj0ctxpdc8yuowzia2v0ox6jxijj,2,10,2.4852995193172237e-05
addr_8nxb520fb4p9fsix0tyrm314l5rwjertwmq5ybrq2e,7,8,0.0001129662620961087
addr_c5xteiplxl375m5iu23dxvbcvcns4pq6ew1huh5ext,4,9,4.151104644933371e-05
addr_z2ror4y281jxmvsfa697ymekwtc0ng59hg7zh3rtt6,5,7,3.999331651433503e-05
addr_d03nc71s8vstz9uh35rw33iybq82ta1aoiwnzgyiqh,10,3,8.308695496670501e-05
addr_jiu85msx9eo4snsi81zzj85g1baacou0oz2gd22oc1,6,7,9.988147307212191e-05
addr_cyd4ncf7ajxz7lo5a33vtz68pglehbfna1jrrr0kpw,5,4,8.28678327463127e-05
addr_x6rvfc2w6e8wpervn0dlquagx3eja6gumnzsflea81,5,8,5.157585886195132e-05
addr_tnnof89cjjbzppedw3l89rklvzpvr27pecd9jbjykh,4,6,9.022776799090491e-05
addr_3nn3ct8xq7h6xcupyozzib8tjtk7w4bsud5nto3nfs,4,8,3.576828806263907e-05
addr_fx8ryw52hh5ud1k4ef3knz734jg2lpqbsc3mw8beav,5,10,0.00010117861891977658
addr_zsohd5klj3cuz0y8wi5n6mnnwtmw1bdnebkn558fm7,7,8,7.14089710291693e-05
addr_lmcluxwf9fb671p9k4ifvom0bi46pnc7l7xh4ajwd9,3,7,8.143419034210581e-05
addr_jlzjrqzbme03bd11ki9ryc3kklalyebkp9ebyeszug,8,3,6.980164737336019e-05
addr_gcxgu5gf8z1vm68t0db3ytik6tht6h3r2p7lkquflz,9,6,0.00013429117494226982
addr_f0uq2m33tr11tswbq9qad4xtgfa456uc69yypd3pr3,5,6,7.347862655234083e-05
addr_4s4dzkdzfu0peseg5gkuafsi0w1gx9jjsyvb6uij1n,9,5,0.00010384247673609616
addr_llxipl28jg5wzymj6mbey5c1qbh5gvgthzbakf2yxg,7,3,0.0001534039600398692
addr_bw4ql7k3fn3l68ev4eqvrzc2gsk35hxdoc9juxvmfq,10,4,9.294220826917089e-05
addr_28n9aeweori7knr7c8p8fbtcdede6jl5es2e8b4iiv,7,7,9.053813839608475e-05
addr_gboph2v9msk0nlydjixl7vsky6c5tg8bka8v0igbv7,4,4,7.580842292307081e-05
addr_lkp83pyc8fb4rn1tcvtubtphcdw2wsqx2k87d2m1rb,3,3,5.7595073112464853e-05
addr_ruvax6cgfuaisvk9tmbhdb4xs74eywg1evqmo2ryig,6,7,0.00010037954704140458
addr_yrl4bk4yjf4bmxf9y9bn6kllf7vakhvdebeonvpu9p,6,5,6.89223789311059e-05
addr_c8gbtkxotnyiib19ncc9sy8vs48m6au67xpcdvvxcf,4,5,8.955344673978065e-05
addr_nolqjx9vn5jh278le4cnfa5s1rj2a3h4kdl18k8von,3,5,5.7165579442966135e-05
addr_p9dio4jr2ce6f5ymmvc1hehpit8rhfqcfv02isc7hu,3,5,4.300841863876647e-05
addr_21dv63wcesjynz3hz3vnap881369n0kum0o37xuedu,9,6,9.964631445317559e-05
addr_7ntcjd0s1gmfildg5oo6wqninrtq1nri0z1gsncjxl,5,5,7.026049055918279e-05
addr_0v6a1lcyifzntkkaituzdf1na6vj3jtx3gmwjvspnv,5,5,4.334286508260542e-05
addr_0zfs4okeyt9ibc3vvbaprdxfonvab9fhynak7lsnvc,7,6,0.0001389631552151198
addr_6veryxogy3bjijhqsac060g56lzjumr59vmzebsyap,9,6,0.0001873456527445316
addr_njpmvtsbdmkuq97iz3mh3kwnrtxc67yqc0c6llqebk,10,2,0.00012105128209915128
addr_d08us04r0y1grw2swz32xeu90i4awtt27i79hbcad0,3,6,2.4335807996366076e-05
addr_qmb26tm0b0cpa80mv2avu6qflzjkkuqveirvsq5xyt,10,10,0.0001182121347058861
addr_w7g1hk8qxbl2dlcq4ozrgoasc6osal71v4m51rpqtk,6,4,4.900587777133062e-05
addr_rry9plx8v25ofgkuackd8v8opi79pifb2efuyp3w62,5,5,4.067254191883954e-05
addr_2rm0brm7v9tja38kxpsvl2lgt4s6lqhx11e7fh77r2,13,10,0.00011905197861226748
addr_1jk4ni2vkdav4ffvyxez540icl5k4jvsbmaxon58cp,4,4,5.386757694727691e-05
addr_pnb2k130rlocdwdv8i3awejgn5nuzle5atr60hxw2a,5,7,5.500816598949775e-05
addr_xdfy0e05ne1kmbqymcw4bo0c2e4hxpgajk0sylf62d,6,10,5.46570063516844e-05
addr_ybr9uwjsdgo0r7fr4kvohbbis8zy9dg0kgim01ftkz,3,2,2.26685957750067e-05
addr_tdu651t3sga6t9p1jhlpx5rz070ln6tfjnth735w6x,6,5,8.070472009938907e-05
addr_4xgv2xxyunq4cwb2b3epgbhq1ahxtu785dhznzd9hz,4,4,4.4409206518483136e-05
addr_mchteaojulis1ssbiljb9xlj1nyoaq16nrkvqvr1oz,2,12,3.7834086059894004e-05
addr_6xjrlzgumjn2kem36b76bmr28g54tth8oprh7ydyyr,3,9,6.209084303545474e-05
addr_gy6bsm3b0dyjba1t1lktqtnbvezgp1uz8rf27qvctm,7,11,0.00010788003617649682
addr_8oqka5qc7ggfdsrpvvidp4ez1x0ojyljeblaki39fb,6,4,5.159088491572962e-05
addr_a8a84y5dfxuwfvw55822ayojn7twz8655xijnamw8h,8,5,0.00011641662147461598
addr_3jzkbhzj3c72hk1uitons7vy0yur20c2e11c17s7td,3,13,3.0099343995997558e-05
addr_nda6x69k4mgwpn4llgfm8u6e5i1lter3gv3ngcl82w,6,1,6.142149448365962e-05
addr_9iubfzzzncahl9kajmt5iz87f6bqihcp1hedwgtc9j,3,7,4.049702296725956e-05
addr_f3qd7d5hzgpv9h0dm15rjz569pbfpwgyqhzl12s8cw,3,9,4.783008511474364e-05
addr_paxx6st6hamg4kmi5jm5gd5g8lg6d5fzp3ryftp0lq,9,5,0.0001494154162732934
addr_rskoqv333c2uudsqncuyk2vfhd7wg11sxxrppnl6rn,4,9,3.657813603763661e-05
addr_66fb818y8f881en699fia2qsu2eizg1nat0a573hxb,11,6,0.00010191604667250304
addr_3sxd8wg118ilhgnm1ubh73h8yvk2hy2g0z8ey95rbn,8,4,0.00010950522505616682
addr_3nb0ktu1m6b49bd7b2sb77lvr2969wgyjnipuaidvo,5,5,4.315419289965099e-05
addr_vsflz5qop0hvw2mvgz3j00u6gm186gkv8owr4wlk1k,6,4,0.00010109594155977685
addr_0ys1sbdxg97sjd2o655w5f0v5vyk7cf2j4l3vv7rmn,10,4,9.558164861605012e-05
addr_wvlwqsbichxygq9t1tzobfs2jo083zmkd7gqbw44y9,7,10,0.00010502293096064947
addr_gaxylvbiba209nl2v7j0elrtg7l71cz95dbsrk0er9,7,2,4.157069851824423e-05
addr_6wst0xo2de83quv5f3ficlreay3sm1ppyz8jg2rzgh,4,10,5.854810007356341e-05
addr_k3zusvy3gh9xv89emtdt63w6krnnxov7fjsvoixo0p,11,7,7.103669461085533e-05
addr_fdmvjujsc118a1ibh887690t875k9w1p3hia7ogkvb,13,7,0.0001300861004463583
addr_56hhgagl4900at2ng2zv93hrkqsye1rlo5x9ren16d,4,7,4.256782909184145e-05
addr_kbenwqaxdvsokismcai1keh7p7rydo185hf19jwy4e,3,7,3.152531373315549e-05
addr_jm8xbatwzg1fyuhqnwzb9lmyqz5p8c9q36ljaimue2,12,8,0.0001415993531261329
addr_9dc1u142twdxsdc4c6kto2zlknf4golku0a7qqeiym,7,11,0.00020735308178909296
addr_mw525p2fjbjx4cepm98uapw1qag7dftjv6da3ocr9o,3,5,2.9402874279862557e-05
addr_2iht8d6owx5jz7j30onw7m4f6406knh0m2nq541b9e,5,4,7.251501471515025e-05
addr_8dz0xhadlsjfvgvykx550fafl82w1zzb4x6yf11six,8,10,0.00011167856230448612
addr_vj4udzjj10djv5nyujaxocvqt46kyym5nxj0t2riom,5,5,6.861111792550074e-05
addr_7lx6qcck3qtmuemy8nhutu2xnv31elcplm3jqo547t,7,5,0.00010345897725929376
addr_iknl1j2nstm3zeu6dk7stf0jl3foseahyywnkxnqi8,2,6,5.687886410631801e-05
addr_7wqul84sk1mf8638tcqaur3vv1lzjbkjdq36urpof4,9,3,9.796171574113665e-05
addr_v3acshuge00fro6xueez21p5bb46zmfehk3zypoovc,6,11,7.45555139303362e-05
addr_aax73u3neijyazwcu50qyta73u90y011yhodh5y6vj,4,8,3.5608222337968974e-05
addr_gv6xe4m145zd2km78sgt73bia6rrs7hnvx9lwtwulo,8,12,6.617391921767506e-05
addr_pja2d59hhf8uto4jmxl630mcsa3xqw3qs9q3zdck2r,3,7,5.792206103786427e-05
addr_2lz468wo0rw65y74xm4iq6vpxw1ma32xju7vfs3obz,5,9,4.940901795224902e-05
addr_hutavs9w9a74k1y5uur7ioqzjozqu7q9w51dsg929u,5,4,4.584017782055147e-05
addr_bz73kctb8on55z0dhz9zg7xg20q2scvhw2dsohuz37,2,11,3.602479598905442e-05
addr_sr8mfuxn6igtbnmmf17t1r8df5v8b3xzgduahg5kk8,6,3,6.114909630818755e-05
addr_5d5c1i9y5np3xii8m90hgdkouxsg0ao6shh1n48g38,5,7,3.810049683795118e-05
addr_2sjqi9jp551ryppgaq6m2ywdkvbcsw12fbv90qpkfi,4,7,5.681442546998117e-05
addr_5kiypijg1x1nrs27kcp12pxuk5rdshhhaoyyk0k0ut,8,7,5.624853533470443e-05
addr_rtsnxckwjo4mnf57s0ctt38h5ldtbrfyvpxdsfgics,6,7,8.752349843869067e-05
addr_kg3nvnumtdo2r376ikucaw0rg3q6g5j2urkihpskh0,9,8,7.77890167544025e-05
addr_r52e7tk47t4pf5jqa2npp4r8m69zov7c9ugo4befsf,4,2,9.96810447245864e-05
addr_723vbby62b01g7njece03zm7yhxo32pvah80255i3p,8,3,5.852890522778907e-05
addr_sri617lv138oriczg1tjzv7kf79y838jrotnewohbx,6,8,5.5427965677107157e-05
addr_9zuvhk624c0e705v386mszel0gxhy8tavxe4989jvj,3,3,9.021315277361106e-05
addr_led0z4zmprgaao765zc9hlu2zlgleohifk0vzyybda,3,7,3.171372849347844e-05
addr_l1c5nd3frb5180w1yw6qkixq0y9ounr8cvwyep61h0,7,8,5.344299866912482e-05
addr_6cckb6jcs5f98se16s5xbr6qi7mwlrvmlwbysepet5,8,5,8.233285919149198e-05
addr_zdbpef8zgoydnf2zv26sn2eqjkmzscrx7xollt4qbd,3,7,3.322423415125974e-05
addr_1rega69aqnc64tkh5uhm5ww2glbkngn80bd1un6ggk,4,7,4.260879047902982e-05
addr_mqa8ddkis90x7ktyeoko9nevyqwv9yl2zczkj3vlv6,8,2,9.180128567849175e-05
addr_ok4hzwlsseastuxy80ym13jgj9bcr2cl5t2ip67u1v,5,9,6.445326441880062e-05
addr_q0n33r9vrxkd0rz6vjb6mjrkqwlbs3jb018wjal66h,4,4,5.929558833193865e-05
addr_dnxa3ggbwv7zn1d0d0qh1xwwfszhpd7woylr8ad74e,8,12,5.222392033329346e-05
addr_iq16sdomht0q5nxuveruwxnzkhqh9wene56vqma47p,11,4,0.00017240081220236416
addr_zm6okn1byjy5o0vvna5vopyh7aj6a0rb9fln6f8e7h,8,6,0.0001046330726608061
addr_dpcqjusasqcaxh8nk8p30vtkxphtwtktxj5mn08sb0,6,3,0.0001197596229137876
addr_4gfby0o9k8o9rtw4d4rgewelih1j41ceadxiczg0ub,5,6,4.629183343256018e-05
addr_klcp9uw165aejt70ebpy9e576mouze66vw9b0mqoq4,8,3,9.803971860258157e-05
addr_8k789jsk8kntvsoue8p2kp4bmba8pe88dwtbanwb02,7,8,8.200117529164542e-05
addr_t69xymjjrqdpjonobauzirmxw1zyiv8ogn50pkbd41,5,8,9.081588334366378e-05
addr_qw2q24ry7i0i76zxm0mbmop36zgy9gt11e7z9zrl7y,8,2,9.162819785724885e-05
addr_5jx13tm5nzmiblpm5d326a5sf03hdcbbwqf3wgclig,4,9,4.0450061083053214e-05
addr_fvq4wq0xa5f0a66mvclslhxcdj0ng2ttjezqhhun74,5,7,3.912157813082958e-05
addr_hn7ny9cenh67q8j3z64ykc9g8ugobmwkrquc6eh29m,7,8,9.186459103498331e-05
addr_coweevx3ny6vpasgpagi3xaw5nv1vm2hjjhmwphm5z,8,8,0.00013702621454541867
addr_5ftc58zbzssny69je10i30b7n7h86zaedyqs4z7ju8,3,10,2.927748672830669e-05
addr_a3iwrmfg64w2ry7islgudholbd00qchlvwyh7r5446,6,8,4.967520558152694e-05
addr_fn57tctlpkjb9di36txljxov7wmk425zb3p9omu1zm,9,3,0.00014650480255258897
addr_huwn8rt7o6f44y2jwcf1d8l0gij9oikpue4icz3n1r,4,1,4.928013405502674e-05
addr_s6ho2jn2jlzp6nr96sawwsr172mcp6xvjk98dr1rqt,7,4,8.390276470367699e-05
addr_csql6gw0z69izxwr5rfenk6cnguhjjwrt0b41hfu9p,6,3,4.167735342576473e-05
addr_hxtdqy89fiq0fcuzlzoo0ahwy423pace2f346zssjn,8,10,6.106349782173068e-05
addr_uajdnyvuhhkm3rj9k44q7d8o7qcbvx698y6yob671v,6,9,6.479168195523929e-05
addr_mgb4m3lgthopsnt9w3j1bqwdq6lpwlfnbs1m0p7t5m,6,6,9.548983591211514e-05
addr_cfosdkvx8yr75yzwkq16amv26hcedz5azotrtxnvzp,8,10,0.00014452240798967106
addr_mgnxk0zuj069xu8so2hsmodgwhhe6ijqsfc1k7h8xx,9,8,9.76394007736554e-05
addr_1ebk7b8zg4b455vwc92mhh0iewtorvssu29ygrurgw,4,6,4.595206505970016e-05
addr_4p15kmbraozewt1qfzcau6055h6vcwmf65g4kt2ppm,4,4,2.521125157019558e-05
addr_onj6edx1w7pk1w68vj8seb2iaa5i7bjpfqh0q8hwpl,5,12,8.471753215325998e-05
addr_zmrnxj5v1cihbei3zyq9ow4507xt2c5x98jdl7n1fe,8,7,0.00011097972611325518
addr_5tr47xejxnfgchs7a6sfjc435hw18s62npc9gcwvaf,11,9,0.00010112768627947233
addr_3k747cvbti4rvknv9wfmm7rtrizke3zc0z3leelmjy,7,8,0.00010089866415312764
addr_yj9ui8nnpvg91bztx2kyzebndsl3begj35jd48eege,9,9,0.00012543712515874984
addr_jnv63y4ckqjc1i9mcxiq4o0l5vkabidz5mega61e6x,11,5,0.00015748505370397837
addr_8ctw8s5orhjivyi5zji0n1z0vhpqpg8kvqm5vda66n,6,7,7.640903966753001e-05
addr_u8exuzvetytmjlbqc10uv9yx7zxo2m319uhekiprfp,6,4,5.869898234340931e-05
addr_rllwv789jkq0mynjdbjx3x946ermemcxm0r1xa64i1,8,9,8.666570555627115e-05
addr_c8b9bfnipbdvudf913kl4va81fswe1vly5lt388rft,6,10,8.384719238930213e-05
addr_2l8t8sh8qkxxf0pnvbeidiy0c83oe2lwv4zbnsejxj,2,8,6.424322620344492e-05
addr_fkyi18h47mdc6lb2z58bzyo2od8lcezggksoraxm85,3,4,4.1196730243202235e-05
addr_zyj7bt8oeh5qqraro3185gp2dhilq4awzjynabk9nn,3,6,1.7299893530088046e-05
addr_v8lu6rtz31la1qcevn20lj6fodvbnni5tctkea09re,6,7,6.659471655551118e-05
addr_wfn2bn87z1vi8htbzim7us7agwrsci0xku2qqpxv34,6,4,5.072026942935591e-05
addr_00oed89y8sj4wsukyrq86t01ik9341pb80rkha1cre,4,8,6.545486034901512e-05
addr_inpfgomqxmqo0fvlc254zh0qa1lszkzn0lyimoes1a,9,6,0.00024393597024150354
addr_pf5kjir8r9mt9y6a9oo8lor8w9q9n8f98ntne63p14,5,9,9.01153696956379e-05
addr_bf2er1sjbh2v1gagiohmglmpgj5s5ocx3pjaq3k95h,7,8,5.1829450681705444e-05
addr_mbaxurdke3tx8f1r6h3g7095k21guf7zrbkbo14cse,3,3,3.1243938407798664e-05
addr_kn7lvmlbtwjfc15ddn8rs3a3bjhm6ja6x8m2vy0v4o,4,9,7.181128167303019e-05
addr_ybcn78hzffghf3obs0swv5qd8c1am0ihdzsnol8wkf,9,2,9.623602873159067e-05
addr_z94kxpnx2h48ebgpdp6m1z0sp48akaikaacbzi9slp,6,7,9.972771111880324e-05
addr_y883zma6bsydmd70qx6ocavs1sfp7mk4otd1pdwfa4,10,4,0.00013809839494261756
addr_ht9fq5fjq90bqkdzf88gemxdi27tlswginy5nn47gx,6,4,9.250267506630523e-05
addr_s5jl58ze1wzaeitrkekuoug3m83p9emzwjz0vqv9fn,10,3,0.00010957969348206054
addr_jg1gnyav6kn0lpjmu48rr7u1nj4wk6fsz15axz0ylj,5,11,5.72967415598027e-05
addr_8l63ky75jaira1re1zzihhavf2g5abfcxeu3cerfmx,7,6,6.99311915997043e-05
addr_qkh29j21yxkfqzpn0b80jb8ri6rlxh4n1abumc8it7,6,5,7.336540339991265e-05
addr_qxgchcnmb9vrmxwcqnfdltpqbga2t8rjoxkz7ckxom,6,7,6.75454212707218e-05
addr_h0jckmd5j65v4xng87unyqtb0kyc3hyj6kdngmr6ks,4,5,4.4139619207803025e-05
addr_y1442pi7cln88ipmekklc1vs9k5r24ydh1pcxnwopq,8,10,0.00011191915678876285
addr_hbr9ezt5a1ywn2k4tln6o82onxqpbl67qdtk8c84n8,6,6,7.598502565936784e-05
addr_fo6vjx31la2oxvv21waybhzqgr3c02aqmnvkrqksqm,6,9,8.634019099571951e-05
addr_nrygh3dbnxbmcopzx6c7ewp642iwpvys1r02iqpz50,3,3,4.014581921610781e-05
addr_by27ewf0kj1x38rjpxkkawddkc9nm62rtrt20j8a95,10,5,7.648948989186344e-05
addr_4ebvkx78qhqmdopvk64ffp04uf84x0u9g6fs7t6oq4,8,7,9.547310731611591e-05
addr_7wb8x7ctp8kzgv4yxbkkkmfxxqxm87octns88lryu7,7,4,0.00010739347742512124
addr_7ffjk4yupfupbhtgdkgqdl259snf36xj3rj0oyuq59,6,5,7.15664965864128e-05
addr_4gguwhmpoam49d59bjussopypszrsoae0yvq7wr8f7,11,4,0.00015687340721693912
addr_xndd4h3ivzgmt9vj9pwbfqrnv5zrdihri7wakxlt2i,4,4,5.903151185600022e-05
addr_5ldk1fdq3p9s1gwxt61581y9esphbzdqj0kxkdln2e,9,6,5.8372042177588214e-05
addr_jblzv38pkxam98bkpotoxj5ly24anp8e2ablnaupvk,5,8,5.0280454898128355e-05
addr_qibkbxog1qz4cp80bb6ofbeii9m4z6npxofcrslqzd,5,4,5.370810282231198e-05
addr_pr6jnmgayqtf9hwxu2zpsc2ecv6sw862zmopwiq8g3,13,5,0.00017905300465039908
addr_onhped5bk1jnktfs1z9ue33vi5neqnxi7sqqgiw9g5,4,6,4.1644780841677304e-05
addr_dg95lgt69xc0zrnhn0zxdsm1l6l7tnrkb5cn5uu9xe,9,3,0.00013029134794288925
addr_07wxc1kngroj95tcy7sxp271i1dttopy7vnd8vi6fk,3,9,3.905027923667673e-05
addr_tgqeiw2kj0aefepmm8en84crfzg5peimnxd2v1fl5t,10,6,0.00010073227552526971
addr_u3s710nusg9l9q3cybyc4i6h1m3jlzohfddvsz2tvh,5,10,5.225188524700337e-05
addr_24xe3msc4xc7535f9isr3h7nicmtqlnss3cxg85vt7,9,5,0.00015370081753614636
addr_zdkkz06f5mdqrglz4c4sndotz4max9xdlnt2bid9wk,7,9,5.727215373406445e-05
addr_fovlg7uy3bwgbujfgwnfcodfs8gw93v0i3ahbw1m8s,7,6,0.00011106169120442163
addr_be3yqy5fu7bfxq7bzegbl2qgv3dr2h2p39yl9ue421,3,11,7.601552422888751e-05
addr_u16t7f6zdbbzs3ge0jcon3v6ud5b8vhzxrpcnn91oa,4,5,4.815058302080852e-05
addr_v6vc0avscx64hrh9of6kk29r342403jmccbsab6g2g,11,4,7.252573880895308e-05
addr_owxp19sbq5tr47r2a0gxjztvgslpdw3d8iik3npbku,9,8,0.00015825688125000627
addr_sd4xxxm8io68u4asw4od4s5mh5xvuph25akc6owip2,12,6,8.751489927497612e-05
addr_t6ed3ps9f79yaq438jzuuavy9a5k6c303v03fu3hyc,9,5,0.00011991215623169502
addr_bdb0xppbcsljhg7thoshd1y4eqkx1t4ng47ezum5bk,3,4,3.4370974988998125e-05
addr_529wjx2zmw5gpbk6g4q84b1xavej8dyopcloichycs,5,8,9.926666661346157e-05
addr_z6rnk3v4q5b8fxqwrwnie7yvl5bt6ob3db29ohff8p,8,3,0.0001332703894492977
addr_uae0f2730s467aoovxgd0gh9l15x6v3qwul49pbdxl,5,5,4.4345339577883055e-05
addr_wjoptvfv9btkqm271c0qq3ojxn0uprpq6v8jzbyws7,2,5,1.967206492181033e-05
addr_twbw4jyid5mptsbcrdkjidihvlwre476xfvb5op4af,7,7,7.128804868919215e-05
addr_ce17cpyg3x9x7ngsbdvnfh4n26vhulme5ghivk09nw,12,8,0.0001058703814165243
addr_hc25d2yhimjsw9uejcrwntp6o7ihf7mfw6vqjh12ju,8,5,6.89561556033533e-05
addr_dcod1m7gg09t1ezitwbyq13axxkf3sbgycpyw6pj1d,9,7,0.00013904469810591236
addr_x6w4q5fycy2z6n3yarpz6luxj1b94a8htr2cn8l714,8,4,5.4354459450404475e-05
addr_9i4exertaok31vmu3ijr3l3b7278zag9ea6fwgiptz,13,7,0.0001499566282064359
addr_505dbskklo8q5cekbkg5e3o5ltwvjhnsg6b10up2n5,6,7,6.17484661837813e-05
addr_z11oigyymlwxgqb9euedp0s2mlwq2mpusmizktp7qf,6,5,5.764473314605365e-05
addr_quxt1esu9fbs95hyk0t2xtw7xdvn6teil3jxocl8wr,9,6,0.00012814066349016095
addr_h6u6j78jtbppo6q2vjbzo966wp4dhzgviae2qv91t7,6,4,7.044182227659574e-05
addr_2ier7fg5lxmyukkvcsfz7clwx46ir8f5q6iwk2bnjd,8,8,9.086664055593262e-05
addr_mdrwmhiui8delltyp54zv53c04e0eoyoms822f3qlp,6,8,7.57357597376399e-05
addr_pckxoboz46fql9thi64i2fk3ox9q4hx4mc11vyvwt3,7,4,0.000114749183570783
addr_eymysekr95ovmi9nfrucgzv406k8s1hqvf6xtqhf6i,5,7,5.879008499201852e-05
addr_9cj1bnea5kqxfvph3q8q985ciqpuolu343d9c03jb1,6,8,4.3895559415161295e-05
addr_ppwzxjn11gek7r8gyr0bi596uvo0nzpj9k5w2wce5u,8,6,8.416560089616528e-05
addr_teu5hb1rxzyyu8vk9ixs9fmqmgc8vwyso6z5kpy71r,6,7,7.670877915225774e-05
addr_akv48fvzr5ocx7entne6yyihs8pndqfny9jslfpvni,7,7,9.171052964636348e-05
addr_h92zu4e1apzewcq3cd67iogtn4fchiy80wxl2rwfje,5,8,6.52214994274311e-05
addr_tbyq168tghy9pjot7ore2v7ywli1jsex7zz3kie89o,6,5,0.00011602393678654749
addr_12kjtk7zy36nfl22i2z1x641r4e7i6fv4as97ky5f6,8,10,0.00010348580822706179
addr_rt3yuu1ds4112trsqlx45ixprguzyzyw7ukn8gfhjh,6,4,8.623484673473941e-05
addr_8qo39flp295ejabnxnqy86alewlze4cinud3rg79u3,8,5,0.00012048620240095044
addr_fb0nuiacrl780k4idr99vkdpbcfk2cm20uhnrvzqkf,6,7,0.0001325016828915321
addr_jxb9lasypjqkpwycufbat92xo5hmt03wuona3jpuqj,7,7,7.388556282286041e-05
addr_redy0vqxo2dwn717yw1bsdx4w3lnaehpitza7uy4sa,5,8,3.984693801885965e-05
addr_sgq9werx6tp9qopwsuqfqng89vb92g1ipjj9r518ml,5,3,4.718965768912847e-05
addr_8dvz0f493pywbn217g59q6d0ocjef897cu0gm0gu34,9,6,0.00012213507916926126
addr_jji2cydkejzgxocej6s08xod4ewq5bakitkg0fxa29,6,3,4.7471353065431336e-05
addr_9q7zx5caj9ylx8ujms5cxmatv16yq7vfy4avf1nl9u,13,7,0.0001455198108671095
addr_2tn013xrimymkrcl214df4r0b8is4khfzwg2ze4r2a,6,6,5.934805866198062e-05
addr_mxqw3b4nthzm32hzs32d1jqbexgfvnnvbzw5apmxd6,7,2,9.810737601606492e-05
addr_r67357tgyxqrw39hppdrzezpny992d3se2bp4simrk,3,4,6.96165265254411e-05
addr_a0steokzk3df08087ecpzu69z6kzch3ohi7cp82zu8,6,3,6.889480550445825e-05
addr_z7mjou87oud3sj4tkwoyub5tho2vjgwiuzwde7ct4j,5,4,4.2238964024652706e-05
addr_fr7l3ps4igs19kaa3qdu6epkjlhrcu6zdzuh1cx1hu,6,6,8.148615817137068e-05
addr_1u5eoqydv5uqdplhcess1jomvl97hdbddugm01bgcd,8,6,7.775494020103386e-05
addr_bmoddoiawrowlwu4ef9vm81hia18e3syprpl2llwnm,8,3,0.00011218308429206045
addr_hg93ougtj7zuzt5ufojzxhbnjfzlddcgrirqf7abmw,6,5,8.078439519038064e-05
addr_s2oylmqxi9hsn5epbmk5fs2q36fyrelno42c05c06q,5,9,7.00975758579966e-05
addr_wvv5cnmsi32qvzb0qkenuumbjse85c0uj18z5uv6t4,6,5,7.695932604027278e-05
addr_pbuuntwnhy1rma7afatlxqlmbhaqvghi6d0kgn7fnq,4,8,7.002467815565284e-05
addr_bddjt8a4auyi02ln4tthyuxaereulsz69l5tbexngu,8,4,8.110298901695645e-05
addr_ndk5vxrypr10f5owqo92g01sjej4qlw87mmmsco53c,6,5,6.030774134095022e-05
addr_gkc1uv2zx1qf8j6pha6f70rtcvyevb2osj4kt8kx7g,11,6,0.0001597465980836704
addr_7lzn4dtnx6vyn0lj6p1ayzgz3ikzqu08cnweki0uzw,8,7,9.873030824083523e-05
addr_n5224ya5i7v3xpv98i11xr430a43qvnuf8u0svjkj5,6,5,0.00010157045177027897
addr_nisv6rac749ik3rlahztzqagayfw2a9zcd0c9lvfo3,6,7,9.284197851038122e-05
addr_86avnczsf1lbrga9t70rumq8w6c42hfrmuwcjfq4py,6,7,7.507412831321187e-05
addr_1ymehrubsxhvv5dmu4nrwzphunluz8gohgtfmtc1uk,5,7,6.776909397173174e-05
addr_bzc8ehrm7k8hk9wgrsy4qqmweb1fv9z7kzedeuxnga,7,6,0.00010598032373050136
addr_hrbrqg0z6zxi71h3bgghacmo4kawhbchg594gnzepo,4,4,5.687882029319434e-05
addr_f5j6wv6f2kb2e8cnz17pfiobp8w91hzr0c29zze2dd,8,13,8.859496458702963e-05
addr_gobzpe8m3rkl39vel08kklseauzvmmh541oo5vyfrr,12,8,9.218842118323613e-05
addr_6xjurl8m75af4j63ih3t265dx69w519ju123hrag3z,8,5,7.53624047272272e-05
addr_xf36l3exts6y3c1hd9n1o5bqwyo653dyjxm8og996j,5,6,6.79714593171187e-05
addr_iv2xfryzwel8fm4595rnplqmgeq05bwlb70kafavo5,2,8,1.9463238218653608e-05
addr_iyw20l8xjuvtlo3s2ji6bue5h8g8hdlvnklc8lexck,5,9,5.217106078573976e-05
addr_mf9a6tga7ynsqnozsc27434px34vwvedaj12hgqzfg,3,6,7.869329627933601e-05
addr_5y3qimwwtw6p5h5nordhn53tvab2gerf2t23rvzu9e,6,6,7.450615580746759e-05
addr_6wu2p8xlw7ciu0sgrns25xbuocn06xg7nq6976ojm6,2,4,4.098748791526362e-05
addr_cn6r1gu2g1me30p88z9wn2gx2mtu06bytjv2o597jh,8,4,0.00013397439755437113
addr_wtbm096h3vejktq8inbmdey5x8hjnbugop9lzeg5la,3,7,2.8145275421662747e-05
addr_ovsdtrjhel2bm8veia6zt3296w3n6jtem4gool01nc,8,3,8.364242199782842e-05
addr_hkl26g5bwnxj5dwpjfvlt7ouu90ewgdfiixgyinu7h,5,7,6.137574982425413e-05
addr_obq4j6r97upfgrue01ir44a2iunpksnqkwkyt7u8wr,5,8,5.855209070263585e-05
addr_3bb6f05ep4cwcdt9gwa44lz6v7s7o4yc3s0dpjhsg0,9,8,0.00010609953020120366
addr_jhg1jjnsovj625woe9wnqxar3jdx59ba0t9fpcbztf,2,9,3.956424511972446e-05
addr_k0a754w6ikeyxejj787tpc90na7lsxu1glz7ax0ele,6,9,4.672637093365455e-05
addr_62g6b4tsg0s0u50ap1wnsqhacmeyp17x89nadhe709,8,12,0.00013236189649837505
addr_eiyd18opgt9atcqt617u599v9f7ixn359hr9l19gmy,6,8,0.00012902206786563635
addr_qlh93y2yqan5zmsz5dbh5rwshmpa5inp57d7j1ooox,9,6,0.00012610521898924059
addr_53g4sit9o4l13pj59n90dqnpnerw9g5b6wzykq931w,7,12,8.207321853355478e-05
addr_iu8nindahngao1wrd6uxfkdoay1m601u4jqszw2dcz,5,3,0.00014086112267043104
addr_1zn9bunhp3tt12wjic3bhmdjfzqpltgvgfdw4qunp7,5,8,8.449402259509942e-05
addr_t5kf5gfqfokc2gs3di1yvk23sjwaqfki3p4m16hunj,10,6,6.48479879007199e-05
addr_rkddw45tobmpg02qcc3lc2es5ye8phj1eu6gfluasl,1,6,2.5056364971288386e-05
addr_9dlsfwgv72q6egrouc36c3vo4k1n3iz9wcjj27yqth,5,6,0.00010479366721791858
addr_p9u5vi1fodulb45wu9zqqp69hgigr3qegucgkrquv7,3,9,5.3906204571705437e-05
addr_nm9pj8ge32vhyzc85rshnxaidbsld39y7g0tcpzdte,6,7,5.969134711377053e-05
addr_w2g70p181iioksa1334hmtrnchplzn593jkqycjasg,7,7,7.121464650464379e-05
addr_b4ullyv6ly83mmgqgkq87b1zss08ua6oypqpgef4vq,6,6,5.707451589993251e-05
addr_6hjgnzclmcbuoe8t4jkr3sx3ai6parqjw72pmnj1yl,8,10,0.0001304372209298548
addr_8j7lzccfyeuvxjneoblrquho7pscdra0msxj2r7n0f,9,6,9.583655320217886e-05
addr_q85u9bnaf0aezbko3hao8xr6nhj9fl3suji7pihbq1,6,6,9.477563486388367e-05
addr_a1kx7c90t3splt50lt0pasbzotcu51ytneme1h558v,13,6,0.00015454793570256913
addr_us1qfuf8l7viebzy08jsr0p8x3c92jei67w8lgm9o4,10,5,0.00010966814609384149
addr_hs31g5s1gky486faocotiy6oq8diwupkwjz3op9hnl,9,6,7.706066253550364e-05
addr_hy57c34fz9dt2md6t5y7felhdzhwmak5w405d3niow,8,4,8.538835892105248e-05
addr_kiikelj5zkqkkob4lkoult908ql7gux33abg9v59so,9,5,0.00010265752677616779
addr_wgzq89hqo6ebwbfz154jwhyx8abfino8skpcj3hlft,6,8,5.099922765165676e-05
addr_ppdxceqvaccn0rskvtyczbejk1agbq9grm3atnsf90,8,5,6.828455490567814e-05
addr_8b8ry5dzpftapsazqt3cfposusentwgnmvjphp98q3,5,6,9.594985540335417e-05
addr_ztvn5ugog4da4vg0k3zm3jmlzhpfn50yu7hg7gtto1,4,9,4.1887645167233244e-05
addr_y312zzjzmv5rdqg81h0r8qjppgzm983mjn7tiqhjup,5,8,8.610199944651133e-05
addr_elssta6udvakbth7zym8kbqbyn5wz0jtc0817lej8i,9,9,0.0001468945004853097
addr_qdwpsppy4gw8qfr9bvqiuo2dhtmf3v3q5dacxd5jay,6,4,6.801142675722129e-05
addr_sx82ufl9mq11phlsqk7mehzs8f093fl0ellcqsugab,6,6,6.657935600248425e-05
addr_oudskrlvrufkyy2g7ks5wsv4oqc88tjq2mi4o0h27c,5,7,7.080868026483892e-05
addr_dx1fsfn4wesu9b34hi13ad5v0tjk7wpyovaexqm3mi,8,3,6.011229383937816e-05
addr_w9k3a9414f4ty23t3rucvu4kpfnwj2ghrdvqvzy0r2,12,10,0.00012958108823466445
addr_yc0klr7193q1l6ke3hrbhqw8e0bn24n3jhyax808h0,6,12,6.928190842450695e-05
addr_b1n8wa99le2y74wnw1iuwosmsh32lhw8ygmnx9t4wj,7,5,3.628335767522103e-05
addr_yujg1ijodatfz5fv20rjvaxqu0hmcrpv2vlybui8ol,5,5,5.1289329187150835e-05
addr_g906ze50kwd0lbb4yuexyvcubpr0w6u7hkndaz54qy,12,5,0.00015346844072563023
addr_bz2t391dnun39iv3eb9g1xh8ftuzdxfke78mzktoy2,8,5,7.030147831365996e-05
addr_xq531d1kdk2ywfmax9fke4vzn8z4c0x2hyvezrad8e,6,9,9.219802645398775e-05
addr_lsbsuzkcxunawk4mv9bn6f9ocpjidjodqv2s9jy6s0,4,8,4.515710625157389e-05
addr_92wmsj9uk693p483chelhrx5m8nzf6yxis81hbudu7,1,5,2.0718793478219094e-05
addr_9zkz34rjruqzp98fxkop8cxdlg14vsrj6w47nqqaci,8,4,8.252935088969367e-05
addr_y2b73rrfkrkn887tletbw4ybypjqwys36eyfa2u5qh,7,5,0.00010839136290514208
addr_6dqud9u6fmqljg97w88z6dif0yivplsem5h52w1ugg,7,4,0.00010411554251472934
addr_8zufjwfq84gd5yshgpz91kmgqaw4teq3cyfwp5wlf0,10,5,8.64959612245932e-05
addr_texnbs6kgf57vxa7o5rn2e0k50rdh7il6a9bybke6q,4,7,6.274358697842544e-05
addr_8z2a5dv4voue3g87rurzkjgtz2bguvipnxuxn9n6sn,5,5,7.555957655015576e-05
addr_2a5zesbnjwcilb73bqt9qaaj04hoo11gtfgajdde5o,5,14,6.287616776054036e-05
addr_22ns7mpolo99jkx1e0tieid9nal4kx3u32e6a2kgsd,6,8,8.279676536687258e-05
addr_noo96zu872pav80r6hrc0bvak3sx88l567fc5v2k6y,6,4,0.000129191930085568
addr_6acqkmnjf7bdkgezmi0xtto7avw27y3s1zektgej05,3,6,0.00010941793205544216
addr_u943fwjbuoey6drhy1hnxiyyviwst87quf7p2r6u0m,3,11,2.9642721559334823e-05
addr_vjrhux9plg4mm1mcdcsbgev71u2g6mmhzkgtej2uy2,4,6,5.9343938702190717e-05
addr_j35hbgg1n1wolv6fyzuzx1tc8ia52jlzj3eaq3biaf,6,6,5.490332298010765e-05
addr_x3vcl7f4vmlq7nndy1uailljkzpn90wxk06mra2w16,3,3,4.6291429975276014e-05
addr_04yprpaqccgzdn5v38n2uiziwnt0z85prcpkfdtbjo,13,9,0.0002246497156614585
addr_nrptj66jh1zk2qeimj681iv4etumor7i6tves2ri2b,3,5,4.8141743480528314e-05
addr_1loark9024umd38ddsxixwca734f8pmj0hleej5tj6,9,5,0.00012114662027140568
addr_92s7tzys7ho6rrsjv2b9k5fg1ilunbmpz7b5dzh9dr,11,8,0.00018496530265295477
addr_f43vcktrt2we1zitluijuqrg4n57u7od9tspcsyzr0,9,4,0.0001606301523372675
addr_x4fh2b53rvokoibcw7wtll4rzft2m4g1ejcg2pz31w,6,6,6.380778937062874e-05
addr_xzy0yxf64ykvf8chm6gttfpt3piwfpuhzrn72ws661,4,5,6.804838387875139e-05
addr_aa7l6cuo1125sxs7y1qfz5yy1bgve7b25js13l6egz,7,7,6.527033596917699e-05
addr_fqa5frn2dmtx0lhw6f4xl7ilqj67u71iaxm6d9dktg,5,8,6.27077824374694e-05
addr_urutu9im6k6a2znx9z662nruojxw8b1sls8sotto6y,4,3,3.523581416127581e-05
addr_ln1p0vuh17j8qo09vs9kkh4a3yjtu7fbmenui3do70,6,11,5.659070687344496e-05
addr_rwjra14w4ld2al54qz9mrp3vj2xcvtbgkizv6aum96,5,7,7.120380137158347e-05
addr_i5lj4udkhn09pxwj9yl8t9j6jvfb86j623mst9v87i,6,10,0.00012793244354342975
addr_53nsdu5z3umeg5pcpo8v0j074cl2k7cg6ntncpak96,7,6,4.736755029131623e-05
addr_d217n713c46zp81s4y5mtm699u8013f4qsfb3ojtsp,5,6,6.996738178536496e-05
addr_6vqbct82f2g12deiqvei894n1r5nx403nurboo7no8,5,5,6.384259284310808e-05
addr_3lsd55wavd75sj0ytaqwimt3fyldmjds90nwph62wa,4,6,7.078730955376494e-05
addr_9l0s32eot9if5fdjer5afscsvc5zsrfwazdtmgxzpr,10,7,0.00010082149637541077
addr_bunfw8pmrci81kdnb7ndwe75531ofcr8eaot7f5oxa,12,3,0.00013913359818699104
addr_9f6vbcg683kjzzq44v2ebyxmzx9rbazspma6yy35x4,4,10,6.897781176361657e-05
addr_9ii37y3d2fnc3cii1j0f53qb38yhedxfe3jwe46xaa,10,9,0.00017909715352310964
addr_nmu9swht2z595ehmjkl5yo9g89zc35c14svry1t81p,10,6,0.00013607676730937162
addr_4iwtpe74k5djiyyr5fsmndgwjvbt7e0tdakn5zf44m,5,5,8.149160163021115e-05
addr_oe6x2vknyjy3ux5rw4pk8qavbhsuyph0czscpxlpzg,9,5,9.660937184680526e-05
addr_0z3kgaa63lqzhw51kiiyubpn2lebx3ke1fqgux3bek,5,3,8.203797604402886e-05
addr_gtxumagsymh5sze7stqmjhkq9hm3qclw02eux9yz0w,4,6,3.746325168879722e-05
addr_hfy3ykgja984ntahrkmkgptpchsb4gv0nt1bkb3c5v,9,8,8.665844052049329e-05
addr_4mh2d0s1121gonpjakl4bopaqmydmrtxjw49wz6cou,4,5,4.724872102737116e-05
addr_wsgeniy3fssr5kxdroqz3075d0yilloy2i0zkzuu3r,9,5,0.00010618878504980742
addr_10pecpgzv47ksqvqebzo3j2xfeibropfmnk8169kfm,9,1,0.00011693057326230387
addr_nry632iips8qdb9bgv2esf4ndrfdx89i8ywgd4x4pz,7,7,6.589540850820809e-05
addr_mlds7gowh1sij57nbfb6tflnyycgsnmokbks65t2vc,9,3,0.0001233208639436511
addr_2sb8dey6f49ck6qzl0o9896wnrgx8p1logct6fii8j,2,8,4.320257709462479e-05
addr_clk612lg39w951b5407gs9xmny40loxldne3p5xwcj,4,6,5.461731948672776e-05
addr_i9a44yzlxoecm785zd7scrv3honix7kgcio4ukahyv,12,9,9.81115305927539e-05
addr_vvxmlmpdv6swyfzdqyoy4m0aocfig9xtv8bylmnp55,8,6,8.689044814899136e-05
addr_1ihaa7j41681ajlaaacoyokwlca6kpwo8j6oslaujt,10,5,0.00011705666638927206
addr_zsb6zwkhe9i0hn3f9zxqerbkn3dkvr5nbhgpbktmav,5,12,0.00010036083903211026
addr_hn21voeh3uyepld00dkldx6cfdpdy8vr8mv19hyumv,8,3,0.00010577203941909185
addr_vnldus1vtpy2z9s8h9h3yox0plmwy5gkyy7z7ftgq0,8,6,0.00011070148448148822
addr_mwcahc4xo6lri9tnazbg83k3a0nb2lglv1gc5gte15,3,7,4.545687133554156e-05
addr_4ymljyawpoljygr5csip4zlcsemxfwlggpd152nydo,10,5,0.00015239909399788345
addr_59lv7jh8omkebtjtl05ws9azw9frjk8zd1ngt6kcz1,5,5,7.993833752287891e-05
addr_f8d16xxo1b8y7o2im44a2excx5zd4mvff899x9u2sw,6,11,0.00014407278695805284
addr_w2d0gz4utzp9snf2zkapwt2hnbpv8hqnxtxt5iybaa,9,5,0.00010155165852688262
addr_a3dqxzxvkxonl3h6q73z976868e3e7tme7mf4mbg0o,5,6,5.448896007328209e-05
addr_6iaqiijnn0dyk3fdj2qsvlc5aalirpdgz2sc0t8dhd,6,7,7.01938648913272e-05
addr_bsfvzgnng1sfmesthw91hq1eohq9iq891dwixy5j26,4,7,6.44592025287307e-05
addr_j0r43ngbttnwutswvjr67bu5t90047yoef4k2mbh1r,9,9,0.00014675825784217134
addr_pjmf77ibnnky87jzq3s4hvp6p985ls0osr6f1w2fb7,5,3,6.868097821057229e-05
addr_4ionxdn8tru5jcrw6416od9gy0bb57qn7jfy9psot0,8,12,0.00012169435954433158
addr_vcmgu7cdnupmykclhtg09ik4w004ju9sx1l6jups0u,8,12,0.00010663680428547784
addr_oprti84g1yt7skcg6hl6h7lm4ws00azdg19ralf4dl,2,6,3.724882829983399e-05
addr_vh8rk8hcrcu71tl8e6iu2fvzs040zgkex41yngmjnn,2,6,4.277742610884528e-05
addr_2daq9wvvycvrfl5b4fw65ffuegoy3i8lt6acxg0bam,10,2,9.348654766017832e-05
addr_50o6qdmhgist7r659reqyeivo9kgqujnysxaltusze,6,6,0.00010461856747425042
addr_s4h3b2q3ldp5fklulx3w6rcxxyp0rltg4o4c1y7lbd,11,5,0.0001501712250430219
addr_dyuqw7h9sheiyo07ckwyz9cb6omahquv4f62udejlu,6,11,8.108371987555657e-05
addr_2skkftfytks1f3kwbnbpavajimmnstouifjilxn32n,8,6,9.706471704525912e-05
addr_iq14zcr4u2tl08atk35hev42ysfeq8sejr1zc1gu7n,6,7,6.339484427201962e-05
addr_z0th8xhiidejzlmrwgekz3rzljk7njb9wnl6kwo87l,7,9,7.878387425350867e-05
addr_3qtxftlft4r3wqzt9cjqedokbbt6jdzsjxcq0tiuhq,4,7,6.535171442496717e-05
addr_jy3e1bbgtm8ype1fumksralbdgcn3vxsule2rmooso,7,5,8.864500922314893e-05
addr_8ckwcwbndmwq2ts99qmdra50bofosbpr1d5oj51j3j,6,5,6.790549990624797e-05
addr_d682oaar9zjeu7g134me28igbvaqqigj45sraz7w0r,8,8,8.839694001456272e-05
addr_ed18w1t5efmptdy6y68b6ud8skfgy427f50madnr5g,8,6,0.00010230647991791085
addr_bg8hao4w1281dziuruzotapo8kjvhhbuvpo8p39wvg,7,12,9.682321148538062e-05
addr_7azqrzx4z7gg66rdstv6rbm7i2zfijd5gy3cnepf0n,7,8,9.431361035834967e-05
addr_72a8e6hjh16oi3a298dpxh9tjjxci2aab0on4x2sjq,8,1,8.103015645113334e-05
addr_t282a6tdj9it1alhh5sjfnl86o1bxmtbz6um51tl35,6,4,5.821778315970254e-05
addr_ccbbi0tvibe4lmu6h20fep4b6ar3z3yp7k0bl31jew,7,2,5.8723979075283426e-05
addr_k97naopp5bha835c1us0lmq78r0w7u2pu9yfl8717r,9,2,7.326200084465776e-05
addr_oby40ywlsmjxpe1m103qadall89v1hmzu3ydsd9ohe,8,7,6.973638059180624e-05
addr_49nlzeic9t53gmipex5wm9n025qn9anl63vq1ybeui,5,4,5.97355384742394e-05
addr_q3za8e83mtebdud8t7d2to1kvtorp59yeq96sjqa0p,6,6,6.175656423850177e-05
addr_xws5bu3n5cx4xlu1kltj4hj0of4776x1tdbvr7zf27,8,5,9.411330871504802e-05
addr_tjsk6e94xyvvfoyfxnwfso5uo9lah18whs4ot19t9g,5,7,0.00010464899961519642
addr_njg0ttsyiwr4g5jze7qeimbrguhgkuox5orzhr1lgf,6,3,9.638307514714965e-05
addr_hvea4bkilcwsxjltddwg0wyll22fptteuvv6khq61c,5,7,4.882920337544584e-05
addr_ua9qycdgz19uju1v2sh73edxrztgtbgufkcedc8aqa,9,11,0.00012672464268361145
addr_e3jj7eqiul0s1ig56o6sxdkols0lygp1fid64qwr1c,7,3,6.184916814883963e-05
addr_wprlpg7gvlhwxpbrrntylvvld3iia38k0hf36c0ox8,7,6,5.232136964821344e-05
addr_fh519x38d97lwvy2z3fghyv2hlo75tjsd3azdn5llx,2,9,2.778307655134825e-05
addr_l1d1x7ajkxos74rrmyg2zf9exnxyyzbnnya09o6oll,4,4,5.8014830392972385e-05
addr_vpjrmlamb8qz3702zr3vzlh49z5h20axs39dmvhab9,10,7,0.00011267540490552853
addr_2bwqnxf6hyd6i0byvs4c3g4c1arr5tgi7xl9oem0vy,14,8,8.846006074871985e-05
addr_t1h4n73na1t1y3nxzjsgd0htdtqcz6ikpkn49sp8au,6,10,7.57028716786846e-05
addr_rrf6iuft3p1pack3nvl5jr13aj8spqr7e33t8d64o8,10,4,0.00014015856200752093
addr_qmr6qc0ip9lzekt60m9mpbbgro289gs3yozwvepnem,3,4,2.4684373758686614e-05
addr_b2cqagmw2jlkkvhyl9wjd5tmgykbv19085wh37bg08,3,6,6.741833665136858e-05
addr_t9u0ieg9t3zid55otr6uw6hn2ssm5jqje4pqwuc7ol,8,5,8.655912143001674e-05
addr_v6lrlwp47lz0o158j8h19yx6yinw4uf3s9m8yi038z,6,7,8.877315587156274e-05
addr_guigax5sjyzl19qz2v59b4uv0t9nradlgpjmlff3y1,8,2,9.385624159297026e-05
addr_ufxwt4snhfoq0zdlccm4s459jj9gzkvbn9jne7sh6s,8,4,0.0001145823155949875
addr_zrj48l94wozrzuwqffp5ny1li8are104rp59q6pu4y,10,9,0.0001306609606495879
addr_6sapbs22ruw0u92t24d7v911pjq50xcxmsy3paua3a,8,9,0.00010744831344289975
addr_hktpfpf37wojudybuozs2w6x9j4tsbsl9r5b29jyoi,7,3,6.127568444496205e-05
addr_dto8auby5pddeeu2qjw4idne1g3peuoh1bbpx8xfi2,8,7,0.0001810875446625877
addr_zwxyniwomsvrutmwovxco23nbidqbdh7x9z2llmirr,9,4,0.00013529570706815173
addr_dqsaxxzlbsl47bs9kjeobrhfrdlzt31uo9ls2riymj,6,7,0.00013030502363939051
addr_xpezrp38gkd371g3036jv390tp6b8wmq9mgg4t8260,4,3,3.64481384273947e-05
addr_lmuv11rrtj91az1yan1ug4t218e69zgwt918udwr8i,4,8,4.278510933636678e-05
addr_pi648j4azcshdqo86uo0o9g9lg2dgf75uo8vqgx8ts,3,7,3.022935385072977e-05
addr_bfxnz1cglq77lcxly0u76533iczvofznk39spp7cz3,8,3,7.209202252469809e-05
addr_r85ynomouk2c2yjdtuvlyvlkx3ikg1kz4d1g6kq0qv,7,7,7.743905499944032e-05
addr_7odsmjky2ki3sc6bhq7qa2ytlg0mmk9onnrxthwknp,3,7,6.4406260455673e-05
addr_c2dc2ylgjnptz3u02l92mti3px6bm9m2m39v6ft2lj,1,5,1.5054419274747613e-05
addr_wcyh9axfiw8h0y7949yg51gj1sxlvnhvjdpuh4r948,5,1,5.549405229855401e-05
addr_idukqw2w8hdgokmvl6a7kmfdwltrvgh2gjeuho6a9u,4,8,5.189077134425947e-05
addr_ozuyoxgaqv3emsak39i2pd81qpkgh4enlq7q32k1un,4,5,3.734068861215208e-05
addr_1gbtwpnz3wldl6aitvx5eupbzquraeanqhd3e2zu5i,11,4,0.00011296311569769879
addr_zcs50tpfpzze7s4ahwebyurc3lr2l3mpq2daxqlol2,9,7,0.000142940449608599
addr_20pj5tv6gbhmoyt087ihgs96a8puntoqojgn371ydo,6,8,8.591903904862255e-05
addr_wx10036sytr5xjf3q4xbygjgg33soigygyc7dwskwz,7,7,5.181852842789429e-05
addr_ll7nxswbwie8fj29max1y5854yq9tnlk3e7nuo3ael,3,6,4.201853677030474e-05
addr_jwofr814t40f8h3xp9w8txbqh7aplk543fu16ul1h0,5,6,6.083835366868754e-05
addr_3bgrx7hqdj4eh0lzqk5f8i34q78b3t2ynjptsk21l5,7,5,6.46249832174212e-05
addr_25met0i9v94wurn6ph1to6vp2wm8cfht4p7wjxfb15,2,2,2.693560059371834e-05
addr_gq9jonovtggxf2z1u25rmauth2hq027pzlizejw568,6,7,0.00015673232767796853
addr_a250bxe8tsmp0gby8exukx4wg9onh5bfam4w9i26bc,9,2,8.91213884012786e-05
addr_auinxsmi614q9hoe8bx9fv1hg4gbyde89vvnx4mg9c,5,6,9.379002610457038e-05
addr_1qrri90zvcmmwk4x2h63dvn4nad921b4dbompp4232,7,6,5.801760433179638e-05
addr_8ozkbxdoyzyj1cninbo9t8kznbkyoxxn1m39mzip0x,9,7,0.00011893991517888779
addr_4e2r3mjvpi68g5olkromolgzsa80ng1kjywb7717aq,9,7,0.00017216977084744738
addr_9v2dc1vp0edmr15fe1cpnww8k3cf20sxcfd7uf0yt3,4,7,3.668603122286319e-05
addr_h56uyo5wl8yq1fcww8ai5vtvt4nfme0r4eg51ul2wd,10,7,9.141102486607701e-05
addr_6u2dwtyf30clfdhgx6whqsuufwuw748lgme04g4sm0,4,10,8.152669668508689e-05
addr_7olonruy36gps4wxmp3sorckvvkoufiq487ar4i8ih,5,6,5.569771532087807e-05
addr_uocq0tfc7ppx7d6avm7pcu0m591ybdyzo00w1tjloc,12,7,0.00012832579831943388
addr_xa8f084cvno5q5l56kzpdy81mvmafz598ox85u1lh6,5,7,4.8413501593268947e-05
addr_q5yuoi29ssp2xl24ww3swacqs7pjnun4ci4dllwxap,10,6,0.00011231114619840079
addr_7kvfu98zd09zx4i3akv6lz9or65m27uu4e0sfb3k2o,6,7,5.714029598538957e-05
addr_5f24h2lncvn0xwjkgtwsnpp9jht82gqjiti5knmww1,6,4,8.47557099767274e-05
addr_kggwtgc2hys0a9bpm80ji3a2fixrh9ha9gn305r0l5,2,11,2.5355594098668058e-05
addr_uqht8irghk02ihgqkbwc0t96zj8yp1usktl5ghqaky,4,5,8.916455190535181e-05
addr_lfssdmjjcht8lhjs4tf3j64k2p4c9h4kx70pjwkw49,6,6,0.00010140606479206615
addr_xvt5322o1liymwl7gfrd42ywbnggjxix9d20gt5cta,10,9,0.00016086277135540124
addr_mczicwdnx75clns3zr74sp3308ezz2516qmcy0fflg,7,3,6.123323564904666e-05
addr_k6zkpgpki44iso6jc95mdg50ns3ojiy7ksx6s7ranm,8,4,9.418926293848343e-05
addr_eye0ncsah420pgi6hbfvtv3gtifksmqzqc0e99zwb7,6,4,3.849470560830147e-05
addr_2qay8fw5h3oq3pnr449wglu438qtoy2diubxj3i87h,8,2,0.0001460855200640425
addr_hamyou3cgfqnytwxqhl7z8rsr2lbrlhq67ildmfg91,2,6,2.13174885156564e-05
addr_bwntixrq8wtvg2zwav8docvhne6cu4fgb4yv02qg47,12,7,8.751792119980299e-05
addr_jjey7qwwo6nlpvec9t5ahc0okrcw9ibgjewvpg6vc4,8,7,0.00011600220181777827
addr_j2qp89uzfk8ut0cvs4f8cgvyie6ivwpvs7hzioykl1,9,13,0.000113546468389861
addr_wr6zozo0ns5w3jiwlbpb1b36s4y1rzgezj8zd8qpdw,13,11,0.00010730226386323775
addr_br3w37i8ailwilnzg9bt9xylcn5yh87z24xwexjj0y,5,10,8.851132879284265e-05
addr_8f089sv96beq9a44fjocnuynpcs0evaxwlwjue453k,9,11,9.746936604967073e-05
addr_m4qihtbqgod16f5rp8biwav8k4s4rbswya64vy7aba,4,3,6.345062747165172e-05
addr_xo1qaonhr36u60s8z2tkzoqyrsrm0fhuow4h7ypj0w,10,3,0.00011247495824414672
addr_cc62i32ph6vbx8r11b6mofxs1q6pctvhsa6ris0n2a,8,6,6.72258559651207e-05
addr_wv18ky6snhk040url8argnk3ddkx24dy8hbijvhnof,6,8,6.013795058153754e-05
addr_zo5x4p950v527m7k4a6l9u8dvrk6y1eiaiha57wnd2,7,7,4.834203663763646e-05
addr_kevwq5cb5d1ccnfrlen1zplvlja5w7xskfoqxjjcw7,5,9,7.766117852672555e-05
addr_5te5fin6157fenme2vn2x4ue8lle1lqrbjot9s0vrc,2,9,3.02307172393876e-05
addr_5zkv95ojz8633rnavwljj5nj8s9eb58eic2yb5c1lh,7,5,8.163473180060252e-05
addr_iv4vb3gzwo69gw5ck8ytps12ulfxtq7qxlqtpvia5l,6,14,7.539035876910566e-05
addr_j9d94gl95jjwaqedc3egv6o7quzoevzicho8hmr1rs,10,7,6.917681316417924e-05
addr_ls04i44xc2hzqosjrg0l0n4c1ohsg73z7zx70t5b3o,4,4,7.887185449920349e-05
addr_itycskqwdtjusqsdtcrh178dlj1cbwnx0v98g2y0p1,7,5,8.122648485553063e-05
addr_iv3djuq9254z8aev87u5gf7op1dulplxuvs5afkamr,8,11,0.00011702309971989397
addr_ph0px3nesk4gpi4d6423ck55ektwngpryv4jfls5ty,5,5,9.80327694940093e-05
addr_nu5we9l5s6h3hpbvep06l2b0b7b12trjy9ohn4goc5,8,5,8.200192236872846e-05
addr_hv5b3ir24o8qwdn5s1w9tq1a0xdcppocbdmr3aum4s,7,10,4.123201431918326e-05
addr_j4do1rqi3rgeh5vfg8s46iyopzca701d04lh81vmcw,5,7,7.046940642167093e-05
addr_5yop4u8agztv80l6dn1zjl8b03vogjs1q5dvjeifc1,10,7,0.0001072413167524219
addr_yarp8o8qrz34ajowtn8lervlubslma8hcdwd92ly66,5,3,8.868867744141257e-05
addr_hnyl1ftygr30vicv801dds123r4jzorwz1xfo3776t,2,8,2.9729367543243676e-05
addr_m6vduqdji6sow4yif5d9rexpfsltj669rea3y0xaob,4,3,6.419882067879369e-05
addr_rkf4ht69a14350q8obw3j6sog2lbwtbv50hya1w3rr,8,3,0.0001321800932297659
addr_dgjy7hs3y9q7w851vq0jwnao4ybxxsflraxm8j7oy4,6,3,8.483375903968319e-05
addr_qs2z2o7pctrhn68oym66dt6jmkt3byzwbajw23ajnq,2,10,4.023032684617148e-05
addr_05vc9qv0y8go1hg32puiueszyaqd5zbjn2jsfm6k6t,6,6,0.00010317692683260855
addr_ymgn5pfibkuspq5xvvnt49dqd10zz3nxgc1z3ykdkh,2,5,4.108549045789625e-05
addr_x8ns010ggo4yt3euj25bm6owssmyyg0h88cxyyo5mx,3,4,3.831655389483823e-05
addr_u8wb0klutiph2aeqqk7ng4a8hq1svkj9a5z93j0qmp,5,4,5.990055159347393e-05
addr_vlyqpftokd4xh8yn7hirpx3ej8e8boo00y2a393pn2,6,8,0.00010225707974672304
addr_5tzdbcga2o5xyy05ku21fo69d0wxdysmcijo7fjje0,10,7,0.0001410607898536995
addr_pfi0kns09bef1efzmr2nwdn9q3ulaopoww2c4vi59s,5,1,9.450350246251325e-05
addr_b6sp8p875mz2cina22k8pul408wzujm1dewd9j7keh,8,2,8.598206066883763e-05
addr_bcow9u7yj7ujdedvrka7tcrcqpwc3et7v4e8rb288r,11,5,0.00010353179000453244
addr_tgussd6sj6h25b1oonvhbqmdyqkwmtkeiv3qid653r,6,5,0.00010840982119104591
addr_zxx24fmif5ys71sj9quauzqs5n2kmwszg5mva88r8m,9,6,0.00012309565479953777
addr_ykwr5cpkzk5sdpkio8xlshfkf2fnpavj7domzgavcb,6,6,9.793284774867405e-05
addr_ybp95s3m0mvdu8ztcjir4p3gxrntd6cgohm921ravz,6,14,0.00010912451416836409
addr_o1ffrevqdi3zak3cca2tdd3zq89cn7r0cmi63zhpa5,5,10,4.0734999325746245e-05
addr_y44goedntmyw8m3mwfozfc9hf5lls7iryyqzi7qk23,8,7,8.793487386815362e-05
addr_x5uw1p0lfjk56h7s68qpm55qqponx0jvx8cemnwl3l,4,9,4.986483627358783e-05
addr_dl2zz2gikc4qbdl9zmphw68g7h39k4j0iuvj2o0j0n,6,7,8.693196609083527e-05
addr_2rbrl7hzzk1bhnippzxua0y7i6yc3dn4kmxll5qrx4,4,10,5.8020423104926444e-05
addr_tc8bt0efosy0vy4quhq0stkxlfgsiialnzyzkunui2,8,0,9.988437486627665e-05
addr_lhcszwpfiq4305fz59sv1sppffgx3ys8k9kjp7eksu,5,2,4.4485835452845216e-05
addr_w921fgmyqbrs3xs2pji0159oaxta8r80n18ms6806l,5,9,5.8161283917428895e-05
addr_6cob6ym2xvvutytud3gfmaddpwdu9i46pl9ncm7f4a,7,6,7.359349060517325e-05
addr_7gep46qer78cp2cq6zz40ij67auwdj5pz3tbkgapwq,8,7,8.50203215520875e-05
addr_73tggrjbxq75dp36f78jawn879f33cbudjq2iy233y,7,2,7.791595108658272e-05
addr_kjp220ghr34vp0y1w4fxetnro8vx7ptxf1n8po2kvc,2,6,2.7011023255605635e-05
addr_3k9h2hogbv9zudixojfwkv1fyg2z8f9uocf6rrwpxd,5,9,5.975771817030885e-05
addr_vezrzfmvy0toa2uduuopggx0q3sgp4ngsxrpnrfpji,3,5,5.595019142527045e-05
addr_xvcjxbmtnr08dupbm4bf6jyli5go8sc3q3l0smwg8v,7,4,8.915528909351808e-05
addr_zptnyofdkw3olobmc14orkepgzhk8xmap3kd8t0xbr,9,5,5.418411987514076e-05
addr_2ueoqlouq956hpbfexgxxhqbqlpf5gr8gprq12sqp1,6,8,5.790106249851405e-05
addr_bec51a1dcje81wzjrg318f6e8y7qd8n29iprckeg7a,3,10,6.568149595355509e-05
addr_s3m5ourol6biv0z5zpxegq4ppajx4b0a4sk2mlfdtl,3,7,3.0091887006710175e-05
addr_rdhvfpnsiraovzw25pnt3zgpa8qri7pxhiys0r02mw,3,6,3.0748201683250244e-05
addr_djios48qqg5h2afi89rxb399t16stmcq2qp0apl260,8,11,0.00016193585848921658
addr_yijaftpob8f8ho89d4zenbxqzmek4ekxf0c2fu6slu,6,3,0.00011434218755157285
addr_auk23l9yvyo2kvaxc43u0kgvuj8grsb17ustn01usp,7,4,8.189072983823996e-05
addr_y1ou8qbix1ipumo6u34bta5b205pewmrjcdciuza52,3,5,3.970993627881983e-05
addr_30k2vvyooz8w56hljw8ygr1f7r2e7y86ai6jzj38zm,4,9,0.00011727215657003223
addr_jvr5kl6bqbkicps6l9q81uhpb3ytjoi6jkn4x3ahqj,8,5,0.00012102321415562257
addr_c94twkc031vglivho8kto9qesos0zxkqkp90ne6yiw,5,11,7.588502836611716e-05
addr_c9fcxsfpvk1gi2skqy2nao40lol4bgmfz6xko6fbcq,5,6,4.097561428238157e-05
addr_moaxvhvofc2y0m1ie9pwyq7iau6yqh5behlsh3whuh,8,7,0.00012412277785833834
addr_jlmlyiledm2gylkavzdhml4hdt4lba8u1fxeh1gpp5,4,9,4.6758574904544735e-05
addr_xhuztoci5wdjvfykfy8wlsnuwln8df3i1omczhwgid,9,4,0.00015583593838723104
addr_gdzdh0wc48lrehl6xqria5wg6wec90hdgavkbpb6yw,7,5,0.00013938967169077902
addr_0m32q79b3v9b23phnn7plms9sjk7xaoctsaegedssm,7,5,5.324848539833879e-05
addr_nd3qpn1hy6m2kgs7afyn9s8xnyer3q4b82o6gjy4ny,6,2,8.800613035512713e-05
addr_7pyzzlkq3dyfpydql75jxakm7mnhozoc3hyqbyw52h,5,4,4.591097718516035e-05
addr_y3j45fdmlrsiwofam1k1en18x3lj9f5u8zoamnca7q,4,8,5.33644990340166e-05
addr_nlh4n2fxred9iad48kx9rkq4anhgslmsw1e3wzwc1g,3,8,5.2099114045513515e-05
addr_zmchzhniledw3kzjgxuxpzg9nb77k1ajzouq4wr0np,2,7,2.4782284504875124e-05
addr_ujz8uie1jgpznuhw2ghcwty1jkcqta0mqx2dxl4cto,11,6,0.0001535318173619437
addr_re8gg21d6erqmcgfwqi91jcjppa6evhn8anmn535v7,6,3,9.230271246494385e-05
addr_2jhdnk22e0k4seps62d631xkyhqa5h994f40li8kaw,11,6,0.00012970722007389827
addr_vd94sxjrvsnc24tirlbx5egilcgavtmyblf1m3xnmh,6,8,3.429080421833345e-05
addr_xb4ynm8emm3vo0nw6a340tfxckziscdvl9e65b3cs7,10,5,0.00010424350702956108
addr_decz2e31zfs60lttimu0ddzx213fec6vshpfxrq8rw,8,2,0.00013935237582013549
addr_m27r2ifuei9l08enzj6jeym29l7a8spttioyjkosub,5,8,6.864272438310404e-05
addr_mpb8hnmzhg7ce6qtjferus37i6vbdee3c3qt889t8g,1,9,2.1187711663697003e-05
addr_syuw8lz1d23872jqy4ah2rxvi82ec0izbaswgu6crc,7,5,7.21360059065203e-05
addr_rj3xa68py6fqiczat02wzdwhgztkh03c0eyc8yv65o,7,6,4.6572067061046766e-05
addr_91hscwf6ior6nykotvznt0k87ngushll2m447xp649,5,4,7.436642536192239e-05
addr_zgzx4198istimt6714si9p6mqpjuzdikg7rd5dzgqk,6,6,4.890199807420526e-05
addr_rffuefzk8ywvkbimipj6slmo6viq157j91g2g0hu9y,12,7,0.00010453662228022545
addr_tfyozjk9134zmndfxigqtir34dsd3u6tu9ob63y3wm,4,5,5.869966588792781e-05
addr_htzrrjk5a4rgfnirohy1o72b4f63vetnsm8x7pnv7h,3,8,2.6717286636365246e-05
addr_xoirgnoert0bl5msqxyw52fh592t76zvrg46mafmc6,3,9,5.698473589331415e-05
addr_r2w6ky9el6t83t73m03lb2oh2fhqzo13y8vikgxfte,7,4,8.718407177932929e-05
addr_4dnix3i4hv2pqcdwsaj1y5l1fl3mhbjqf77zdogwmo,11,8,0.0001619735327324221
addr_naq2yotos87mvz01sosr2hvnkvonnlhapwf520xkia,8,6,6.989852784643757e-05
addr_1yosfli0t3npn67stybv37n54yhzf8vzeertna6az7,8,7,8.537854402113063e-05
addr_c51gj0n64cn1935wgben7uwmeipyijj0ulrwc4xx8q,11,4,0.0002370917204110036
addr_qxtyelcxrs49kqnaps18ig6jmp65w6wj7mzrsacax0,3,3,5.1751220085778655e-05
addr_x8ndvbfn7unjxg6qj43vw4zoviw8m9wcdek0ekqm9z,6,4,8.40692004949193e-05
addr_d6vnk6cvyyck0nk9hwekfdie1v2jx8tjsq9gu9vxqu,8,5,8.981111423092307e-05
addr_6dt7b414k2dvbklf7hb8f8jgmpae9ty519wlletcma,9,4,0.0001615257259639037
addr_z10h6vsnotluf8dhlzg160jwplxlk7clyyc1eoa47w,10,6,0.00014100204784251946
addr_mrarwm8dvjcqvy7j5kggrsz4mjvvvqm4u2rm4xww92,5,3,5.0977503194374315e-05
addr_s4f7ni7rwwrjq6qpnpn728zhzd71286hkfd9jmz5k9,3,3,5.579157171165782e-05
addr_llk88x9sdkfkjainw3umnllin1ao5ad1awiook64of,5,9,2.745899583736562e-05
addr_pcxgrfyuw19wp1prs7llx7yisjou1y4s8a4otqw7ti,4,6,4.552577190189012e-05
addr_ycc63e6z4cabekscg119s377fdg6b7kt7rsj9eqd5e,8,7,0.00011813205697199735
addr_cth0cfreyrpzc4a6csg6x1b8n8lzxc2m67wm4paid4,6,5,8.3446481501618e-05
addr_ad3ta1i8dtepiky822u34hcxpcsz7q20184iws4tiv,7,10,9.501958319784492e-05
addr_jmxils76ht0ji8g8bs3zo3d9zlmxu0z1de78telqy6,11,7,0.00010313255470508837
addr_myq68m3j56viylm4evhyz9xba6twgkv72wjpdaszrl,7,5,0.00014684618434467807
addr_m9o3aarq3w0sabpch7heq4j3xhxe62theajsd2wws3,10,5,6.280892900679963e-05
addr_ojyd347smgsge7idu8mwlack0fiwu5or4p2l8iv2u3,10,7,0.00011972971010306332
addr_by3x4l98z7p8zlxe0k6ghvunvjjk7i2sm5e8raursx,8,9,0.00010110704204887758
addr_3jixyu4x8tfutavps9wbiuiehrbhyggyh2bv8btvex,6,3,6.403384168750141e-05
addr_fewleg1nenwiz9ad5y2pv7wyqk3tgzi4flsjnp2hxs,3,9,3.375399767034587e-05
addr_nvq8y5k3nyufnmj1ortzavr4dkmrc9q2t22acqw3lt,5,2,8.137318145270649e-05
addr_fdtqmi5a35kh3o59e7b92tn8oq3t7nnj01kmzoz46z,4,7,5.639517170132618e-05
addr_pbv4wkp21okbxspvjn85zqojuphezu7s59l5xn4uns,3,4,5.9102612156686064e-05
addr_5sgincyi8c4895imsgvt5zyds5eswsnlxobdkt1a4o,9,7,6.871511900109917e-05
addr_we2jbnddr5ibumdab46tqylbmdkrv51s8ezutp0cmo,3,6,4.36230421198485e-05
addr_pa2f9ob13ng137z8ewrp1ukmjviwdkamm2yw5nn4wy,9,11,9.657273745209841e-05
addr_iggnk5pkr4e69w1u7zfhh3v6k6tg0senkgpb98v71p,10,7,0.00010179373550987
addr_mandnuiyz0balxyu95g6uflj1klaivyk2pd64fkrjl,3,7,4.085107876135939e-05
addr_54ppmvcf2u40s2wxy30ps1z0jktjswmxrthxjt30dd,3,8,3.58459024074629e-05
addr_6qnstbp9b0d65h0r0n7q8lkf4flhqayjkbbpul3f96,3,7,2.2882339252256477e-05
addr_pia5ixstahvy1wknxuzisgjkbp1l47qdynw5ll76hr,5,5,4.4023424590155185e-05
addr_bf2mye3sk7swryqfsveokvyckoqttqgh41u028w8tk,7,9,0.00010427633100481365
addr_0r3ininroa2naauehs2udq62xa9xv9rxus0yesnzoj,8,11,0.00014471061567120338
addr_u4cbl0q4m4b2q5dp0gimmheke7cft0vnqst6bcqa3h,11,5,0.00014613167856449415
addr_ds2slr4ehmw5mxvwbq2c6x3wn8aard7dq8vdgwmqeb,8,6,0.00014782229434568098
addr_uog6m3gxz4pm5vtnngrukb7htf7f7ffx3hf40qiav2,4,8,2.4293395838539714e-05
addr_w47dbf92dl8pep39529fnomfwe9oo7l0foc7n5j9iv,5,6,5.1315964812384844e-05
addr_t9i64377y6mb6raixbpsw2c3f52kqfcbommcjtpyzb,7,8,6.0052226337197764e-05
addr_9o21tro5gpmxzeit352h6rg0yjc2w5w0srrsjmos1d,8,10,0.00010797028527803143
addr_0y5bec87lx0g7cyelj06vmc337s7i41uhj0ju9m3nd,9,6,0.00013524680625251473
addr_kasaig31vgw0lrg7q4e2bongbmoy96jedq67axdc0w,6,8,7.478385891226589e-05
addr_1hhlz86v6w9bhdjvz0wjkixxjuihmxiy309lwlyrr5,5,4,5.718035431111116e-05
addr_wah5dnezwegmsca4v8z1apfb9lvzk8nedo2q4xo8g1,8,7,0.00011525694594165936
addr_vcb1yntpli69vinxrcze45xpiayc1y4yhga6rpki9t,6,3,5.7800808292646725e-05
addr_kwczlfydlxo8ws3jth25yizlgn6wbctu0ph140ojx7,9,10,0.00012381779419483622
addr_k680aclpj0i39ibsuc81hia7303k4ra14dsrztksvf,13,6,0.00015403107496152131
addr_3rxt1c6d81v57j7d8qj7f2k3rgnbdb7mziqobpuqyg,3,11,3.743018673418875e-05
addr_s6f0fuvrcfq2vrlo3whq7sls8gux17sa1m7i0q7qgt,4,9,3.601326478316553e-05
addr_4hh869lnmhegmll1cwvhavgkypva96zci2u9p39nu1,5,4,5.999699766646137e-05
addr_p2ylsxxgomkdlfyd6o2nxxxpxrge0d8sjdn2zw42nf,5,9,7.323030572363781e-05
addr_axrzhxtudekzfbmww80pphvhiynn5qrq48u5kq60zk,4,8,6.602914723459116e-05
addr_39c6eqt0eqmstcestdfkmyg0e0669hatpuq8mckne8,2,6,3.7443021740477996e-05
addr_dnz1rkbgwt96cxpm943i978r7cejx7zr8jqyv4hsf9,8,9,9.450194051293055e-05
addr_nlv2fysdt7w3ug0yfk6r9ix2ponvihzqa4jkrvos1g,3,9,2.419489561134137e-05
addr_5208vftwokszmsd1jssw48gmcymhf4qu3vmuro5x01,4,9,5.118390325373668e-05
addr_epwxfygx4ugtr0u4dy36nfeuevxvp9utlonjzycj79,10,3,0.00012181925307998246
addr_stki6zyyeyaqfqu2jt93df3jqbqs9wtsfz1q9rs7jt,3,12,0.00011302802550023963
addr_bsaytvv373yovstunupf529sog9o4ve0x6xbox4fe4,10,8,7.351160801546714e-05
addr_fgs9lqo2mz5q0wace33ah5uo85fh7f9mr1757555rv,9,5,6.215325563522349e-05
addr_ytho4w7ky143z7jkcl7yymbgx7vdfisapvk6a0bgwd,5,12,0.00012228777678917837
addr_syyzrcjilsvomrz90kozqtet7aiack9epn6tbspwyj,10,7,9.919648346187014e-05
addr_ebxgkya3z5ncy31zr7kq9mgm5p39vhg9p01zulgtdt,6,9,5.8401238227951355e-05
addr_h42m44gv3z6bz8uug95rlrdihsa7hez74lav71448n,5,13,4.594027365472237e-05
addr_sxu60d1bnyg4wmkqazvdqm2cxbhdc8hwya96eiz0ek,10,11,0.00010017120822657434
addr_l4zckhn0c9z4bxzfy96p5wpeikz0629ckybv8m07nk,13,8,0.00014800016935107518
addr_yev49kjemh4q8rcvps57tnmwzd3om7ywamvvcmb5hv,5,4,8.170665307188927e-05
addr_0cwxqarjjgenbii2e8qygnouf3q2fmrilstkpa6rp3,8,4,6.0226750613457785e-05
addr_jq9rvn97y8xltnvv1gfbchz6puf3edpvgnyhc1rhlo,8,2,9.608184700126112e-05
addr_dnovz6u4ggiftvevh518mo3z86thuqm5vt8qg6otk0,8,8,5.982437830549732e-05
addr_dm9k9xn0xprpad0qx0ymq3ary4scgxhia9j5rcz06g,4,10,4.498927352659667e-05
addr_4dgsq9b06wsajh62b4i0ihf55zutsgk0uograe5alx,6,12,7.988286339124982e-05
addr_3sm1e0ajefzrb5e50g9ql4o7k5rn501fayzaqbxdsr,4,6,4.822273296359191e-05
addr_dq9loq9pkyj2m1kjderaj6hr2envrgo8x1452qmxw7,8,7,0.00021065201253631137
addr_i1yaey910jy8zpmpgjigdpi6wbuzpbup0bxe50zpur,13,2,0.0001019389004604733
addr_1f09nyxjpiuy069lv20863hhq3b8s67jkzwfb9crmb,7,3,0.00021234595852310598
addr_r4x1pxr0bnorxwx83znbxulhnxmd8l386mzz6kw5h4,6,8,4.574125477050954e-05
addr_jxyn8rxtg69d7gublpumqy78gix6wugl80de0q89vr,12,7,9.193140329056987e-05
addr_k3qqu385ld0h19agn3kopzsjzcao8zrm2z5xj7v6yv,3,4,7.959982789307843e-05
addr_7p1xkz3w1e90qgcctx7g7t5xnrw4nujwt2qyx3qxc9,4,7,8.2431167146372e-05
addr_q1m3a2v818iqwlok7gbupl5roszhx14a80q15fqjit,8,6,0.00015372292924378074
addr_m7qoerbr46l0gk7u2xoq2oyfr9p8uhyvtobmzqhams,5,9,6.641166514142505e-05
addr_alaskrxw53asybugjtww9e4tgf5akcjjkq4eykw3fa,7,6,8.674153347295556e-05
addr_rdfeth7byc616l3xfner558ecax4ceabl1ngvy5o2o,8,9,0.00012942027427795096
addr_jjh6632uprbd783ty4wtqdd48y1je6r29iqqazhcv9,4,4,5.0215433948566276e-05
addr_akp1qt4j706i1hcrdyipipnmsyepxyrkxlcn1h7oko,7,3,8.860314250305973e-05
addr_3jxcx8cds11iq4mdifscat9l2gaa2ybjoaz90on9ws,2,12,1.8501096347337167e-05
addr_thz89pnlf8t1xq6oxxw4a0pc53ye5ob05f6kfezy5p,2,6,3.150941353115173e-05
addr_01g40ir0gab2cxpk05ya4y34yyfgq4iegcdrzjtsjw,10,8,0.00013003845198631834
addr_zoumjp0yy7mshua70qu70ou5az0crlp8m3dbgz0xqa,5,8,6.22329589836438e-05
addr_bjiaq8tz73ye9x78nhb0jopz2jaxeetzg51izlofet,12,7,0.00013899892399651094
addr_w7o5hf6xzgenb7wdbez7kifb2ulp6zv19fv6wzeli4,5,4,0.00010063177257516063
addr_wpx0i0netovpffyw2ly5km6qflg8elxceme3x25scx,8,2,7.096454304673824e-05
addr_t3aj36jj04ej7z2s5231kmvoscngkwki6e2qhptnzc,8,2,7.262543375084186e-05
addr_1exyb8z8trtm477y6zled1lg8y2wgebec41rn9uq7r,3,9,4.531063752482659e-05
addr_cnfu2hersnun446q16nz7dsonkk1jxpp9yvgipaxnq,7,9,5.6845694172081656e-05
addr_5clhxd4i17k7saqoc113u3oa8zm5ykq2yhuf27cfn1,3,9,3.439036688006261e-05
addr_saywmdwjmix7irkoptx7vrin3s44t2zcdn9v162tbl,8,5,7.35701625462776e-05
addr_2tl7md5ey3qumxnq7or9s2i9m65ubbossuoy2h61eg,4,5,3.32515706366027e-05
addr_nsaqw3djpi67ocg09mwu0f35r0ht2r32nl2awpu0nw,6,5,5.0785202216256166e-05
addr_x893crgib21kfyakfl87vcdgh5r9kummvjhbk5lqfo,6,6,4.7268778544518264e-05
addr_rlimkeijpbqik6hxmn4f4r46hen71n2oxcqekhq56h,4,8,6.307133703678662e-05
addr_lm14astwqhvfobsdkuxt2bj292v33pdtsww6vt9xgm,10,10,0.00011423782927068456
addr_lhfh304t24jjsy6vo23ammghgik49vd6309p9akfpd,8,6,0.0001172254796238839
addr_zhbii82locbohpfx9gyc16ywd43js1nybnrxfcz4bu,5,4,6.804793201910415e-05
addr_gcvtuxx1175z9xzcr2xdobd0v60ovkqfzbl9pea2p3,10,3,0.000157730916858787
addr_o75r69f6zfmo73uskg4twdi45kodqciiwrr188xz6n,5,5,6.984278497421386e-05
addr_yuab687a47jr143ttb2tpnotje7iy6lhutycsb0js6,8,4,9.512666256698e-05
addr_ms2psri8rp4kglvrsp2ec4mnfens98ghc9329p6x7z,5,5,3.213979648649789e-05
addr_dzlgq5v3vaa39gm2jo9kytekn2ka9ssdieykgtaqrf,4,8,4.1538458685132155e-05
addr_x1bs2z6d8li1333xmoj4wuewp9zggdh8eog3malv8z,8,5,0.00014120463778878982
addr_wsyf2q99427itir3popdolxcomi9551axto8d8jypa,6,3,8.88828330452637e-05
addr_hox5swgomfulmvmhipa22vai7bcqyky4in3ws27gnu,7,9,7.018005849600644e-05
addr_nkz0asoiw2scsi6euqp2x5r3tq8mdeq35sf24pm8m1,3,8,3.354414732836839e-05
addr_otmzrhzpfoa0l88qg5whj0ca7t7n3uhu2imysrg7vu,6,1,7.140451371370033e-05
addr_ndupnd29v3anhrummtvdn4p0l58jqs21ot0aw2059z,6,9,0.00010177630821388533
addr_vfua9bq1btr23qiua08ekxdrkz40aq15o2nqw4c6lb,4,16,6.360207872089552e-05
addr_fikub7qe8s40zesv6gy3un5dl4jbhnpf23zh2oogrv,8,5,7.861240965282938e-05
addr_a8r4ou8t139v36xnht7degq8pf2k2q2pay6gybumd2,4,7,5.234716870185906e-05
addr_8pdmitrnwetpbf9lj7rq6rq5ojuzyvozr39szwblqt,11,17,0.00012654426559070343
addr_1yaua8d7204j3m9iqbq9j2h1tlom344mw04i3dzxlr,6,6,0.0001036029890173418
addr_wf46j3cewf61dbiw1qu0xd5880f5nzpvjgjvy5c90g,6,6,7.505851847156308e-05
addr_qq2b1bk5pn6bcgx8el1m8p5kzhzgjdpxh4450xuzja,8,5,0.00014177067826695483
addr_frx98ggy6szgn8do8rh78udu9by1n4jyujq5nyuj10,7,10,6.855909925264131e-05
addr_xqv8jx33bduzcizu23ar3rtlxfv712eep0oonjw12r,10,6,0.00013235952886966234
addr_zgzvxh5uf5iecf5866mwrxdy1x07futxdatsfxpql7,7,11,7.35978149619103e-05
addr_jstbh3vrvzsy0rnoaayxmrjqlz7utel4mlf29vam07,6,6,9.698562380056975e-05
addr_ftslox0r9igov8shjyn9cwyw8nq3octuz3ssvoz3fv,9,4,0.00012853256528166403
addr_8gec7ggpb9767jwx4rr8e7iznp98krnslvvi8ohitb,6,9,0.0001452528797691016
addr_kwhdpdh6lufjy09kmtdcjeagblxvq8cpk6skylyvai,8,4,8.821817989893515e-05
addr_yq9ew149kbizokgs4kbut2xx6oh0lu8ecdq4gz0iud,6,6,6.447797056153713e-05
addr_xic4rrnldubylkxef3j8jcfd9r1sdava61ckxpcnt0,8,13,0.00012726013242195776
addr_fc0m9mv19mhx7y0kr4360m0gkbh3k63hrcrlce5tnp,6,8,7.376219788289307e-05
addr_72b5tn1rk22iqfrz5m4iy68gdu9v6qt21ni7qy4n52,4,8,6.343557069012191e-05
addr_7fo4gwqn92vb6ii725eiqp87d9dcm9j6cbe4zycklf,5,1,0.00010315085814152941
addr_yzf8zl69nkju8zg9157kokymmbojbed68t0e9i2sh4,3,7,4.104624904704265e-05
addr_vlqn58uidvkk9yzj21hht92kz86pcvumudypi1mjnc,2,6,8.231205399108858e-05
addr_8fyqatfb9c93jasw35fbg84tdfjplaznkw9teaaot0,10,6,0.0001253961294424924
addr_4bh1jtlqsp2thai2yceikrvoe3svpagxhc0jbto5g6,4,6,5.206242967822876e-05
addr_11c4mthvpsvahbjwk06et31yi0ptdir382uu8badtv,7,7,5.661501305626009e-05
addr_usojrt1ujvqwt1c7dryhl423dva49x0f3dlenv6kdf,5,7,7.890156931288985e-05
addr_9ukl3k78r5sx37od9q5tn1fpvtdrl3n2mnrzodpcmq,4,9,3.0394864306427854e-05
addr_mvwtpbtt52qcvx1vaqg72gt7mi08v7zgfrrs91gpdi,6,7,8.59960896559492e-05
addr_p180dhc09ufx397gf3ipi2pq4cnhqhm7ywy9svl1cx,8,5,0.0001756613418632567
addr_85dw1nn9f7qa1viq63f9hkjf0u2rup7fahiapjy1zb,10,2,0.00014588071309190901
addr_39w101pqqrkvfcorrgti3e5baf2lmq10w40wkc18lz,12,9,0.00013210235339224493
addr_qkqw4lciaw66nyoe6ivrpj9sg52nb6klxwgqs700yt,8,1,0.0001223886557952587
addr_1f997eial2yv2s59917v3m13o1bsh3bvuczv0pgxc0,10,8,0.00011445265607355987
addr_u846bnn7f3b43sl4plichgvoh59nbvucneixjk034e,11,3,0.0001251679782075772
addr_7vnd3wau7lqs4kfqh16mnh7d05qg1x1iebc8afdhgm,8,5,9.959183270017208e-05
addr_4x17sxrdv62fmqma1sxecprgk3ped3eyavikjwp8f5,5,4,3.768766720269305e-05
addr_pzwsi6nm2epqrteuhk63ar3kal939b1fi2du8qkejk,6,14,0.00010705262995412389
addr_08sg40e33uyky6rmaw49ngu0yfalxl755p1nu0dwhl,7,6,4.5287087904646414e-05
addr_c0b406c7wppafj24nsokaf2d029y6u1gpznfm2eo9z,5,2,4.8892059983124654e-05
addr_hujw978cf9lptd64ov85jkw4mgr4nfiwz7d1m9go7o,7,6,7.750526622800451e-05
addr_owrft9pnecggl4lqlekb6q4q5dil21nbhbmb7fau2c,7,5,8.02645347904595e-05
addr_hgh5xw6t1oxhfdxk31wbhtfnsgpynyj0ufo2hoq5e7,6,4,6.0076652719496744e-05
addr_sxaaqfazlohsppf32jski4aimp7oa09r17wlqipn9j,6,5,5.908872166647303e-05
addr_os7kjka8p376v9px2pdqm7rree6piwn188thyq00vn,8,5,8.763765094735381e-05
addr_b7t032syu2w5h5rj74w0usp5fl5gybexdrp91wvjw0,8,9,0.00011571346435700308
addr_7jckli4us3b19e0kcwllc9ngh3l8x2lg5c2y7qbz3a,5,6,6.847293351923585e-05
addr_1twcvxk32fme906p79o1hfkwcnc9rpjt07vrjcb8vn,7,4,0.0001233253357574076
addr_3jtsz30k46qjkfce7r9niork1xgrd91cdfnajn5xlk,9,6,0.00015578949537401563
addr_pce8ea8j7iu9bzcfjdo0i5nr2j2kwghjbd4bgrpyvl,8,7,0.0001282737165969881
addr_7yyd2oiuk1ot1szh2e5ykcbfucul4yes1446tec3fw,3,7,4.899577805711789e-05
addr_38ry49lqe4bzvtqo4t16gdvj2vy9xv8mff7choyodu,5,6,4.163240229104524e-05
addr_62dtgs6rpj8zwpqsf5mq8xt7t8bd4dz9jqo5yu7lnn,13,6,0.00019561433803411786
addr_4jypkoei1cri1zisxt2e6x3cn37x3l0jpeogcqxmjl,5,6,4.304467206039311e-05
addr_rsymaq47d1pxg3kzquuyhvmourr4wjlhya3jitqhrf,6,6,3.960680778054165e-05
addr_1920n1xuovcxfk7qdbaeh04axk6lolnkrz8icmvod6,6,6,4.288302057953003e-05
addr_89jwapodo0sweoy50wxuteq0r66htx0ytutxamiqo0,5,4,7.127165284182485e-05
addr_6lestl7jmrevk3strrfvsxcvn6vdkiv1zg886b0f4f,7,4,7.340831306734226e-05
addr_kzitwy3zhfepiu8h1h1t0z3ct37sybo7cfj9yllb8f,4,8,5.114216954085769e-05
addr_f6rjxc6i5zwsmhlqrz67v9kb2ggcusnlyk3xjm3du9,5,7,4.633109946590504e-05
addr_kllkorae66t9vkff61k9kgu8l2skf7s6k7op91eybw,4,5,4.997598096498835e-05
addr_t2vravwkjmdrpinuywqnbejn64n0yann2vrmmof8sw,4,7,3.960497591705392e-05
addr_tob9ejyzozwx67kjkitc9w21euic60c5yfn3l2htmq,7,4,8.717998563386397e-05
addr_7ri3wrvf4tpupzwzw0k30i9dlfcrr14dbxb3msalnt,3,7,4.56997985216582e-05
addr_3gu05iqz07iaa2oy5hsdhnawrafo9ovdgf9i1yzn2u,10,8,0.00012374449403621416
addr_55fvk66fu68coex6nvf0wfq5utpa13cdlmwh7fhlsb,8,7,0.00011764701620180572
addr_q7knw7bs7k585itsgp1xbb12u4ewfpees5odg4y6gw,3,4,2.2940550198779915e-05
addr_vr00nj3kz4ngu3pdlaitcl5oujjryj1yv4d20zedyx,8,3,8.348940463981312e-05
addr_9knoer9u3pfjouyvlzja09r06tt466ozahcpr18dpj,7,9,0.00010080661807922593
addr_e9hjd2t3d82ur16r98nv11fgvxfbxmwtxphvhio3nb,8,9,6.727529149315051e-05
addr_w2fryfy9afa3rnve3khrabvow825ibdxk4bieqohbw,4,5,5.403269198657814e-05
addr_2blvdf8kb0wdeqnp0kmgo2jb9jn13rzj6swe0qk3dc,8,5,0.00011671087268868389
addr_g25f557h71qq6irepevyzx4fwobwfhi5m4wvg2a5y5,4,7,6.450261844435801e-05
addr_3y7n8i358ab2nttc036ltmtti5szwa0j1e3zn1yehc,5,7,9.52389890634851e-05
addr_4etpgscnbj7gj4n98f1p165ucjz57ohosrn6p2lhaz,7,8,7.000886895625096e-05
addr_iisqrua6f2np66buwnbb20g42e9j5n2kevz6c96d8g,6,9,8.667332257046746e-05
addr_ve7rwm3776kq55h9ls0fi9a0c6yacm62xsih3f5hqb,1,6,2.2029529620646898e-05
addr_8sdt4o1ht51vnw5vq1nrb4gdjqdsa7fa2jwa9d5q2t,3,7,4.900273613847445e-05
addr_ehookeihqj90zuced6ifjjfmj73lxvxeusx4cqekiu,6,7,6.120757276521045e-05
addr_z43ybxxsb7qzn7ea2tky87y12cddq74vz89eozj3lv,5,7,5.070421219053589e-05
addr_be3m5ia5pcuyrz2pbxc5o8i7roifu4qbi73f124qtq,4,12,5.759302628470344e-05
addr_3ge45ykf4hfsem76fnd19wypgkuodu6g4cdxgb5iaf,8,9,6.615332217493539e-05
addr_mqxuoo3jgmo6g3utlflp7ve3nadlaf6pyiy6xwwq8o,4,6,5.2784240226732415e-05
addr_tycpytgabqooejpimlvzys1xof42pe9gt5b8kf1zy8,9,9,0.00010116068778219727
addr_sstqigr5itq58g11fh9w7dup24szge5inpsqgnvqgu,3,2,3.671942632287457e-05
addr_8ue7kqoi5yftgd119icdl5bhgxryso6i0udxhw9gpx,11,9,0.00011774785314870753
addr_el6u1v2m7ygm1lx7kfu7y7bwis2yg1d5gjvti09cjh,3,11,7.91055424944628e-05
addr_f3hja1lbcthjmgfipftas7gkqjigrqemk2rqjq206p,3,5,3.2283864475178246e-05
addr_b14dgrc0eluiz4kiwkn1qw9c3x3ejby7rj6nse3cv5,8,4,0.00012238647557786652
addr_5xkxupnm6vuwra7f7b2h4cgn8d4ujnokvgo6ac33m8,6,5,9.089206225233742e-05
addr_aljsq0ldz4s34x4oujwa0gyunfzkhm7wemshwciapj,2,3,4.044378417741477e-05
addr_b9csoeplni4asm5bs4em77xwddfs9lfyf0h51uues9,10,8,0.0001010212466072531
addr_wfamd6yd0gvf8oo9v4r4ckz05k4uej79mkl5yh0lcm,2,10,1.3786973785330325e-05
addr_l96nju8j31dq9mpdfi0f2cgasx6akk9fmrqdp2jf6g,7,4,0.00010398481388876784
addr_l2cnb1ityqfwbb67yple84s5fsf3lbf9y76leewtr1,5,9,6.815393745884935e-05
addr_3orjs7vrj0a2i2i58cj0l41zd65gtah1wgc64xwgfz,7,5,9.76886337186145e-05
addr_lqfm66dafmnaw1ryd2u5eswkj21e5k89dzpuwhe7lb,8,5,0.00012809657964681906
addr_ahza9t0z6m9zmxzx3vbgdicookaewf8kpqpjsfy0u5,4,10,4.179819598298968e-05
addr_7ticvqmhmnn9sux3nkc90190b90g24m0zikbptqolv,6,6,0.00012065984932385467
addr_vjhpdcmb9mpz56tjihmp6d57ye3q696ftvff3whkwp,3,8,6.0041927774955376e-05
addr_yzw1gbogcuyd1ceczw3yndz4vgyuycdmkx2hyjram9,7,7,9.557652123481408e-05
addr_wqu68kjlfavbu0dq1d430vz7rpfy7kcr6spqjx745c,5,4,4.839102883604279e-05
addr_ophy33beskn01xb4ljijao2kqlzx9gwlo5jn73hsn1,10,4,9.015844007192354e-05
addr_sqlb6gxakw9dxt85k1wzq0sae7mamm3sojd4ah8v4n,8,11,8.081029246182453e-05
addr_2w3gw515mlpygalyiqakptllgtat9n7wnfgm9j95zd,5,5,3.55664534780576e-05
addr_a06iouc6vw8lkak6t3squq9iezma0uxyhrp8sajrr6,5,3,4.826939728997063e-05
addr_iquwrxze1hm38kszbffzzdvg7oq2zdo74v1qx8ertb,6,13,5.84041313747949e-05
addr_0sromgwgjr9ncyxtdlbc0v2jfuk87z4y1y475gbmkt,3,6,5.092050738493479e-05
addr_y316ix5t0hbl1jqwlbx7x99d5gyh5iljb7686m4r75,5,6,5.6309173509369374e-05
addr_kxvitobu0egxe2hxpfm4obyiq5zkyqblr4tyo87mvg,3,8,5.393730174655427e-05
addr_84goxc3ogafiup2le6fdjzlghguebj5he83s60uigh,8,4,5.3504662075232307e-05
addr_hjx3nd04t86yf2sj4tyv1uaoqxcip9anem30ozn1sk,3,8,2.0938162224742623e-05
addr_tk19nlzg5bz0pj4x6n0s9w0zephwivd6fnrtggtgb7,5,4,6.983315553253045e-05
addr_qo62g7j0f8ske5ntxybz9m7sae5i9eq5qftsgqol3w,2,8,2.904678486086119e-05
addr_b5lw6tnawselzqfpqn1idnyy2qbgn5j674jrau6yde,9,7,0.00019867167614317184
addr_qxw7ds7k25pnv0gua8f66b9ynz51mgy1ec89s334wi,6,4,6.020424350093671e-05
addr_fi6g89w6mclnz8orb92mkvhiju6utixxa4872wnhkm,4,9,3.5103850939856704e-05
addr_1nqq1v1qm2cucheuhpr2mmre0vfifjwck4j4gxxwkq,11,8,8.713021133247343e-05
addr_ycvje6jf68syvd0cuvssj42oop5n2tiwbft5ip7aeq,10,8,9.722312169875555e-05
addr_cq0zvctqtn2ganvnawlecxfyfk6w27ldnejoxa8b32,8,4,0.0001343499107677125
addr_zey62ewn4u8tgjj5m9f1x4t4faubuixj8zant3zr22,8,9,0.00013136878733346915
addr_ey6qmjq0h4s41f2gqn8j0we511kpkwxg0zfdknl48k,5,10,2.544947056783408e-05
addr_h7jlc0s8ivtr37g15d3m9semy96hk6ln685nv80br2,5,8,5.9129688408215994e-05
addr_w4geg1nseoiu2c4l8dsxnmrnw7lpif4kxcnxfvhdi8,9,7,0.00012920645036108142
addr_uzno5mjwm1wuvwkcy25dsryswe7mdxauj8nt5z1ap4,9,5,9.819137241325527e-05
addr_fk230etqhi9ew94zpdffz42fq1iso6x9we45ziawjk,6,5,8.56599180132495e-05
addr_a9wm216z8rgsino060eqit7kdqvanssjh11uvxb4w2,9,9,0.00017367257186299813
addr_unzb10ebcn74mfnmrtw95huu52rwpb9c8qtfxouibz,3,2,3.686386279928775e-05
addr_vlg1hgdyng4438uwjflj60z9jeyyvyon2t420760em,6,6,9.284116441973099e-05
addr_3017p78c4140f60q7g8dyrd7t8pgvtobwloh9n2h46,5,6,4.668498922706553e-05
addr_ijb3swso0cisuvyk28f7k5mtvge3yn3scsbllwnak2,1,7,1.543587380757004e-05
addr_niyoelb4mf7q98a9p1vndowbf787dn907v3nc8n0a4,5,5,7.038519812710554e-05
addr_j4wldy8j1ui9l69isxuwvw1pm77xvmezxleaycdy1q,5,6,6.371287386576292e-05
addr_p34j1qzkmcexjy7j9qgsdgor3bghtktold34x03h5o,4,7,4.630776433773878e-05
addr_m2xcby5bz2k1vg5jkkt67hdrzjfzm0dxkhw1xs7o5o,15,5,0.00014577559409623264
addr_hjahd1nlztghs9inkzesrqe85qjmm4zo0x9qd7xsl9,10,5,0.0001883022412836737
addr_1afhi2eo8wkximslc45epxvr9i4a695j8e4otbc5b1,7,11,0.00011161381778001463
addr_8cy12ecw0stw2i3izw1zf7xu73w1nyrwoft8se4ms5,4,11,4.6142187237477834e-05
addr_pvxkptjsltunxzcstegzkylsm55afbk6hdetckqaz5,7,2,6.912651791191412e-05
addr_vbmjqgwcbwiv6l9n1falhc0cdo5gtpy7kqvynnwoqv,9,7,9.423541188199499e-05
addr_t6jszstc68yaartc2wd6isxrio78u58134abxizrle,9,7,0.00010452528800275188
addr_zx9rjtd8jja9qwz95o6zoqts852qgk5y33o4qi5hg4,5,7,6.558014260730233e-05
addr_fux3u4xydr4xlfet3k2n74q9my338m138f5j2mlnku,7,6,9.659161857122638e-05
addr_9hkv9njsj6g3p2qhtttw9yhxbmxe8cnxlxug8p3hr7,11,9,0.00010501229922380672
addr_f9yv82g1zdbh6u0fqnj8ce8edf9ilqjm4w5tgnri5i,5,3,6.0332168908920275e-05
addr_6nji84rbrarcs0iyynucht9vgovo125x2e8nc9yh8l,6,5,0.00012697408659060529
addr_uba3fpqe01s8rglzlpt5xa17d2k5hj0ggva1z7y4jr,4,9,6.8692421059613e-05
addr_k95zgdbgbwf84puezwbao8n8j16lqy4feeywklznbi,7,7,9.379969410209274e-05
addr_vcev32m5x8nqo72dmq7tangpk6wvn4mo94ctkqok8y,6,5,5.374064407142927e-05
addr_cr8ym2gm6k7xqf32o9qiia0gne561q84o8iix69xx6,4,4,5.961750674597811e-05
addr_bxkdycjxh5p55kzv8sc07qwe78rnsl4tlrlgnj3989,4,4,3.990079079233733e-05
addr_u9einbbk6afrw3j8e9ajhk2ha45gswlopc0mwzzeeh,4,2,3.96477869918594e-05
addr_fqsdq26rl0nwrn57lws1yq6t0otgpeqcyh207x887l,6,3,0.00010708139273961737
addr_uhjcha4zd86d55flu4ratiyf5l4uuoylkp833ijjui,3,4,3.6288100708129446e-05
addr_08vmghoftgbrelmv1fizqhouzez0rxq37s9m3tut09,6,12,8.006661139566911e-05
addr_ypz6pgxg9d2voebry0jv4vmdx5ftm8l0jcc1754fyf,9,5,0.00013338777786169303
addr_0r2nksxql5wsa6z37bcd0jtge1vja8rs1pwtfyppi6,5,5,5.966093461809391e-05
addr_ibj9xc6f2cpi3glvfml7r1rmcs0li3lm9vngo9hay9,4,6,3.985420325044439e-05
addr_bhh84faf5fhxje31z9sd7mzmip30068okqcb90aip0,8,5,0.00011656543554459503
addr_2q7ndcu719dz11ssd49bv2hh4huhm7c42afc860t46,8,6,8.629803479451145e-05
addr_owczp88yk9ciubvx1boqifj8hdi8s5rzq6p4srnkrb,9,8,0.00015113036295870012
addr_1tglnss2pmiay8mlncgfqdpsy9mze9wy5wda03daz3,8,5,0.00010263043200903034
addr_uq9leou3uuvcwsfppw4xwi1muee0pr0b2hlkkmzm4m,6,5,7.846415644998983e-05
addr_rim4sa6nxmew6yq4jiunwbqr6es699611tv4b81ck2,3,8,6.487086177115636e-05
addr_de0l1offkhdiu1jtka1c2zl46q5gqqlyzj0aeoorbt,2,6,1.8563666884133414e-05
addr_lo58hrtjpg2p22abm2wlfwx8kfuynsijn5zk5og4jn,8,6,0.00016456781316591984
addr_gyca6elkgcy1o432j3suw3vj1hqnwdudvvuzeubnc5,7,6,0.00016949344735632847
addr_2cs3003hyieh5rjb36k799r4m31khaun4mvmpcj2k7,8,8,7.914502733928375e-05
addr_jyync3lvjb7yuovkt1ookr6b7scg6dkrdrgiex6ei6,5,5,6.231880170077541e-05
addr_f96v00l2aom8dckbb04rham2xbfyo7at62rmpxugyt,7,6,0.00020799291542825568
addr_bsi5f16x1vwp2h3ciqyy18xjzmz8i1y5o1xan17fi7,4,7,3.761072924654185e-05
addr_6bu9xrdt1n0nrxyco8rbt4obks3ii3f4x2jpkvcbzy,9,5,0.00020932420880449913
addr_wwum1ynvxmcahswfvxhfsq26l1w150shn3xhfhtj0g,7,9,7.385861340278063e-05
addr_6um8e297nb0t4o7vbcigdrvpe38s999uuys0bf63m0,6,11,0.00011154557278811021
addr_07ui6t9xrtj6340texmi0r2i1nedc5igazytzibq8o,7,8,6.877470263679738e-05
addr_7dyyreqdyqa9ekq8ux8zswlwkr102llq8jgwhqbg5s,5,5,6.662390709488356e-05
addr_ktkzjm10q5doaytahvmug91j010pqza7j561f2wfvu,7,6,6.792462807395787e-05
addr_7et6baavolftgkgyuxlweir0xrn8zmwqj4h81ych8i,9,5,0.00013573039181386776
addr_p39r466ja36dbxujbyncrqxnqinde4b6jsp1tr8mgt,9,8,8.709540943190962e-05
addr_deipezi8x83y2m6kd294lxoykpggniayivr43zbf54,3,5,4.423947896974692e-05
addr_vtkalx9qqylwgx2duev9oxtrwp0vfb5tjdu6j359np,3,4,2.8540128323063223e-05
addr_xqi3v4o8wio26yx2vqlkjnq2ricn9ric02p5rp8qci,9,2,0.00014238261037497087
addr_dc8mqx81roffbbak814dgl9kr6ulwyqhz84bbogi9g,4,8,4.723991279848534e-05
addr_6c8ft3zpz794vaakzdcxhhr30iod8v4qwfjiy1e922,4,5,6.309052707146355e-05
addr_guwq14zc1nc9it0jzpvbhqggh448pz67d5ab8po4oy,9,5,0.00011575678412219906
addr_klws8onkctq7vin5lvdo8yu98gfex6dcledo515igj,5,6,9.09308239593416e-05
addr_d4uq4dn3sjbhcp0b7zy05m70lzexefjtx9x14887rg,4,4,9.538274824339211e-05
addr_1azrmmzxz9ccc0jes0bi1p96j1rkqcreqfu3or6v4e,7,2,0.00010976851929910338
addr_4hzdt3g5zf8fyors6ivno6a04fib2q4c4q1uk5v4sn,8,5,4.236395644863874e-05
addr_jnd8osonn88r9ic8ehl4sf3cv2cddq8uvncvjq54x8,3,4,2.8730926071633696e-05
addr_l3f1h0f391n2o4i9xqt9exbtkv0j1m3iymail13ktb,2,3,4.12048366358973e-05
addr_d8zoyj6azylxv8k9ebtk7lha9ybvke9yc30t3ah46c,7,5,8.444089917731003e-05
addr_urzui0eckbn5p4j2bnidqsmousr1zxh7q7uxeh9m9f,4,6,4.6500502412633535e-05
addr_etqp3pyocvvv6f4euxhq5r7a2p4lew4p220x3obkjq,10,7,0.00015179803055910234
addr_4irp0o8kqq08axih7d9egj88tbv2on6ljqv270l3bb,8,8,6.796563296837447e-05
addr_xpesha6lzkbr7g4mjze72hm2irc2o2kp3jr3g6c615,12,3,0.00013080239510201823
addr_wnifeziz7b0k0z5wf3hwizjkaldnlu6trcm81i4vp6,8,11,0.00010786704807042172
addr_zehr7ypvbjjl96plad40ahibuc2qdq7smzwz83qvn8,5,9,8.510202974929949e-05
addr_hx97ksky0lidyngrec65ce9eprzavnzn3fx11ik763,3,6,3.147323568062144e-05
addr_zy1ayo9fi6wf8jdqtc9xuqxyofhkadnshfn2e9wi0g,3,16,2.9242090066509855e-05
addr_aprskwchj8x7npo213umj47e3h29mc9flib7tudjio,6,4,5.953319604918721e-05
addr_kiuuv3el72b269j7tfylc93zwu9ij0zcthqphw25j8,6,5,4.239913014110403e-05
addr_urvqt3g8cd31nrxd356wafftouhylu6k7p9mda9oek,5,13,6.536936438123924e-05
addr_kn7n3g08ous3452fong5ow3ukgbnrf7bv337cu83yk,6,9,0.00011076196188259184
addr_mec53rng3gzy59twuysc7cn9rko5kjotmjdfzghjz6,4,3,9.801080604358803e-05
addr_6125bb4ebw5sgfpb2rhnufx4qzub0r4s4agzijtodp,7,6,5.9134522293856866e-05
addr_0a0liigiy0drtdh0sm2te040hg4sd1wd2nuuurgqpo,4,6,4.999258744497577e-05
addr_j8nkaolrnop1n2xfvk4o404jp8de8ac4qyoj4uf133,4,4,3.189845805750536e-05
addr_yrjfvohocg2keyyz0gmv0akjtdkwey7z32ox1g28p4,5,3,4.465443818118544e-05
addr_lh456lwjgvsghn9csnwqkimss6skf5iavrcjv1h2qs,6,8,6.125691229033283e-05
addr_s0x8yx73ortt7iewgpjzpq6szq1g6x8s6mfe4pa151,6,9,4.694492247495011e-05
addr_0qqu66s4nllxfhn4l220jok4uyamdwq7yadqt9w65l,7,9,6.761874318274485e-05
addr_y972hj7wx6qqrd04w6yb7xo153t3a9zagvrt46zv07,5,10,5.815992736101195e-05
addr_4br0odn8x2d85qr8crlinmw7szeo7f4emoqcamminw,9,7,0.00015488855329958277
addr_4hy5i8neoge9b4unei5nc0mhxboh5743f9rd4mwpmi,10,7,9.923610874472211e-05
addr_9bnrww09xh12favnxagdi21xcbb15bpq6cdkw9vb0w,5,7,4.956737868458921e-05
addr_sjk0kcnrffq85cg7a74fv0ukx5dwtbxga9btds8yuy,4,9,6.520855812881399e-05
addr_v5pgrnpmxm6iqak87g9llxki74iuxx4qjipbdf2m7u,5,4,4.964049198552527e-05
addr_kh9nyye3ubyns1j0ryy4gi5iauhpo9lqy2ipaqugzv,7,11,9.516478269758329e-05
addr_q77ag3yn2yjw20c1n0gkcpopxaxujbloripj44lhza,4,5,7.41041732167431e-05
addr_zpg4cuk0n9pd1f7ozxmgxiatj3bo0dtcdgsq2zjh50,9,5,6.905086937262418e-05
addr_617vodkkuuyl853tjca1z3504l7771a2luje7aqulb,3,5,4.849494307681429e-05
addr_dtrhpnqvupk3a5sfyxh8i2fcv2qqiw3suy3jhwoier,5,6,7.482082596877869e-05
addr_hvymy55vgux1adtfbg27mkrr5qksykxa2762em1oly,7,7,8.730048345433114e-05
addr_fzz7134z6c4pzlsvy3shngn3x1ux3ajh4yf8w116n6,11,6,0.0001225090526554335
addr_fe9tk757qew0si7rflj8b6qjz277tco7qu6xxyr2m7,3,1,5.971983640071597e-05
addr_l5x2j38wvdjnftme9oexpu9z2vwv0cj3di34t36tb2,5,4,9.492340667944562e-05
addr_0kiruc4y2b68roxp5azppisdb96sqmnhvi61acl6d6,13,3,0.00015851486784238843
addr_wwxn7y02qbnrdiddppc34808bx5xna184fwzmd68zr,11,1,0.00016789811692874046
addr_hfrr3r657os29phup27y2yw6wgam62rxlrqewzyuhk,7,10,5.111549249293114e-05
addr_skeduj31qkiffiiw72lejh87a4s3y0ug4myfu3qevl,2,3,2.2914235842362815e-05
addr_nwl0wlx8dbttu9qogmnn0xsuxsehv7prot9v8yy95b,7,8,0.0001476030643182887
addr_aeldwqxke0qc96mj9n6eqv5y21id9vvn5x48pw5k0j,6,10,6.305213831761075e-05
addr_slkpqizvli65vokqvugejbdor83n1q8k8wyz4u38re,8,10,6.266732767694705e-05
addr_timcmgmfmxvbsvzru5sckny2ughnnxav3i74uhuxmn,7,9,5.4595986192339626e-05
addr_vztlwhifbhv4gi498uoiy3x18sr4wb23zfwk9hf9oj,8,5,0.00013520892018118147
addr_sgu9h67jc30j7ozd5dja7o0enn6hsb8g05405zkm9o,2,5,2.6127151781270768e-05
addr_lqds8zaxeubglmrzw453qcssdvrr6b8m5z2tcygg9n,5,5,4.360375894833633e-05
addr_33m9yu1ip2rgmupetzl6pgaj06qisg0m3n3acz57fd,6,3,5.6749084011144756e-05
addr_zytgpbcdar60q2mo2hg3a24gjwbjyyfrd646blpbgl,10,8,0.0001417097980937482
addr_n2xw2vc6xmn0u1bga7x7aarggnvb6sg1zp5hptffrp,5,6,5.8860257841706504e-05
addr_tyl22kjzizs6pw5tn57tzwjckt1dm5e7olztodgpiz,7,5,6.323221906836861e-05
addr_2luadjo1bpj3vna2hxagbagcwxnuvthb9uw554a622,6,1,3.9969093582904273e-05
addr_pfuyi9aonha8zoilfggtljis6wcip18n57il62ohxu,2,6,5.9018490772754944e-05
addr_izvsesrlpqcqt8rn7405d8rvg7c92s7gzr5078u4dx,7,11,6.049930649264114e-05
addr_iavpts12tvvdg7eog9tqfqh4ynh2e8098i9k5b3ak3,5,6,9.034417735142267e-05
addr_5xrs0n4tg8zc4bcdolcsfgt4zixe3n00hpkdba351v,9,7,0.0001512940667748299
addr_apyv25fn6l67jolku5nct4rspurdfm3xadhm64vc32,10,4,9.413473838804682e-05
addr_qw1kw5p1z2vr4621db98jub33hq4zzqitc9029k7xx,12,8,9.160840367996292e-05
addr_qeqtkolhcfjb0mm9pgnd47yro3hdqdl30t40urqqyt,3,5,5.883073636076239e-05
addr_4po1i3msdn1mxf1pi2ooq42nbfa37dl9fc1xx6cwzx,1,9,2.3176625186835698e-05
addr_n4ptdigl1xasxhky4tbsk3oy026squqdln7ifckkob,10,7,0.00010712132374920059
addr_4es3aofc9lgytlcqfmuiw7j35vlwojtxcf0kjd2v1l,10,7,0.00010315157863164451
addr_cejbpj9qywd58wzwgzceq6xvja3jljxetk637v3cr1,5,6,4.390377920058463e-05
addr_dc9v3w0l0kn5r3dns7x02svxps2q882pa3gg11vua1,9,2,0.00010086252681167828
addr_bgzmhlcuyadf3svt7vsubor3h5ju8s8f14zrn2qr7l,5,5,9.634893629015566e-05
addr_a4fit3nul5dyvf8qfbhntiuwmdei1wr07i3qftq973,10,4,0.00011624339130018528
addr_auqrli2xseusfbttyj0p2o8wz84f358dpjl5c80i5d,10,12,0.00011613607361186538
addr_n42k39gy7ml1fbpofizxlfubbcro2o54wzeow6wp0u,6,6,7.378754117110782e-05
addr_h4vjxotmexf32vd1834l2382o4qfacpru2vhgh3d6g,7,5,8.334376801876465e-05
addr_6mxswy0szkbnsh8llrb7dfixlbo9ewo7tcbw5qqb5i,4,3,5.284322543899283e-05
addr_n6mh3lr1u69qttsinr77yotrtfjum1q9dvojeqwkxr,6,4,4.212445974879429e-05
addr_euteh9mimik34u5si6wfgk81lorsnfwtjtw4uziq5h,11,2,0.00013753675743997682
addr_29j7gofo02mi0rniyvyo2fd3n1k77b421k785xteha,6,6,5.590179401822333e-05
addr_kndb5tybnlyym7sx3wsbc5ry3p2exompww2let8wfn,8,8,8.843101061743531e-05
addr_a8fm9leg2lbn9gi4nsdajttcz07o2w6stxvauual1e,5,12,0.00011444840034700251
addr_y5gvg59yqb2jrluzfiuvkc45d4it6jnydp5oi7wo4r,5,10,6.925004307920435e-05
addr_5ipruixbh3hsowmwgosnstavpiagf9aho3k5wuih2j,7,5,5.4372187665574806e-05
addr_grrj29d65l97vu74ww6ukxbj6dgyn6s90wcu6wanok,7,5,9.341895041927489e-05
addr_ykf0n2yi7hglxcrurikp9vnwcuuoptgpu1g8r1ccda,11,12,0.00016419198365848648
addr_vq78ibgf6uz0swps57cw6tcev1zcjadw3sp9qozwl5,7,9,7.758704960409092e-05
addr_qcjniyzj3zfayg9rxb814zr012x3ncz2zmigfie5d6,8,6,9.65964330779128e-05
addr_qghfvsa2uobwbzn0w1upyu0z4boqautluhqpzmkzfr,6,6,9.059947729401088e-05
addr_bzkuk94s31z7wazkm57wo5bsyxjunqiloprjepdmvm,5,9,7.177790109644968e-05
addr_71a986xvirvi1py0b864x5g5b09oa8qmcz69gkpbnh,7,10,9.340031457693158e-05
addr_lsaaszqs3xme3y90st5fwc2rs8noktis6mudvd62y5,4,8,3.612673203417006e-05
addr_58dnbc1h84ycpm9ott0t1510oa83z7257haydvoe3h,8,7,6.31019408841577e-05
addr_7la5z4m0v9c28y4a6a8q63lqy0nw0wq4zamoyz1wi2,5,5,6.0219871249790914e-05
addr_tth9krqwb9slo9nlupya8whofym0tmg2pu2nu4h6fq,5,9,4.9200570687104496e-05
addr_heprzxd4up5cgke83ry1ytdyx0bnntva3tem219z7d,8,7,0.00011432395361448776
addr_lzwge8683ple45b2nixi8e55325cambhwtgdk4snv9,9,4,7.930934148958553e-05
addr_nfdfzptnyi0atihk716ucoxz3yzmnj0d7qor8cbk16,11,3,0.00010837090853402157
addr_2j1v4ou9s3ruqgfuwyqsgb324umjrt8o02087sspw5,5,2,5.6597924925180845e-05
addr_duehwp6oxu0ncxuxbwwdpbls1byt6h5qqzv96zemli,8,6,0.00010773690166520615
addr_ivbo4w1cy6joc50hsyrlvmpnfzv3ivhru2b5vk47t2,2,2,2.5615995294306998e-05
addr_80432ltxlg85tc21gdpuxus5ytfcp7z84mxjqze99o,3,4,6.41272329442902e-05
addr_152x2n36hnsxmu0v346u9ozm8x54rwjahp30zkg4zq,4,8,4.799361164008143e-05
addr_5jp7jiey9pblpgeiu1c46pe9uchmeabw02koajgqqq,10,5,0.00013125727745223186
addr_9crk3ijfqcd1d364ea2pciem1oqqc7ix6juau538io,4,9,6.69075616485059e-05
addr_ly5i008bydup4z5rjkd0w2030bxhe3v2cz5nf5p485,4,9,2.0149213077796238e-05
addr_tw91dlm5e5wt1c58sfljyscf1zz81jcdyoc44ki4lo,8,11,7.716262032469042e-05
addr_bu0svrmtu9cwxaqla11k35wr95wqttej6t9xby1nyh,6,4,6.196706420755981e-05
addr_ycr6qf84b6qnc7cmwekfe3yfhrfkhs1fg77sp0xje1,5,7,4.786425131689331e-05
addr_g6act1b30rejf7rrwhz7zg1fnpxr7itikzuraokj6y,5,9,3.474407622511924e-05
addr_m3hkyz1qwj35yhkjhw145wc01inhkixxx1gjs407ee,5,4,5.700376064027431e-05
addr_1p7a3s9hhjo8ml7t4jqaue0mt1rt5mgd6j4hy2rkgu,6,6,5.4172250359148644e-05
addr_s3ookoosur2wihp5z1qqllj2u527fevjs9jw3ypfez,8,6,0.00011598793389578446
addr_v8zpzllc45ea0ipy0dga6zimrl9qxuq9yyr1q7cglo,6,6,5.592715799481121e-05
addr_iyhosdqe3nhwvl9v73puwsxvti2v0zslweuz1khlue,3,8,2.870978463633181e-05
addr_o1jlkv7kixqylooznunrst9h8lkh032zsop6rr43sl,6,5,8.994496905585653e-05
addr_0udumjb98up6kfgx25vyye79uayi6x11hah8ftnizb,8,6,0.00011681748701836496
addr_ce6b8ds31zdfnsqy05ttpfpryno9r15fo9uao8mkw6,9,8,0.0001467043969010077
addr_2vmncfhvm19v1wxxiad64jeomdacs984frk7jb3r6i,9,2,0.00011603363326078796
addr_7in3o3ug6s53q5hoh8zjg8cn7qa2tbyy2702hhnnq8,6,4,4.022809138756713e-05
addr_pnlmkmuc8cuac9rq6u9ir8oiow1mjjd8y4e70lprxf,11,6,0.0002108364371370111
addr_drcy9obkedc925i6x3b279th68y38038zremfwerpq,9,2,8.519317873334205e-05
addr_pm1n3uxj1n5kts5741f92p2fagt4ca8dqe32vzofv1,8,4,0.00010450836125618717
addr_qsn6ma9557r7ui7cg0hrsslxu2taujvm626ysy2drh,3,9,3.944426126538437e-05
addr_zf3ak4th5ldse4mcbavfgf84ivwvwb34qmava2nllw,3,8,9.29212875371853e-05
addr_gtn5o6pbkhajww1kbln2qz3ystduz8ri5n3h33wctl,3,5,4.1861080937966105e-05
addr_p9cvv0bz20907sn6a7ylhbb3hdvvp0yfwolpmr1rw7,12,7,0.00014194964122192708
addr_bykxngs51ch6aegbmd63w0vvj1wyig7mkjer5wfduv,6,1,6.0686362531899345e-05
addr_i5ilhr9za3mi7sufah4ba6vnt6o4rslnmmwdz6477d,2,9,4.1698298035579424e-05
addr_0d5gxwdikjx408ir7pxa5knrpz25gdx6n1whl6t8hy,3,10,4.858275207067818e-05
addr_r50a84zgf1nxtx351v86gb3qx1t0ailz5761phajbb,7,4,6.825507197511268e-05
addr_yd0khvx324kh38hsl1fgdpqj9uaw89oa2xc02qnile,13,5,0.0001454951812331331
addr_19sdyfa8na6qzwndvqw6ewashk41y0phdfz2mlvv5h,9,4,0.00016713860153111084
addr_jsqlzpbklyigqe92779y2i1gu0kx0nmsrak9e4y3k9,9,4,8.731458889474395e-05
addr_fxssjh1g835zys6x7ho5udigecsjs1eq3a042oeil1,5,8,9.703929090808826e-05
addr_f6vzcr9rv3b2aya4y0w71p2qxyoboofpeouc4c25sw,7,8,6.005120608237153e-05
addr_mtxf4wyahycx5efphw1b2ud0amfxh2apjeb6qq0wwk,7,6,8.800778067284972e-05
addr_gqxmrue0odqhzsrwv9doryx17vr8xijzk3o292b8po,6,10,6.533637666211122e-05
addr_s98g8hkvgevw6o1t6ank2u0zvfifgk5trnxz2swgub,3,2,6.674998661655246e-05
addr_yrr4ckcekklmszclm4f8fws0gv4qmp5jhdt6293tlo,3,5,2.133208187574908e-05
addr_a5em3kklp2s777i301o8tu5m385tpbvua6t4a12tq0,3,6,3.328983021402744e-05
addr_1zcjxfxvv9ddosgasl9kxciiu3a2pqxd4qerl8nijh,4,6,6.077908740857534e-05
addr_58w6gvge1dlbcqao0vbxqd6tt426xc590nbl9l1dql,9,3,9.137844755737413e-05
addr_3rajhq3uqtqfm57bhagirkqnywdezqxv508r13gw14,4,3,4.767167857024011e-05
addr_trof848liwttuwb3xsi9wbwbni0cw62v6ob7szkhuv,9,4,0.00010289108436363374
addr_oamkehibz2s1cb96qna9zmigji8vyjb86bqd8ol21p,12,10,9.726305139517502e-05
addr_j2yr9pevtkau1axv5gy8buxinv9ad8vwgtfgmum0a1,5,5,4.570203134347319e-05
addr_81plqzkek818kudyimhe8vippqeh14sxkp7w926ue5,2,5,5.210202819882135e-05
addr_bnisdweyvikyfx01amo1qld69v2k4sri6ftt0gper9,0,7,1.2591921833626345e-05
addr_vdl1cexhtrwc4wakef72aktvmc6stlgylpznffb0lj,5,13,7.928147683646829e-05
addr_9mqqz3efhu9u8ysp7cv3qmyor473op7qbulbrqyaru,3,5,2.206878820954896e-05
addr_1dvb37gmx91qsvc5r441cazo4py199e74q4v8f4w2c,4,10,4.2145379542434194e-05
addr_tmvtakahab1q2hewcz10hham8n47chx0rkyrtoca9r,5,7,4.438773781633301e-05
addr_336tb7mspn0nanwb72kct94kksekm2izpypk7exeyi,8,3,9.686407632301091e-05
addr_z7yqpp3vnb2jr4ii2eoe8gfk69vmcu8bpbvyrxmj77,10,5,4.211350309398793e-05
addr_12bj0qu4guy20zp91ojgakwhfoolute7feajqydwbh,7,4,9.604372086777582e-05
addr_4p0hmdrc26gqco3oc73xva54ohfxeepidv9xzv663s,4,4,2.508227665649414e-05
addr_tropwk91qpawb6capl42r0qrdhxnqqtxzi358l7b2f,6,7,5.730187740139039e-05
addr_kag4bwu8k1557wpdokcgwcdqr1r3bza3y1uaorv9j8,8,6,7.147848141266873e-05
addr_rn5msqu3b60lu4q7iqsuvfyhz5qv6yonnpdxe4vsor,7,9,6.868800291801853e-05
addr_1i7xj2czafr0rwm4f7a42s5ww7xhf4wiq8hlswdlr4,4,6,3.287462328241812e-05
addr_6yf6qkfk73txl3bitxfaf2yivk5qvvmdrytkv6z6fe,10,5,0.00010522176272333688
addr_bm1ralp7cy74uics7obyxz01xavl28eygjg83asjhc,12,7,0.0001034763094650606
addr_fhokgz1ajjj33gip3v2z7expl2uw8cpslmvpujqerx,8,4,9.639037301036163e-05
addr_s3ibib8i2ix39lzb7awdgq6xq0a7mqi4pbwkjuc17i,6,8,0.00011095654098209603
addr_1r761k1ke9ahim9ls5tb7iosbnb5tuky1zterictq7,10,5,8.38685880329204e-05
addr_0ha3880maqeb8j5sa02iaisj289arnmlkacgv3efs9,4,4,3.886848675147686e-05
addr_lfqf5e8osaq3eq8dh9ptfnm88ua3a6s5zxqomts1eg,10,10,0.0001197918845169981
addr_lk3edcb21nwn4nhl8lgaxgdw2pdj82h283x4nc2tka,7,5,6.426751072453635e-05
addr_gvfplb0f1uhh5ltq4p38xjkep7iuen6d37any4scbv,7,7,0.00010061259687956715
addr_xdx1bvjg96oy7gcdcw0jhl1l2mngtmf43ditnevoak,6,5,5.7240916301590004e-05
addr_3wdbzd0ltg18ygvyhbaii11qqxi4qxpj6o8jvmq0uj,5,7,6.547714581790867e-05
addr_zb4jsb42yahrk7n67d8e7m3dfbzeaprbsrnwalnfps,8,7,7.156175139556082e-05
addr_z0ys1h119ik766hxdo4atmv246ctsqhacsfylnf1bu,8,4,9.302645652081764e-05
addr_d276q6b2519iuhfucrwa1ssnfcp7w60vyw98abzbg3,5,11,6.215004991053703e-05
addr_lnveeftb3xo79gz3uqzfcoq2yhje1rtuwogirbp1nh,11,3,0.00013407066747103067
addr_ucpm5uyv6jedp1lte9hxvdc44w7a2wh2s3wbln2pww,7,5,9.0753155174256e-05
addr_yh1u98i7deqd7revxfp37izbr2fs3swcorog8e86w2,9,4,0.0001566819804066367
addr_84yw528pd45oh8e6yzgipxtypqq6mr2mkp8nrjof4n,6,7,7.927509863467027e-05
addr_h9pcatms1ow749wj9dthin9dkiuihgd6jdq7799q1z,10,4,9.36173641922845e-05
addr_888h33dqu1u7vh181jseagx6386mgs9r4evht1n2xl,5,5,9.508258569216378e-05
addr_da24mks9vioifji118l30pyn1qi5j32m7fcgl3tkqv,8,7,8.71998904485021e-05
addr_u3m3mw6g1q204l3egdbya3ozb2nkimpcakzutct965,3,10,4.226089589996667e-05
addr_jhph2c7vsvid7cpz2k5i1s7fmg3rthjk04e27hwtx9,8,6,9.842895801781765e-05
addr_r49w5ls1106p34z652auvip0bqcnd5x598k2clyid8,1,11,3.667398852024411e-05
addr_0udenle1wmbukq6dcnb772y9ikl8rrc7m7xg5mftti,7,9,0.0001275924048432915
addr_jguu4w7eyfvgwn34dkkwces8dfn0wlkpnbicaurvvu,7,7,9.857637093115804e-05
addr_tb1ppqvq1hu3fiqg01pyd819etpg2o8xghiy1bfw7j,16,4,0.00014830074387521292
addr_g312ior3tms33ya16x2yikz8qh9oolhe45tfw6wdb0,8,2,8.42139203871535e-05
addr_wtldwxgjstkqyrwhezj20miopitavzshsheknihgmu,10,1,0.00011968443969299782
addr_5txlqgjcn1wo6c1cthe20t8hwbl6zvdmf9cg3xn0hm,9,4,9.316573295845074e-05
addr_ks2l4e6in2zubpu34fq4no6a52cu08raamgee41s6m,10,3,0.00014172708929483758
addr_c5hira8txq1bisweskp6rb9xy2w8i2y6525s72x4g7,11,10,0.00013668907238778745
addr_ev20ztgxcbfdw9xnr8q8wan9kpod778cyf7tuykfeg,8,2,0.0001067278298566204
addr_wpvzydj0icwsxtquw8ols6xfkh9ccgfld0m8y9xs35,4,5,6.74334781509417e-05
addr_21o0ezf56n7p2u7paxbuzh4zz78kbcwsifni2ihr88,10,4,9.577542882346437e-05
addr_tvnsrd1bapld159htnwj3y989snlke4lc6xzqech7b,2,5,2.7574552214407062e-05
addr_4gk63i4514buexooxj4vo9h2etxygaqxu3xalpzt1h,5,10,5.2333500665512516e-05
addr_hv4lj432xkhas8sq7lua7w9p4ucm15cbwdqoiq5d86,6,7,5.778240276724567e-05
addr_d7xy5kabgz0xzijsg49lpy2x0j9q57z6cx72zdc026,5,4,5.3782823856754296e-05
addr_uw9ze1nb7e47zynmxc1ipn717bw2qjn2v6f64e4nyd,8,4,0.00018549219353286857
addr_gdbejx8isznq2vexvjtw5davfo824le3bep5lj26ka,10,7,7.819179701012116e-05
addr_ohxdxytqeej9525wjeo9x1w0b2mslyx0x56e2937r5,3,7,2.183254910255069e-05
addr_xe06xe3n52iid7rutf966dq5wb276qyvii1v3y076x,5,4,3.6604720832299094e-05
addr_vcedtcxnmj5ian8nd7g0l3rtz5tv6g8om08tv4reas,4,15,5.34823754246539e-05
addr_mfmdv4m0r0z0iq81d9sekkuxbj10kjqyzwc8xkeowd,10,5,0.00011115363648498117
addr_qhaxo1mwa0vltrssr7s7fsgs9fb64pwgtbgemybq7u,8,6,7.248870713529882e-05
addr_u2h3gc6c695xu6pp7srb9kqzv5aosbfgfbtopqrbew,4,3,6.499032739645866e-05
addr_k1a4f0xk5xybrkvui45f3glxsf2ponxmyx283thd97,9,6,6.999069578018705e-05
addr_kcov06r8jncmqsb6gbcuys89xsntk50gphp05krnwv,9,8,0.00010145090517669991
addr_01qov213mv9ynu5b6vuasuursmhgv6mih4ze7vaecw,7,3,0.00010079699323463201
addr_sup6uzox30y1xr7ukumdb7ao6fv5dgp5o1g1iqc72j,5,6,5.622499368324309e-05
addr_ui1c72tmj61faopyadb2mu6k6re5rf104geqgi9gmo,8,3,0.00014248133920472704
addr_vj1lqbpqcy3qnwxhbdkck513iemk93lfrao80j34ob,3,7,2.592528883684395e-05
addr_8n57ple0ewrjiwml12p5wpvi06b8msg4ogb1lrxgke,9,6,8.842069331919394e-05
addr_2leq7fvpotfdtkl5x3cltju2cctwi449xcgnd3p22l,4,9,6.22262143093484e-05
addr_ceaae5ezfrxymm2798p7prjhhzh139q0ep8v1uc8ea,4,7,6.763789070368132e-05
addr_f8mlkdxf2zrq94yq5pbrtiy39gwjwospd26097ky2v,4,7,3.0149477954203327e-05
addr_1uy3frlbp5fum6055e27575u0wzgcazrmu15pssvny,9,4,9.617447696041485e-05
addr_a4yalsui2d9tl5m6ikpqvchsf81dy2lrgbap2alkfu,7,11,8.627689638629059e-05
addr_1j2rxtizv6n0aypi79mws7h6vvnah6tiu7o501n7g4,4,6,4.5295591056561346e-05
addr_eysu7errbszujb4hllqlld0n53r4sip4b8j4zxd82b,9,8,8.90824793932174e-05
addr_oyx7r3hioqidvkh73sujmr5786p8yshhmg9pv5egx9,7,8,5.4265964940905394e-05
addr_4vmpd1hegkvz2l3h68rp2i497nwrpngfumbitlmd59,8,2,0.00012032003203431242
addr_4be3e1zle2dh7yflna2mygfxwmip11s1d9havxpdlc,12,4,0.0001294308824063139
addr_aebooheijn1jvqu7acsku47k9sg7fy4h6a3ki6mpsd,8,6,0.000105803987801664
addr_p161y3u9z0ft8y529iig0cm177r1fh8jyrzps8ji67,6,1,8.04483452038342e-05
addr_0ln0ufdpc3a59iybu5a98b9c19gtln2cqmdvh0ta8l,8,8,0.00012928687002498578
addr_pzbj8oiqru7xzhrcleed2uh38f8jyxa1a0u35qmniv,5,5,6.599821743965363e-05
addr_v52xtx3zwtvy248ea8pks7a59zeu7axwax9plsrcnn,10,7,0.00014129910084345604
addr_jmgl1rlcfnr37qtzjs6pvs9v9bd9zmq77hns54gwdf,3,9,3.8108895125666747e-05
addr_vlv1engugs2m9hlfipmc4ccydp0e8bff4v63klws3w,7,8,0.00013348373827790625
addr_if20opn9h3kyw9jstz23eors4bzfpeadttf25i887v,3,5,3.990202485401313e-05
addr_nm19q3ero1nibqo1do6f4qtfhcnijbpw31mplu1knp,7,7,9.456825987160323e-05
addr_dex8ewasslq2mng4tiruiz4942e9z0bco04ouw4oyb,4,7,5.709528545009551e-05
addr_c83l7npkwzdnp5a8s1ucps1oxaxxchdxmhh7p8omd8,4,6,2.454188646177502e-05
addr_2qji47jwu7sa7idi09kgw8c4ag1qicxbr8iybatolo,4,3,3.57988410976213e-05
addr_hubnddy9zgwbtkjcz6kzweakyx8xo9rka24hqnvwfc,8,8,0.00015773007908306014
addr_rilfnadg1s6t0sjm8g4659yr38i1dbdkyfmbm5vk2e,6,3,4.8966394996874305e-05
addr_g85s0ahz6fe0ztxv54ovdss85wjno5gjef9kc7zs5k,4,6,4.4441208056515535e-05
addr_vvjzlmihj8rjcpznvfu0no1citpir4jfy41en4g3yu,6,5,0.00012543331222627637
addr_gvnhzl5m5thjy43lx198510wbbdfjluz5s9xuifth1,0,3,1.2591921833626345e-05
addr_h6fne3xe76ctn79iexb29pg8bhtq000hfmokrvgzdp,1,9,2.5458749274653287e-05
addr_dborzv3eqn3o3f47tc28p8noy12aeb034lmtgwnsjj,11,6,0.00012172882397983828
addr_ro7rbkmgpre120bx9kftxkqri7rwdwjc7t1ku6fqng,5,5,4.7613096237460905e-05
addr_2mrop2byee2abg9sho5d5afql0dgh6m3sgur4pu6w9,7,8,8.547506060807672e-05
addr_9n65lpkob9yd6q6q5rnchco3lnxqe0d2pb01s36d2u,12,7,0.00013087352674423047
addr_pwh0mx1egok01tnzrf5a7qy8yb7w8p74mjdxo100vh,9,10,9.40101046374464e-05
addr_suc8zohktas7fduof0sei39g49l5bfpou9au3e56br,5,6,6.329193859046514e-05
addr_ztii43aekxw4pqnjl3ax28xtkmbi1uwcx98c3v0lfg,7,7,7.77615135833207e-05
addr_lom7w8g3oyjrjcqrd89wa4sl5bf061h7n4zrmk2d4q,6,1,5.458219233034032e-05
addr_kp6t09jht7wsma8v313wknmo46xishpzvdpt0fqlja,6,3,7.1757961140454e-05
addr_jlyfnw5sj69wnsrn7zo4idgw18eq5gsaaqh6cidqyn,4,6,8.054331697707696e-05
addr_braykkqq6w7x1tscmt4r3ibuznx9kdb7sd4uxtr8fq,4,8,6.074641494580456e-05
addr_6zf576kgqx4hg66kcnbdbxplz4myjvqonat96lxhio,8,7,8.047829866789246e-05
addr_n1t4ayiu56tai2mkfp0x5j52352xypd5gtr5iqum9j,3,13,6.89337406950526e-05
addr_x6byvkqrcb4sect1wb9hbd9dneqa49o4rlhhyro2oj,8,5,8.63943272032201e-05
addr_5ab2sxayfv744e28tqn5p1t8l0paqxyussoxfwl8q2,3,3,2.3399703449308834e-05
addr_x4qy1pb8q87g2rlv1q19mcd648mldbophgy07r4ly8,4,9,0.0001091276458136816
addr_nv365435zl6twxy5frkxr8ogbrqwg9s6rjtakst1fj,3,7,3.756927746506059e-05
addr_l7w05y2da5b4l6hfh4n6v3rzkdu6fotwftq9y69xfq,7,4,6.236739227947569e-05
addr_au9iaub3cy659i41m3hqlp42typ78psrgqxap0huf1,7,8,0.00010109472689553208
addr_0irqlqpxhbkab9i2x7lc6vl0j5ebvmm774vfo5urfe,8,3,6.205041073894259e-05
addr_z2cv7240sedtj7xcgfpdl78mv0sp96bw5877hrs4af,8,4,9.90407105919309e-05
addr_j1dksk9l800hj04njqly0wj64yn2upcxfz5rhyclzk,9,4,8.62309440278229e-05
addr_u7hk44ilbdtwh7f0x38fc6qik3f9w9kaydwkhosmc3,5,6,8.339111032953231e-05
addr_k7jzqa1oxc0vvklq0xjlar90escdcowdxcj19shq8b,5,6,3.7262273493915635e-05
addr_hlf3qjin9jc0z4a2whhhci42wd8ptcuftna5kjg06r,5,11,5.7125400257994154e-05
addr_5e0dnnf59jwcvo770igmlg9w3877hqkl7qz4hkv4zw,11,1,0.00012180110106176499
addr_wmiflgxxp2uej6gzwdu8g3itpb9nq0kuvow1ugpww1,6,9,7.35027316700951e-05
addr_65fm6lexkwdpj3lpbw749setw7t125t24rdabzwyh0,3,7,4.047534550614443e-05
addr_j7kohgqtz0k2hlpxtnzfm8jv1usp91bzujwe2kxz4q,8,7,5.569865569848252e-05
addr_w2nl2t4375jal9todgz7jp8w9fmowkshdn1u88jtlo,5,9,8.512556607516749e-05
addr_eyzul4ead49h1hivvd5x78jl8knchzo31w9n302vys,8,2,7.354895634798063e-05
addr_p577qrdkm9ttsmyo3ti2tip84tygy7pt65kcv2oekj,3,4,1.8716961033463897e-05
addr_cbpj4t9meos2s4j38mjtv009uzgelqax5colnki1ju,8,5,8.037445539451516e-05
addr_rhs45ek3q3um0q7f5l9zz4vvlk8cifjot9je6wsxwv,5,3,5.175044456019078e-05
addr_6y5mgrciupoiq5gbkhmze8uz0l878hjbhtgxmqsagg,5,4,0.00014255450379900282
addr_e8r6erp0rqspliky4j3ay9qw92a9fiy2hmq8pclt6v,9,3,8.622574507768983e-05
addr_637075kdl7v6uc1vfg9wlhhgi7hvc4rx68xa1eatsc,7,11,0.00011873632793294832
addr_rppsrsezstgo3q5gcf5h5z023pak7upf396zr3wxec,4,13,3.2939343089757265e-05
addr_vobdh2e8bz43etwexyk5rvlnwqji00nq9cpu8pcu24,4,9,7.845244520809602e-05
addr_wga1qgt65la8hhn6qmuumtd27zvdin7fm1sjx9a1pr,9,6,7.556408484954702e-05
addr_zo6vqvlvkmmjbyyz471ax5cn44wcgpqagwdyfd6foe,6,11,3.4265829596023914e-05
addr_nioj5zi6ez7oevxd0nwcaiarmotddqkt5vrc01frph,5,3,0.0001053838326338388
addr_hco64r8cxm4fvz71b5mk5v9bnv2so6du2qo72hcenh,9,5,0.00015568179848340344
addr_emyslulanw0emmm1un27qplbxg57not2eix3uz6wwk,6,5,8.034385166087687e-05
addr_3ruq5zj74f4bu7cbde0h5rlpgkbdx0z05h5r7y3gv6,7,6,0.00020190085447149844
addr_fgd47phngnveb3xw5oextsj0y2cwrd5l1hspuezm5r,7,8,7.341757847678086e-05
addr_q2qwvr7u8tn07qp2wt0fhnbl9tlnlgunks5o1naprh,10,2,7.619798738328444e-05
addr_p6m18olppqckfhd6jv01zs0bh2mxe2u1n5z1cpoja3,3,4,4.839137509939752e-05
addr_9907t70wken9eqihpasbtppjxpnlxo3tu4w2x4tcze,6,2,9.762920489979655e-05
addr_u4s2i085dxso111mxoaqqbnyai0xepyh8uu4bibfjp,7,3,0.00013573161478863097
addr_ge1ze8m270gc4ftfjix7gt4ntgh6zf66n3irhf2kxy,6,6,5.935052698656165e-05
addr_vldc6u1v1dfkrjh575urr84l0xyt9r12ifmjjszjix,8,4,8.510043374350786e-05
addr_ryoos98zae92fa4bepxx9syba6suock3xqzc734v6g,5,2,6.788661823308863e-05
addr_hecfxw7pt0rkxqllopeyp78bnwd7e0l4ol5kp3id6d,8,11,8.814411606062303e-05
addr_jh9cksj4ygch8ztdgcfvlrrzw9uijya3nn5jhytfgc,4,8,3.0419235964731683e-05
addr_spgxub3v8ewrjk5hf0zcm67rlh4qn2eugcctfw3ktf,11,7,0.00012196349082115771
addr_3epff3618sixinc0ketuxxwtb19suelcnx8j9iz8ia,5,1,3.4079898179765165e-05
addr_z8qxm0xovvzryfbm9ddy7c2kcwe2pktwgzfqojt7ju,7,8,5.5221593419168776e-05
addr_3h3thoc48oclrxcqq99qvmzvppojafb8jpx7gxgnfr,9,5,8.93994103081752e-05
addr_de2tmhyxdljwwdwm0t8qpdg1kuwrv2xe2faz0hx573,12,4,0.00011866887983644385
addr_2t6jvlyt0jg7cesh4z6mubcjt1kevd47l202v3xwk3,6,5,6.326990007814356e-05
addr_4btsxgdk7d6t4emczt7wu0pofardybovlkv91pelyw,3,3,3.154824959639892e-05
addr_i9aezre3yuemioopjh5n6ujd88mon0ji82e22yyfs3,4,8,3.4699562758120385e-05
addr_ts4ro893envrjq9he6vb7hfg5lu7pkhel706hoqq0r,7,4,9.065119755708801e-05
addr_cuh18iabhwykeij1op7rkhcpcar4eyslngcvb99q7q,7,5,7.937834302217961e-05
addr_g1rhyqfus2v84frgt0ipaejns2uar0dv0v846aoes4,5,9,7.780730021116369e-05
addr_57zgcr0w8tjg9iy19onb3jow1hlhe9qbtqijy9jz6v,8,5,9.843503121845918e-05
addr_a63t2jwlj2upajzr2khohlgprt8lctaslytk7sgfa3,8,9,0.0001159351597857996
addr_q9uw352ixsqr5qe9xsoo52xxsbf6vmlkcfl30gowah,7,6,7.61651457826455e-05
addr_zj1eykmrx5jdhmbzxi48l6pnq5py4mooml43xlxsal,8,3,0.00011225485358554922
addr_eqsfarla4rxf2w8ayfj6o38lu264ru9mn9nwpzjchw,7,6,8.78557053928591e-05
addr_kq0f3lcb2qw4bzb9vn6908i94r8g23jsdyysduykkz,11,5,0.00012416667675033382
addr_fyfu52tuukjnkxuc6x2ag0bxilkjmf3q7lo8e3xi0x,8,11,0.0001398700162370229
addr_kqkrhzo7e887r1bh0mh742dy3x7v5wwwoslk2ras84,3,3,6.882261769451999e-05
addr_9gx6ptcu1m2s1h1jjew4x0ydk6exed8xio1cty6r53,5,12,5.299474683073974e-05
addr_fqdsd3azhmr2v3y6cc055713832ru9r4zv5tujrefn,3,1,4.391793304413068e-05
addr_7ljc7p9e3ejtai7cmngrmmyb3wytt52hul4d9qvajg,6,6,8.463116939641903e-05
addr_5vaa3ls83qmrafhcylpo7y3pp03xrjmznrl16zwag9,5,5,6.050502972364765e-05
addr_cuaacbeinrdl6suniuwecian1v2abgp4wez5o1dixi,3,8,3.42635653064864e-05
addr_l9yy5c7gcaj5mj3xh4tul3mn93vq0ptfe86iztrlrt,6,7,6.863213648741935e-05
addr_yw49a4ejzee6pxzs69c3fic8zrdmnoihtv659p2bh1,9,5,0.0001273932176490902
addr_4iuuo3403wz0gnhat3itvyjltpr9d2jtv1ukrx52hv,7,1,8.06303235179974e-05
addr_3nu0ym3679156y65cbrtkiyhjojvtbecw1svj8qj1p,6,4,0.00010577260384866675
addr_xjw8yeltat5cof4shnju5cltg485418akt6ft1iefl,9,3,0.0001067425516255426
addr_0ufucguw0v0i1itqpq4bw34s764623ahw9ttkyxadh,6,5,6.366335743099922e-05
addr_dkaxjzjl514eoe96cyl8duny2o6s7cmd2g5aats0x7,4,7,3.96660721058035e-05
addr_3rr6uv0e9zz27rt01g94u76bz3crs9mqwoq0u2j2xg,6,6,0.00011062983881949799
addr_r4b45m3mrk1tz1pt7oi0ny3sn9md8x0ptglmy71i1r,6,7,5.017179969196887e-05
addr_41r7cx7m59pcyd2kirrnrnuyhe8jvrqvqlq93bvmy7,8,6,0.0001061102446580685
addr_bnkoj1vt4v7d4ribcrcgohj8gl7pjd16dupwdpekmw,11,7,8.508641337299835e-05
addr_ujr2r1m9094dbypfn2fha1cvb8on9izv17ertobf2d,8,3,0.0001052483337082515
addr_21y39hdjdotcwgfyuegthmhumpn14kh2xj6jmxr929,6,6,4.99573587981894e-05
addr_jby08ibgn7zh7f68rc48xbf91fl4uh74gnmmu05la1,5,5,6.364399729274982e-05
addr_txiaag25360vx7pdi8mczxiof72tmloc20w7zv51td,1,5,2.8240845725550837e-05
addr_mfaaynjrop3l1nxr80ouwchzi2msi9wy540mgwayy7,9,3,7.810459336800668e-05
addr_kt4p6cm363ey89zwi9sivzb2sup0ga3d7c8axios4k,2,6,3.929447558372487e-05
addr_38bkb4pcyn662jzvbyhj038pz6hmie6t8y1n9mcbn6,6,7,8.626806140631686e-05
addr_yo12zxnti2pulplcp91kxil19hnv3pl7gzbyq1lkel,7,4,7.846195337456974e-05
addr_fkw95fufcohsndejqk097xdl5n0jzx2zrsbzvn86tj,3,5,3.05860973033433e-05
addr_a1mhtfwxeosaymugpyyqbdzu5rikc33yc3zsag5o0n,4,7,5.4830074700445294e-05
addr_9cp74iqy59pbyjbaked7t3c4nmlu7ednukeiwb5j6q,8,4,9.331035187305896e-05
addr_nyctopst9lifi3osh3qzxy4a15f4jm8r7a4k33s5r2,8,8,0.00010254358742822174
addr_ltyhmp1hxribxal1lxk68gc095vkvudqzg2r7uc5ux,8,10,0.00012807757775061684
addr_4x6m8jsjs63bgpihk2438i5x66uws3zrtvc0js2m4t,5,4,0.00010432119606028063
addr_6ebpq8r4sy75o4b9czvq07wi9oumddbqrsw8ylexjq,7,9,6.628992472464483e-05
addr_yyo33zolc8m7li6u8yo5ep2ktmadvrecmmhaj4qdz4,6,7,7.53988386144003e-05
addr_5pruvobyhby85229hqpzaj466d7gc60uzf2ugsbayv,6,11,4.361532192012163e-05
addr_9dcnwmbxek0q929u6wtvmk2zyzsilu3ndz3cc5rqns,4,11,5.920936798042493e-05
addr_75tadhqyxthvbzqieiqa3lh169ajcwsn4pmn4qc20u,3,5,2.92743421224374e-05
addr_2lwhedhthruu5e51h3wqa1vrgss8k5ijulp98rl9qf,5,9,6.996800660005623e-05
addr_i0ipp0q6rs2k9x5a041td2shupsgbcwi45r07baoiw,5,7,4.410447261820123e-05
addr_i6y2zgem1g0denma65tkg2tb10wqkn60689tdhg4um,7,7,0.00010431089299398062
addr_53risqe239vppd2mn3e8czemuhtpknpzz0qih8cmd3,4,11,8.469601758103907e-05
addr_l43ce8yukrb8eue5v0edzukv65hbi7b4yom3lx56bk,7,8,7.262627317018662e-05
addr_aoji1f06b7il4z0glx45shalsypykt3oqh29nyhk2r,5,5,8.168040904160045e-05
addr_orkgd8twvm78hlh23872hlzddchzbusdeabu2t8neh,6,4,0.0001321219652656972
addr_bg1rfk97ydr4initl0hozd6cttatkh87tslds8mlq3,9,8,0.00024083857671642448
addr_ko38fbdkf2gsi8j06vi7x56ajuegq2z4t4uer78kgl,11,4,9.390510836710877e-05
addr_940vgb4bnnqpngbu6odlwtx80s4xz034pf29b0vldt,7,2,9.7059834302635e-05
addr_dclg1oocol1ufqrdi9wlmqfy4ymt06llbvrl1p8pgi,6,7,7.205508460709131e-05
addr_gu4swd5wc8az58ojxug4qvgulgurjkv8plq7rr99ji,6,6,7.789050288930206e-05
addr_x8rtcgbc54j3fs3j5xlw8ki36h6oufetn7lwdnocqv,6,4,4.00187893793096e-05
addr_s32z7hoorkcmjgxvnmgusw7r2szvce1ryw9mvcbayf,4,5,3.267352906612353e-05
addr_1rqh4l2uuj11n8st2d71i39eubpvvf61zuqzpxvk0b,10,6,9.061172648104804e-05
addr_axizlesemgblfjmzgwf5am9xajcg2lmllqoowhkvl3,3,6,3.921257294317339e-05
addr_0m0t6gty77p7i1q9mj3ffpb7rqqj7zkulhk4lx3dxd,4,5,9.196426353117436e-05
addr_76enaqalu1dxd1yk91ra5lg76o6erz4uxjfv71ejxy,7,2,8.247092045966074e-05
addr_s2megg9yq2a8z6fmwaon9sn00mj05k7sju5rhhd2ez,4,9,6.741315442985971e-05
addr_p8cdkcsr8gxkke8as7h4by69l6ukqxhon1rm4snpix,6,5,6.677022388977425e-05
addr_v8ywddgm4g3sqa2zqrpvrzjuw07ec9gi2kumnana36,8,5,0.00011064985044342676
addr_iov27pxv0i1ij0k0zdv8essr8yxnchws5v4wra5bqn,11,0,9.876003353643591e-05
addr_gv5xbvgv70a96u07u9nf5j9knzo3fuy84wwjq2dsoc,5,7,3.75376412045846e-05
addr_8u237iovpt9gnal3u8il9jloqh5e7lpdbh5ww0l1nb,3,9,2.5727455232387552e-05
addr_304nwf222gtlvu53y15caeelsx52gwa654nvguw6yz,10,10,0.00012504396354698276
addr_569ktkigvnh5n9ktaxy5hyprbi87puoy8z39nhiolm,10,7,0.0001305866728951843
addr_5abnl5nd5rnjhak7xuj6ad1ymsaw1w8dlqccgfb95k,5,6,0.00011988315782992593
addr_xru4vsmhbw4070sjznuwm3jf3sjhsvdxohgk5p6sxp,6,7,4.1468736793622075e-05
addr_5eglkxg7hboaroe2wbiio3bd4xpqvjnpbm10vk99jz,7,3,0.00014356070425440736
addr_e2eluszlvzxvi2756gzvz3eis9xtizsf5b41xlp6ee,7,3,6.879630323760928e-05
addr_uqe8n4mtxy5fb3stuv2l129sn28o9rixf01lvj4qam,4,8,2.9982224632389423e-05
addr_skstfqcxz1gl29hz29juf4o0e541xupmkv8rvfvdm1,6,8,6.452186881173252e-05
addr_hgqbc5jjzrgh4blljfj5urx76i9ucrqd2cctf8xamu,9,7,8.462135611530824e-05
addr_l116fvvccl07omp166wcbodlrmb2un3azz533hddg4,10,8,0.0001283039098611669
addr_d017txrk3o7dcaimfwd6aoqeawvtoyz600ii0qd97d,7,2,6.286792649044391e-05
addr_2l6j0az77lithu1km1gv9dw0e5iawp9mmif2t55dio,5,14,3.398898939089366e-05
addr_t4opqsl7m33d2esx98gsta0swzourblty7h789a6d6,6,7,5.4833607658028925e-05
addr_fa489cbi2mknkj20z0e677mckum88bw69zmq9p7eqf,6,4,8.002466290686583e-05
addr_ebvmxswtslo23rgy9t7gjtnahepovdrvt4qrv1wqy4,8,7,7.815305840837586e-05
addr_h1t57309a8z15lyn9hinlrwzpdnl7pmf9it4vos701,8,3,0.0001432299851612957
addr_ipjiylqx1um55f1hgav42t8llihkpj7hme6p4np00n,9,5,8.071803436295181e-05
addr_p8msdgujjn519p5gxj59h2ol5mft49icetqtrrcf9h,2,7,6.332002523443604e-05
addr_3n50bv6sui9zq7xbh5ju3ue46neoazuvitay1v9l29,3,7,3.718153756807734e-05
addr_2nia9ao4ysb545zf18hk6kahtkscunppuyxpznoypc,6,7,0.00012227654551562466
addr_rzuun6xgytbghroxil6rsofrvaf6ytcmbvptgsivhx,5,6,3.807771642476499e-05
addr_k6tx2ikbe0qab7ur8woieel873qeo7p58co9bjmty0,4,7,4.63949705407728e-05
addr_s267ber81iynxprwms6l52306qj6ff6dbhdlp8uhmr,7,8,0.00013850322101884792
addr_upsc32vijc4rismc40otx3zp6ua7wdnwxjgcnme0v9,6,5,6.745231597775885e-05
addr_o37u9ssbu7ge3ai6aynpe6swyu2rnadkn2k7it7xxd,8,7,0.00011548439997594845
addr_7duv51ufoud92zzs2zojw0suox0hwck7whmgawe1fx,4,6,7.994522561589768e-05
addr_m2xd1aj05fg2cunjajdzk8rmb2n14eg19lxwv9ws4v,6,6,0.0001387232677058382
addr_2tly1qgouraird9i9k4cd0txfgv9pf3nrnlb6s7s1n,3,4,3.233499824341839e-05
addr_y96el8zg8gh38y7jowls28nm5vm5qykjf8fzpccjy0,8,5,8.792607263277639e-05
addr_eo65d7yv8lzgdmlsqmqgvlcnecat8jryffw1101o5g,6,7,5.1007094198308375e-05
addr_7pv2v0hvc3px9bishdgqsdyo7kcokisebc9b6c192n,5,10,9.334821328905275e-05
addr_naeo0142jfutgshxm42yvklu1eao1l9nypu87h0pos,8,9,8.468726031911076e-05
addr_ku0man5snw6i51wgl621v2zv9hdex4e2mi1aa6pom3,5,5,4.09580597479589e-05
addr_jm9rcfyvw472j5zb4fh5bf3thcwhrgxqdrslvd89h5,9,5,0.00012845632774358516
addr_dulu6id8qe0w77tt5swlrjxs22i0iz8znmb77jns4j,12,2,0.00014892215088293544
addr_4rcabyo7whuz0qlzzigsj55utlw46jl0v12ld314qx,5,4,4.265271581587119e-05
addr_pyts91aff0gg9g3ugsgs9g2uj4h6ho79a39iqcz9gg,8,3,7.625183490626526e-05
addr_culvtjb2fy1up2p8eaxsxuccahxk9d7e5eb5wwemcb,8,7,0.00011379072593018919
addr_fzflt8qu7mausrdwfs811f3l4hebnwxpnd35xirx6s,10,11,8.799051730889688e-05
addr_ev5av8388mruhl49wotpxv3md60gjpwpxuqzxfc6lh,6,2,7.47068550791532e-05
addr_oconi8okhnn5jo4no6kt8hona6i2ehpbnfsmenkfbh,8,6,0.00011313252359648784
addr_wpj8yi340sqcnf9w5n9c70pa8jx54pegjks4i2nr1p,6,8,8.106865895244818e-05
addr_j2q8pc0qqae4rkvytqvax0f6rjivg6su49wkvgkq5m,4,6,3.917000041969717e-05
addr_4vt8hd1xzpsll8l55atthnvod8o9tq9gyati9b7ksi,8,9,8.599024864651522e-05
addr_z56obli7ec1at133q3wpdwwgynlsl266gbmnizke1o,4,8,4.5602400710747334e-05
addr_x0sfrogvgye3dpkr83mvflo548smhgkqe8yw4160k5,7,5,8.978359812877114e-05
addr_fmld087oizy7n0q87qijjqxt30q4rfxk4axdjjnay7,2,6,2.5208241258526167e-05
addr_3mm23qguzgx00mqydzf67ohdhjo2d7g797yzd62ta9,7,10,4.824207805665132e-05
addr_r54y3kbegzp51v95t8xwfs84zz2ezmp9lvqp8s2kgi,6,6,6.115115951841518e-05
addr_9js2m3k4agmbzbv8rdszt592ltqmwc9l43e7dzq052,6,9,0.0001103818997093244
addr_xpq81m8gkqzdl0cyq5afp7ys1j2gn8yqsm4gwdj4sa,9,3,9.193544858137537e-05
addr_yhu66zo3saup2y1tjnhhnc5pa1bvbs9io510af8ys5,6,6,0.00011446560826481296
addr_ih18geo83u2r9tzxto8hspsqfqwakldq7wopm47bjb,12,7,7.75534260016306e-05
addr_9a2qmgrmy1ueskyhl5x97mkdwgoxoxqqrka3rem7wf,11,9,8.2902585456095e-05
addr_3cus50av7h4vcku3cqbheyysm4yyq342dyqzs5dupx,6,3,5.479615064197408e-05
addr_4ugoyltlbgnkvcak5gutj67wh554bem3kmcb03kv0i,9,7,0.00010679983955210499
addr_u9705jqimo639hr74zic8lkd9jjdnxjrgbjbsj1i8m,6,7,0.00010082464859572988
addr_nhzj7j2laukd1ttjwyxgcjfqrd3afedcsevynba60p,8,7,9.240649225494866e-05
addr_dap1yruhg2gbmq4wwn8vw164xigdek3eioy70w0pxy,5,11,5.867342351098963e-05
addr_q1nt6vohqlcvlket3rlaifm31a4d9kfk7eqaehl40u,8,5,0.0001223733544772673
addr_knwm5x2k2nki094scbal3g8s707z1mv9ex1y1dgka1,7,4,8.535861467123728e-05
addr_na3p8q7xklqjo82p9yeplk9vdsvdw6v6xj1iizpp20,5,11,6.39937026050952e-05
addr_kc9jkpficj8fz3num8ngaj5klcz0aocv3enpylb28c,8,6,0.00011086764208076827
addr_1vik9s2n3aollhk3h1j7mwukiz0ia77y9hm5vpl9do,9,1,7.884981155686936e-05
addr_l4cnygajrizynw1mbw9iohn6itqikb8052porg6g8h,6,8,0.00010882556415526881
addr_dewd6l5hrjae8qk4z91playybgrxh5lqxxeglziubh,7,7,7.33798855624619e-05
addr_t05axtpb23fu2xlpf7caxgempl2876ix8tmr1sv4kl,10,6,0.0001577942248326128
addr_lpd53a8fknbyo27k6ktexxaqiw5ycwyu2luh0ptkse,5,7,8.847674886762512e-05
addr_6z9hftlk8s5szjnktp4ksji3boqo3723gaxfz4eny9,7,3,0.00015017811922621074
addr_0bsvafwsisp7zcnlu9rp78d7ev2q35xtb0fh8bbnkw,5,7,5.8436271749565275e-05
addr_l5y4rgpmc51bfxgnb3ep18hjd53xq1vp90p9jptx7w,8,10,9.725765324955983e-05
addr_wkn0a4299jgctb7jqsy9c2m7wg1vppny9wflg33kxe,6,10,7.142270621195576e-05
addr_b5ja3zu6842vkqf1h899ludie5o1f6mggnbnemo0rz,6,5,7.324081113883115e-05
addr_sp5240sfkrg76pzexbs913s7kw56awf0tcukcozuow,6,5,3.7511512953200776e-05
addr_9tzg0u04huvjp6r8gxkrnyff1q3bujfa9v5ps0iw7f,6,6,8.967024456927123e-05
addr_s69dlm40pq2nrfbr49ux683f146koqnnvdg2tlsy8i,6,3,7.452408259606362e-05
addr_txpmx0nblm6l3be7j9c1xwqiv29en2xx9087waba3w,10,11,0.0001015989024151801
addr_97cadnuece8dctgngvufsbl9aw8h2mn83t9kbjrs3i,8,5,9.066373604122455e-05
addr_yfr53qhtrt6rya8gva4n4gl3kx80lkowz3dy0a7i0y,6,12,8.322091048383173e-05
addr_531nlk6qxqbb3lv7d3ldudw1v11t70730r8tihqr6f,10,8,0.00010163654777140919
addr_c7qv66a9kf7mcblqa0eh9y992rerq0s9gh5e445poa,5,6,6.485452663895797e-05
addr_3gakinanoyn4ptvhcfkxn710v29j1o1pua3iw8fksi,7,7,7.957200701862741e-05
addr_00kuo1xlsqms6rn7svu3npwabxi2vuo5iyvftz5zn2,11,6,0.00018219235965784882
addr_vfotxkikawsjy3fq81h8lkqncjf84asyju7hrsswpg,9,8,0.00010241953541263511
addr_xelpr8lwjf4sirye5t6p9c6pulqv67x16bpzuvl63b,6,5,0.00011028213314673584
addr_9xc3ut36wdpcsufizmembyv6opb37jxtgr84zpb1dp,9,3,0.0001460897180283966
addr_76jhs6jch5gzbm8qtyqfdjvmxyygy51ase7gudvkjm,4,5,3.43295597927644e-05
addr_goecq3is777yi8nou76ujm6xec6dcpvgavrekl3qfc,1,8,1.540459044471293e-05
addr_gs0ijz22r2lay3r4alf2no1rr4yevfwfmhdsl91j5n,6,7,5.8384287916428616e-05
addr_czrt5q58zmf157nas5giv4ykb7ci3npcmpuz37v05o,8,10,0.00010584038520401645
addr_l5wvn7wn1qqk6f7mmc1il56f45rcoiib02e8ome07l,6,9,6.98185482859513e-05
addr_lfufnja9npbdg0nsb1645u3txdsjpcgtn5yi2edib8,9,3,0.00010604946371874357
addr_fe0b17my6xlejwcxa78an0t4g7a4psr2826u2vfcpd,9,6,9.415562682456182e-05
addr_idko286kmtxyun9n8ovlgyb5ycoz6js5yy3233uxoc,6,6,4.878801758127127e-05
addr_jyb2aafdhsq03f45bfgavxreyu7jcn5axkyx24issv,6,3,7.597814929858636e-05
addr_xm502lfs936a4qkpx89t2ee5rzf6jgoi8aqoxlpdc2,3,4,4.575378089781931e-05
addr_worzkgngi15juh1quvwec2sumysitt3n463968qbbj,2,7,3.6229415488518456e-05
addr_qulp1tp60ap8qcjh86ltmdmxlpl08gxtcaccmapx44,4,5,3.628009391674072e-05
addr_hu6zk55blkyp4xp352wbjydj3y6tz76ootzk4fz1i7,6,9,1.795331070083203e-05
addr_fkshbkjl77nw6vt9fae7wj37kke7jy6i6uaej3wrra,5,6,6.100749017543692e-05
addr_byus29akqivcguegxxrw1ix6zyaxi8c8ua8txl6sn8,7,9,4.354035661164224e-05
addr_cll1cit4m33sva88xl9u0n938tfshmj9uk4nfy1s2c,5,5,3.3348898248523156e-05
addr_c5pnedl60yokr78l1mrd8jpabsm2oteymomlf65j1v,4,6,2.03052975505552e-05
addr_q4rosnfdls4hn6ub4eurb6cq7vmhxrylavnh3ln3gp,5,11,5.71853219842415e-05
addr_4fni8tkflocqtzi635k7jwdcx8klub0ttxqm18phe3,7,3,8.525970145191172e-05
addr_iky0vuhebwfshyygwhxuin451ygh9vjw5251en98jr,6,9,9.945628457844614e-05
addr_0h5bzjgxmr5ibswxx8os3vyc08ww8vmcnqjmwbl0uv,5,7,6.525518427790125e-05
addr_trrf2zmvsak2oc6dff3e5ghplcghjgs4msrbht0e86,7,10,8.53699086661442e-05
addr_p9ywk8vopf1it1pk51k85ady4p9ub8v2tzck1hf4ze,7,10,8.973648523732791e-05
addr_m8i2blybx7xum8151rapktq522xyr4dgca8d7n0a43,5,3,7.547816633592035e-05
addr_e2avfdx2c18xvy9q8umbjer1o2tuz22jhige4kvcrn,9,8,0.00016118962858382543
addr_ci57b485sg4qlx2jwdbzsimsoh21n7ouqyfvu6og2c,4,6,3.0184761010166607e-05
addr_kio5b6iijpshoxxaoz5e7ggo46x1w1qxph1y3bqhok,5,6,9.375721729678471e-05
addr_7x1rcq1m0cu2tf1uf3g86c2gs4ye45te3ppmblc09e,5,9,7.716585925055391e-05
addr_m5truanhqae62fah16ijylil119c2qm7adjtbfe4pk,8,6,0.00011093495022782909
addr_03sdz3559t0mj0xfehxq28czrb1oo4c8aa3wmbbqmt,4,5,6.46969552959482e-05
addr_miuas46gnkkwe64sqxfs1fg7jj58xw64qix9ps4o8x,6,6,5.991392482373321e-05
addr_sn7940kvtjplzq9ra08idsf0gnzoqmex195d4i8xvn,6,6,5.9110563901738606e-05
addr_qixy2z9f5v5j9vtocddh2zu37i27xzy7m315m2vow5,6,6,5.0059302299521125e-05
addr_qxyt3stqyb8ukiv57978dsnp2sufjjl4r2clk7909u,8,5,8.51218707690107e-05
addr_uynhk0lx875do985rvla2c6jh00cr9guqu32mna2vh,1,6,3.937494244878244e-05
addr_w87mwinlft7agxv8sdo7ogel4dfhvqxpl0amq1nzg9,4,4,0.0001121494145107375
addr_gfqc63yqiyouz58l0is27o4j1fija1jy8xj698xk3h,3,3,4.493050638550449e-05
addr_pn74lb5z292oa9i1fnx3wzf2b6en19xz4acgoleqxm,9,9,8.886660188707581e-05
addr_iffxilxn1jmvg6de1xj4bspv0ah0zapt88z8no8m3d,8,4,8.687262934627643e-05
addr_06qw64apdd8mghv8f3q1rc78fjo5vssbq12dcu184p,10,5,0.00010750407899974666
addr_34r3hr7gsrjxvrpw6p6n46fmsf0c8ybmup8896dceo,6,3,0.00013201684026337265
addr_foa8s8ponu5zzylzyjy8zi33n3kcecv8664vk3mp3c,4,6,3.883109897563303e-05
addr_ubq2u9xiycovcgta1dpnq3t19kgkxyzf5r082se4nr,5,6,7.801775188122523e-05
addr_2elalq26unvsdkv54c6p1llh2r9peglnukx496k4o6,9,16,9.237439449598962e-05
addr_uikoxhjkxyemfhpyrzz9l4bacl5nwm1mxztslqqtzp,5,6,8.6464493557195e-05
addr_ygsupejqwa3wsw1silubhb5djdw8y31wow1sizbv56,10,6,0.0001545710036379353
addr_5e0zodfyktnkutcedfxjpwoxbro916pwfz0pbfde71,4,11,7.810414501892818e-05
addr_n6j8bqsbwef182yc543em1x32fgbjtbxn7lgtsjk8l,9,4,0.00013223920795109274
addr_te9kvik3qehqu4bip9azsola7azor9mbvcmm2jg0si,8,8,7.875230675470403e-05
addr_hgq6srp7b4hjkwbjpclmsp94rwgkg5khl1crhm22sn,3,7,2.9274064857348893e-05
addr_ldic0qc8aw4cxf6uzn4ujfshen1mjh52g0fiavath8,4,6,4.356665334022982e-05
addr_r3l26yb3jlqttoc2b84cq6tffv14klg9vn8fff3kvv,3,6,3.8042746989369794e-05
addr_orxhyduzyr9fwji9qqgvo3wsnsa65sznpxucv6dzqg,5,5,8.33110620807296e-05
addr_l3coktlsnhcfuw75gkbxfxfreh5ewlh47pnacazgsl,8,4,0.00011676009541633012
addr_zt4pgjm00ials1jav8nfqrwuefg0k2rtjcpfkap0wz,6,5,6.664298523874896e-05
addr_khsalj0xg9a2n1t9832ynvo8mlf1bdshc98250az7l,8,4,0.0001047938347722607
addr_rd010hx5bfjy8s34r4u0lz9xb1w05aj70zsjinwurj,4,6,3.6206779479756706e-05
addr_esne8qpu45b3ax743vc2w4054g8qde12wuw60n330p,9,5,0.00014664705358582373
addr_7ormu686zvbtz52vbcnlz9mui11cyj55fydqhe0tm5,9,7,0.00011971295665346419
addr_kwbotetool919pkid6000tf1vcf2p92bxndiszqck6,7,8,8.851483737419985e-05
addr_rcen7k917ipezy37kjaqiq9kqn48y6690z3xsykpae,6,3,4.8375101232717796e-05
addr_7uq10ea1ervtfqdulz44hbr4rbcsc876h282epcg6g,8,4,0.0001533448569274601
addr_gdeq866m66yoac23e6i3ne510w3oeox9x70npg3gz6,2,7,3.442163467217118e-05
addr_togn1w1ht7pze9vifttd96qe3rzsj49itn7s55j2o7,10,8,0.0001538687941455889
addr_mfod5bndwe2sn7hiz3rv7pg0qopfxb9ki3lt0guwuk,12,4,0.00018039751656435344
addr_be5t6qiwk1qz1ybimcul3fwbj8zmb0pyj52d34mzrp,4,5,4.954243451869086e-05
addr_kwsbnppco5lrlfg79o69t81e6b390bochvesy2y1ht,3,4,4.4552737966528146e-05
addr_8c4vlppxcso590f9ih5gednfjx77dgj48t3xfbs2bn,5,10,9.518593771754161e-05
addr_wgqsqg2nezkb6la0di2c19zv1aj16l5pazaqo2ibza,10,11,0.0001534618107532672
addr_1ptxgsrmq0mlolnta81j8rgo5sebbmjxmikwmvw9kq,5,8,6.020654412661141e-05
addr_conmp1c7obo1x3owv769zdq8q01buaqr8gsisx59mr,5,6,6.6990966930107e-05
addr_r7z3uorwaobc3oko3vpk2u4avpmx5l77ibrsjox505,3,6,7.348275002324159e-05
addr_hpo51uatzx8l2cspjimmslfs6llw84hqkchj50mrwa,6,6,4.9006542687550095e-05
addr_g8j18xib19sxiwf49gl5836n5kzsw8lghymsrwdtiq,6,5,6.582100499110365e-05
addr_37f7r0hj5vpiuddxmok7yz68lq03ozy82ntp4gy73c,8,2,0.00010884296597373584
addr_ov7w5raul9rxb3zh70q4u8chj7i0a8433so4u5mft3,10,2,0.00010619309638666913
addr_1qxoe0teisvf569lztmy7dp7ivuo7g7i9nkn0i2k8s,1,6,1.7845461428794902e-05
addr_bpl9k337d502ii9iom3wkvil30z6hcn86s20kmb242,6,7,0.00011865950394823764
addr_2d0e50kg3qxmg624luhj0nvon15oqo3zmb8l14qke8,8,8,0.00014468230635647077
addr_omtc1hvzfiomx1wqwhetdai3bdz68d05xp6ey8h3gg,6,8,7.739247546932065e-05
addr_b8mvhel4epoles0s1luu8nkp98tids7v5h7j357hq3,5,3,7.577113411041085e-05
addr_7ws1o8asg351iwmzvb73ox3ep6oq5vhglq73oo7r23,6,12,6.267198175065545e-05
addr_3ux2zfe6nim8048imj2cga6tnhue1ly7xt1p23ee3x,5,5,5.842525776776216e-05
addr_tkm5krn3mjvw154c5ynq6mrqme9fth076tnlm1d7jg,9,7,0.0001566401893727746
addr_u4jvgw3v45hzm7iij11iozml82mjozah46o3pts2my,6,6,6.923450155185328e-05
addr_e6821s0mzhynmp6rm9hdp5z90cdgbii27j85d8c3go,9,8,0.00010906122140732693
addr_vpm17c189vuz1qi0htvlsy9jl7krz07qdl4u3inonm,9,9,8.521448362158954e-05
addr_flyn4u1hent0fnf3mk154wsmlxgbluxtfa03nymk81,6,6,7.523862463857555e-05
addr_i3rnq3c6cqpwd0n99zgv7x821c9on9flkrmbp4mcp6,6,6,3.8134582941606205e-05
addr_9qbz03agncw0jf16ot7kc168ua6bfbjq2s97f8bx5h,8,0,5.758207954636447e-05
addr_c1k201efroqlz4jjheoiz8z3rq3asotcshvvijemru,6,7,7.620367838069461e-05
addr_l4ozvornm8ay119av1l4wpe1tj72g1n1l76kaokiiw,3,7,4.4432869616357756e-05
addr_treq01m596xkjxgd7r201gnwusrh5ttfvt65lzric9,4,4,5.338630696786717e-05
addr_zsj0pet2tueijuw0rnvksthjjfec7hhl14nq49ul4v,10,5,9.778282188103145e-05
addr_f1soyxyuac06isag8u6wk0hgq32muz20bh2fcfhvy4,5,6,7.762562968636473e-05
addr_z99c73qwdtcpleaezbmnc1lxgbnz2dz2lwzu1huyg7,12,6,0.00021380643117621724
addr_ff3k8hpklyy55huhrx8vg6fl0rkgx1ckj1emkyebms,9,11,0.00010423575146340593
addr_65sx51uxlzij1k3kqabcre2lsvxtwal2zyrd6nc0ma,4,9,6.105443597370294e-05
addr_v5a82708vqgru7x6zeecuawp2vunaonb0jug547ja3,7,3,8.425490906679883e-05
addr_8lilc5rj902gx097o3dd5nvz4avx2ce837bj9j898h,2,4,1.9846748713943453e-05
addr_980od05dp02a8qmbs3rmjcpzdaalzxjlv1w2sedoq7,5,1,6.265920090198591e-05
addr_yfcsq9hqfs33v8vi6fq0n8mdrp01g8zefhtirxc2xe,5,8,5.228690341974451e-05
addr_qtqw5go2yl0gts4lq34emdb9rx0umu0fzi5beeme8q,7,5,9.284019518647047e-05
addr_t4l37gmjvcecnewlqt5jhsl4ubb8f3r8oubboizueo,5,3,7.267872137661008e-05
addr_1r26uw836646r1fwv61xez3kptq3tkuz0avosz0sms,6,5,7.642137659434816e-05
addr_s2sryzneekdu4ltuqb9iznduaupi03l4o212zg57a5,6,4,8.175528078159304e-05
addr_6zma2esvdo26qveipla1rene6hzn0vvj1dtmkxd5yz,6,7,4.847243004796513e-05
addr_wrha82gaek6yzse6tnceqhr2j4o9s0nys5wpdwnbt2,2,5,4.0511081284912766e-05
addr_z1u8j96odohkw2tfdmarhf5oz5dwdveboc28onzg0q,10,3,0.00012319948112472206
addr_vciq13egl479fydzixijsk8ft51ntkkvsfu34jyhv9,11,5,0.00012872670740104834
addr_6i85qiti6b2k2ku5bcbclirlkhed266sbfbx61ng4o,10,6,0.00011760227854193418
addr_pj36g69fxwixtkop0ouqsvu5yg9p0sf9t3677af5e0,7,6,0.00011866899807679894
addr_blr2uoiyy4bvrbeas5xstfy0lbom56cceesf78efnc,9,5,0.00011832563591494001
addr_98jlbwil8yl0piunmqsz60vtipv17uk5551fadhsvw,4,11,3.60259826953173e-05
addr_hd34u73gz4tyxpv5gxw31gs6ya8u3337qc1xxzjcp5,12,5,0.0001773647460347151
addr_hv625a66wcmznv4phrpplqvvdsge4o51hlh1dwigji,5,4,0.0001027358328327988
addr_7vxuqdrmswjjjksl66uml3sojpx16f1kyntl2ug05w,6,4,3.0392723481019617e-05
addr_wliuvj40y52ygqymh33dharji6yb9pdgkrjwtg3fim,1,11,2.3937284955746937e-05
addr_1eh8iwgwnriuyvp32bi9kc390hwahya3op2r471va2,8,6,0.0001129924102278435
addr_74v6aousx9dxznkqwqyo6ilvb8dm1aozujv1cijjrx,5,8,6.862801608672254e-05
addr_6bzrvoluib4us19men0w85vklyf9f3ixyeqwe9t2d7,9,8,0.00010629459243391219
addr_tk16cr505zu19zb0owrhm2hopqa6f31buzs38sjwu0,6,5,4.97486377983581e-05
addr_dmjgsdzveccogx1kw5rpnicjdtfix1a69flalx8o9t,3,3,4.15828093529133e-05
addr_fue3jyly18883thzpcs8wtjp9hzv5jp82mv573o0bc,7,2,0.00011627247617814051
addr_h455p3pxn71tby08wy4vrbxnyg85nsdqxllgljs1to,7,5,0.00015528385741575115
addr_03o6wy966pjoiom8l3zslu7mgwxp6car9339yxkflm,6,5,3.998156462910278e-05
addr_d9nwvck6alwm4z38tfgp42c8lfajawe3wi0qgw906n,11,12,9.972900953485392e-05
addr_l036b5co5jdg7zbb8b05nxu89xxdthwp7y87srcldx,9,4,0.00010927696705754062
addr_svru6x39v61vmn62897scgux96b1jzcgwewqn9j15d,9,9,0.00010344334314118385
addr_3ria3gb09bml4yxbppvyazlt3n27a8te6ojb5jux10,5,4,0.00010717501535059755
addr_wju5ohsktbo8js464srkcw9ah5zrxyz4z21677ji9l,3,7,2.4418684973586697e-05
addr_k2f7u950eyxbcebs06s61vfre1kendikxqzmgawoce,8,5,0.00012205869971805146
addr_6sn65ci6w55rwyqsp7oc20w751htc2qd6b96rr2cew,5,4,4.427505260176675e-05
addr_svyj9biekmg1ixd49fl76cyihjgitmpip1wj4mt8xm,4,5,2.84460893044252e-05
addr_rcp2mx620dl71mtxcz3pnbaiea884jp7n1z9vxw9nf,8,7,7.110352358740359e-05
addr_9nc6f6ygpnibvyvfu6jw76gql2ybz6xbv5yikg9uqk,4,4,6.153013892005175e-05
addr_4xmgasjnwkbp9an2zghlya04b2cxn8u73l9cmcjwq6,5,8,5.982536913565221e-05
addr_qcb40xrrx1p4bkg6jqzszg763ikkkj686jydrwxdpi,10,4,0.00012921821167857954
addr_a98hty0dkwgi0is7ot4h3vceib6hdjx5tsqhanil80,7,7,7.43383561868328e-05
addr_fv2mmhi24gmelo0y5y5a8r63gq3mnf2lsthz8ct8e7,6,9,7.319561334548351e-05
addr_e1eoxyc2yqov07lbe239o7f48s1k0cv7c3t0evdd94,3,6,2.1204338811380965e-05
addr_4nx3yugya2wclbz7eg4ekkr9riuc77u42gbsn9grds,3,5,3.2388099483787685e-05
addr_bhlv19jqbkevudxdrq5dfh7ti5em3pvyvzrycejfk0,5,7,7.201882555095931e-05
addr_wcf63ekhejiop2w0uwddrhrok3kw1nkqswyn0fx9yj,4,6,0.00010985256999679388
addr_jqzscayt5fu6a5s7xdlg4t4dwefs6k591mb0j6w8v5,5,8,4.1104180332628216e-05
addr_bdccml8tj7cgw2mow4buz8cb3l26yxkg1qe1e4at6a,6,4,8.023450459442888e-05
addr_vj7cdxj99tdo6k1kpa0d0xg6m2fuy7cdwowfwsj62m,13,8,0.00015932508123411181
addr_sedrr2whbjf40k5yrlp05yqcmv3yve22em9mi0jkkv,7,9,7.763075854365352e-05
addr_vn05c8mydayh11mysm3h3tf2nnmyujqecnml5lkvlx,13,6,0.00016176569426463205
addr_em0l0omew6qb9brucmstzgxgwifnhmiax82me53eee,9,8,6.3935620677671e-05
addr_yx9rslylzaytr5dj9k0nbted0buiv9v9uj5w95nayw,6,5,4.612356561800813e-05
addr_lowji8qte4byskdn64ol7gqcezyjmf2b72broiy0lz,5,8,3.490131394156171e-05
addr_xkwq0ywm9q7ftmfwg895na2fqztio4m7pp0pnnlo0h,11,5,0.00012664512038595846
addr_nkdat5l0n2tnxhn5e0ev6xgz7ctm09hzbgtj54696q,1,8,1.8794692675684805e-05
addr_vkesu8d95i8te1qu4r5vcdxiv975tt9nm8tq0tavs0,5,10,6.819963912624368e-05
addr_0kea6b1fw6otja9sav0v7f654gi5jo5m786t9db3nl,9,4,0.00012297774225954032
addr_vgavk01c38memzvcg8mel61gtyqh05bg8r88i5ex5s,6,4,0.00011054540261984546
addr_2utji72oasuseacpsk5zohq1qon2aw8ccxr8v1l91s,9,8,9.219596081812493e-05
addr_onw821x2b9xqofznyktkpkc33maag1wkadkmkkthyl,8,8,4.768243738128215e-05
addr_cq5udfg1xgdpi1bh1vjf8walk1cfqmn4viz0m9vewz,4,7,6.966628624585977e-05
addr_d79ulurfa3v1zbc827iz90r31a89ysvrkylkhr6slw,7,9,0.00014980515061019134
addr_0herhesxigzql15rnl3a7yrmg97p4br2fxv8jdy5qt,5,10,3.935530483445676e-05
addr_b1fks4hohgmyb4hizggp2yrfc1xwm1986quow4tlqm,7,5,9.48418792235714e-05
addr_umh9nklybwgmp9a9uri7ev4dh9ugf10oo1pvlnd581,6,8,6.26894739887131e-05
addr_v3mfiggubydu42kjze09yze7twyx19o5ufj9o55azd,5,7,8.172143012513196e-05
addr_id3kbmyejqejemhqwvveeislbc43x7y04ejqhh4ziz,5,3,5.429063618758945e-05
addr_nx6e7g1luqfgcizhd8kl6t6rxdgnriahj8nk1gbrv4,4,8,4.162168099754604e-05
addr_2ap14x5hyz5rvy8zl3tlo75ikbeug930bo9lo4jt54,6,7,5.788900038415223e-05
addr_udrs8nk2l05ey29trd3cgvducz0ech00e22uxy6hfq,3,7,3.376843091946216e-05
addr_lozi9ksl3xbonthmpcvo7gxcbvnwkew6hl5d0riosp,3,6,4.536104477512159e-05
addr_msxxeyidqjx6bdsq9p482qcam8qhtdxi6x0q9zm0c8,4,5,5.7385574408204846e-05
addr_q0qcilc6y11w509di2ubtpwxgc8l9m0jy6w353cuon,4,8,6.760917809171962e-05
addr_g6idac9ny1zgk4jtgbrl1o0303ivhcvermrz9fat62,4,5,5.926226397718443e-05
addr_n0cmxsv7qp4d2ik8odzbnoyi9aliu3j5wibzbllimv,5,13,3.306386333226618e-05
addr_3m1zdqu1f76439xn5ga9ly3mk5mzw1biopng3kj91h,7,5,9.966333225821909e-05
addr_k1hbt97utygs9e7cmknn8bty6byl0wlgdpitisfvrb,5,6,5.7864882554779916e-05
addr_qvakjhiv429x9nbyc3dltbra16xs4k47jumozn8ijc,4,4,5.886990855747321e-05
addr_1nhkoq1un4mln8d3eqk8877rza8ahz48aymm8h0206,5,4,6.228790257836701e-05
addr_75biio68mpwrrc6o8k00o2radskzyhbha9aiqvij7s,5,6,7.722858176707035e-05
addr_6enay8qbh7yu4gq5ybx4199ha7td8ri9amqc1elskn,4,5,6.060625303314783e-05
addr_w2bvdehyynhvy2squfucwm6j4gsffya85kjjxatmkm,2,5,4.0310154969180824e-05
addr_kygayisdtfyt80g19s63nbf0hbbnuiw0rwerk5vte0,1,3,1.6042245371917483e-05
addr_pb2qy0uhvfr4xrm7g2og98p4d4w00tbbylt19t1wv4,9,8,7.911269817769415e-05
addr_515y4wqqrdu9yfr1gz6fv7oiy2thxc0v8t780lsn6m,4,4,6.58635806032691e-05
addr_d0950bho3xzrzkyvmyjs9ed4ayde8bhk0iz22fd244,8,9,9.212865576446397e-05
addr_n14rbhpa95jee6p5onysytlvaeuuwb5spffcla17qq,8,10,0.00013393521411656002
addr_6ymh1nv38o357za75jy15got7k9njgrk1bsmlqzrd8,10,8,0.00016590684823451258
addr_cy89sewp81uhk3up3oq0o2j388h2mmjyf7044cl36e,5,8,5.533894004225916e-05
addr_pqn4d7wu6s60i2nt5nhegj49kqfcq70qikpzks7451,6,8,0.00017124458639019026
addr_4mq70mbyfr67mz8x4nyq7962jg0ozv9uie9ofpltca,8,10,8.911819929192846e-05
addr_45qdz1rs1j71zyx5ylisgsl4jfm4trse9m1t9bb3ww,9,7,7.375365874268458e-05
addr_26er86121gzidg9265w2ecwz5hd5knkolpdvqd7ix5,8,7,8.769093372582803e-05
addr_hwxn3a812g8at905eowsqhhmci8dfanaqb42bevomo,1,6,3.4966558764007066e-05
addr_296pohqd3oa9errsbxspeyhgmaj4v2yaboxycp42fc,11,6,0.000148149381280966
addr_bew35a4jfw0kgktlysynwhllxhesefwudwhv9hwxwe,2,9,3.3100329514621106e-05
addr_9udtlu4lka65du19el6kd9t8dxvz47ypbr1ycy7v52,4,6,4.663716046874776e-05
addr_u8dorgp52as6n75g1lw2wxwtra77u27d4l0bp24xh0,5,6,4.0558888227992914e-05
addr_e1p63l9jpf4rjdfltcrpu075ohti1lun75bdw3iggi,7,2,8.199347855045511e-05
addr_ifn57t6fs7kq9zfka542iptrwye1let5vsgkbkidpj,5,8,4.703859141558733e-05
addr_w9hibi1eq3rjggo83xjtt6ezyv2ehghwwoogeh47ol,6,9,0.0001239068759795937
addr_ie3t2ybogmof9q3gy28b63m6p8796e756zlll86ya3,6,3,6.715212571674433e-05
addr_8zuxkycqis9aaa97mkq6rx45cmvgacziksk9xchd9b,5,2,0.00013554116327193103
addr_vq5gxqofsz72o5nmxafxyuc7vveg6uia1nj0c2wkjy,6,6,5.1469961173816494e-05
addr_9k5hghgkmf4jvowtw0tnzxq7mxw8kgnwjd7fcxhw7v,5,5,3.7773075345138385e-05
addr_2d48yveycr0w0646eqk4zs0mxeyz11wijx3lcsdbnl,5,6,3.932865839644981e-05
addr_6qps2u1vi0ximm0yrjneehw2i1xd7bxwp6ovix7uhu,4,7,5.0209377682088085e-05
addr_uklc65mtb6nz51gv6mrd1996oo8cc1ulvmst66unr0,4,8,5.0444271278143016e-05
addr_htn2p67ql3rsnx1kc9x23yqsi8iybc1gjblcvswob0,9,6,0.00011085727960917705
addr_m8nojetz8sum6zv6061zv5e8twgesnx1nphdwtjq42,4,5,4.5378863238593486e-05
addr_ltud6dlgjvmrue9nwr2jft7nu4r823gok20pt5inuk,6,4,5.312488042318531e-05
addr_hr0mxl6lei97wumqb9gdcl56psou4n1u1kku59pnc4,3,11,5.708178017362171e-05
addr_xt9gxg68ebqo7bbqd2ey7avkhaf8ufex5v0jlngovj,7,7,6.423881893505065e-05
addr_9i5594l3mhpqi234kxjggf7e50cjf40pwmcv2wphj1,9,7,0.00014717277288962342
addr_ulv16p14yionu0vjp1b87zu5ha0onq67v9e94j7yq1,7,7,8.63988027094352e-05
addr_sit84g5vs4f603f0sn42zpbytxinv6c24i72s31th1,6,8,4.453654255808701e-05
addr_jhko73r024srrjijqyj72ji396ftfyuluu08mnntp5,9,3,9.33486939972249e-05
addr_nr0rw86qlah0a90mlxxrh1qzc8bb28nqlcsiic0vlq,7,3,9.02670651140291e-05
addr_86jsxrifr9pzj7cdl0c3lq9hitgeux3aojbujt9z3o,13,3,0.00017536597630290647
addr_y6qr7e563025sdi15h25zhl0qsn5qc35aznp7uya7z,3,5,4.259149463414353e-05
addr_5t2wyr9gwoppk0ind8im2efmqz8rqza0h0y09lwiwl,4,5,7.413375019725159e-05
addr_f1mug7naf9chs6oj3vv53r5m971l2wherhsuf1342o,7,9,7.507540340078223e-05
addr_51kkqwqfssehlz6qwktxmy8evza7qkauw224hnethf,8,5,0.00010327822417821296
addr_cw981d50gqz9yy7zejnmj48f03n0ipi5hdp0hrsczs,10,4,0.0001237232758856548
addr_eds9judplwuorh7iww3j4cdykg6uazkil0byvcsk3k,9,11,0.00013966468233762974
addr_xc4npayawvzce4s9tz50ubi7agf4oc0bol9083e911,4,5,8.655413817303486e-05
addr_quogofyom4ejt9qw7u0y2q8d2fh4w6b1k70em97t1c,7,5,9.29394662226152e-05
addr_dhif2boy158dl6nopg8tcb5m2gx5nz9z3jdwpidvyf,9,8,8.879174180903824e-05
addr_jik69ykb91ghpycerc6fii48tjv81d3e8xwuwf7vxi,6,5,8.145229841921448e-05
addr_u6anw1lfa5d077s5ilnbk690dftv945mm84dd5xq3g,8,6,0.0001261293610769237
addr_a6ahhcasikzoieasu29ee2a84n1w3er70ut100wnt0,6,7,7.233047570352352e-05
addr_0tepnqebjbckj9xyjjolxujf3t04lboqs0cy851py5,8,4,9.114058481515065e-05
addr_gqpurw6hs73b4e5zeflzlihn8v85gyg13u5jv7piyj,11,4,0.00010215700790207918
addr_aezokugtu27bq69fcayhe9q5bcl3n4mmr7q5icqsg3,4,5,4.803734299731169e-05
addr_nywbtf4qkw19tlklnk3y9bdrni7580siej5bk0i5fx,8,6,0.00014120810352689507
addr_p5mz6w3co8pe74add0gn7rvxq51whal104s210u8ul,6,10,5.85553988801471e-05
addr_vf9u0h4dop2fk1zro8gtvpdk030g9hiuamdustqulz,5,14,0.00011092852271506834
addr_32hnsvipg9pukcz9z4nuz2mhaw40rk5ocmac8lmu0h,3,7,2.718136322210936e-05
addr_jqnv6jflxvywv3pz7ufui1venhp4xuh9qhqalqhsx6,5,4,8.405745158790193e-05
addr_wf4duk4gc655nf79tlv0sxd8ssycwktgneuzxsrhhg,8,9,0.00013018182465823416
addr_xru3jlhjdbho4t69w9yx11jzcnwh0grfi75f2qdsr1,5,6,6.152881477837888e-05
addr_s90mubnfoqquu9ufgwgq5lgnzqc4utvz2vfkmmal6h,7,8,5.10624254646125e-05
addr_kk69evwnzlx7tnvif0xb9ei8bgi0upjj0mozmn77kb,13,8,0.0001388807781500234
addr_brw3g91hovsrm9xxk7ttma008wbgpfwcinvskhd1yu,8,8,0.00010468973238936332
addr_ufg5m9qlazxb0linsy3909lh5gwf2zmc99ajnh8kkk,3,7,4.839900734111637e-05
addr_natftngukg39n0qx1ji6dw8u69oly8o7cf3mu2r8m1,11,4,0.00012435946476807555
addr_vhf48uz27nr6dpfvhf1km8b543bb9h5c7rsmfqtndy,3,9,4.053441827918032e-05
addr_zy8gjmy3i236vcink4es71i30b1a4etqlcsxty82bz,7,8,7.050082588423781e-05
addr_35nw4ekxil7rtddyoz0xf0bk55kk5htset4mhexv1w,7,8,9.359791416196323e-05
addr_v396a393wuw8tx0xugl6pioaox9mcwf25p8gtpnghp,7,4,5.219689064593043e-05
addr_s7ec0hhgiqfgmfl4s5p7vcx1mv2e3pv9ycq6tzv30p,11,4,0.0001259400413305661
addr_eu1le4cn66mfkx1fotdjgf5fu5w4ipk1qp39rguv3i,8,2,0.0001071086868666742
addr_q361yuwyndp7x46f3p33ag6q0xvre7cxxdz39arrbx,5,6,5.504531120206854e-05
addr_iuvrjymy9fj6v523j2uu74tq6aq21v2rc0i182jqa7,2,4,2.512301056147844e-05
addr_jnxe885gy2790msst307bhc15jki5m1ri62g4u8l73,6,6,5.66802756831886e-05
addr_51sq60ljwyxuqhisswuelwa5t2uy3ohi1nsr7eybm5,2,5,4.659266659326476e-05
addr_6x87yw3hew1868rqjibtravoxyny31iqd7sfy02pcw,4,2,4.7825334764320645e-05
addr_396yfi7eq3o6j8lu25wsevi9v9j2fuw48xlpoy22cm,5,6,5.764292737617999e-05
addr_01s9bay6b0m1g0e5h0e8bcaokpm4sjsszxqt9mszr0,3,10,2.6812693889762984e-05
addr_1swl1rdas12q314czovfv7hwuwosylroiaw9uqxddl,3,4,6.44894051429902e-05
addr_vnhdczp0nwntj5r2slrw4vnzvzn2hloikivqa7izq2,4,6,5.945904649768224e-05
addr_oejrktbo2vs0jyvw8v5gozu336b8g4611z9et3wf0l,6,7,5.7801875412163404e-05
addr_f1zlggarg6svwbhjeyyznwrf72982rulpape43pimp,8,6,9.384065895210495e-05
addr_qtdvwrfe2f5ugmceyoku3xlw0w3smpj2od6zk4mohv,5,9,5.291390298283238e-05
addr_6o7e0c07jnqv55y5i4dfa2rn9jjdldel77xdx0jyd1,6,6,9.371818826832518e-05
addr_w71pl6sgk7738uuy2hhyyop6dorwr1e8uxtr13itxq,2,2,3.981357420002869e-05
addr_72egkqg9qlhpj34558b79rcbyyxoa7m81c0nh0zo9n,8,3,0.0001094585060329549
addr_hgvg3033a3kx0vjsb0s9mza1v22zk06d7nxpfvp1mr,9,5,0.00011875344620495908
addr_tttqwh40w6a718fvx9pd327kjo7rjtmg6t7cyx97i9,6,4,6.447611858441419e-05
addr_6z1sxzeztqu0dpb421eh1igzouzfvqeu1p1oahm1yx,5,9,5.758600384862751e-05
addr_84sw9zg65mdqpj5xi6fbtb33i9o40o3tjkaibw5bwe,10,3,0.00010319492159511515
addr_k3acm4henn3hygi8ieyxnht1t3mqlpfiz5c8abktf0,6,6,9.520581067503386e-05
addr_ez19yei8p4yedn2z2v17tz63rrpncsqc2vd8iqwfjr,8,11,8.941247305940942e-05
addr_o5jomjesmvcnho8zfp8xx6fz6fb7q2knjwhh6e972o,4,6,5.2572459712142794e-05
addr_1fypvyaw0tbljw9690zj9n103ib120ggyx86fa1btp,7,5,5.898016853611996e-05
addr_6y580wt3f50r34gaskabzpnim8dgx9vu7j1lqtc418,3,6,2.8858443659943067e-05
addr_uxcgi7sm8n0gs5qi3k21ekc0u697l4z7cvkrvvdjje,2,5,1.4211736306857224e-05
addr_ifqbkk2bilnpt95xj3y1xc2i92pv07uj4fqksd7gdp,10,7,7.499831871218421e-05
addr_l12p453alhzz81xptpxstgjwgaebwso1oi3k82wv7o,8,5,0.00010799551608515725
addr_mbvucwqlb2wcy445azd30m4efs17cso2hbrupvk8r6,8,9,0.00010395278105333182
addr_29s8zx5p7mpe6hh8vdgpb7ezzsn9rgo8ynmg4k10ff,6,1,7.395127577623324e-05
addr_3wth62zo1gbty65nwud1gwi243pnoknvm3tz07n2s3,6,5,4.662747550386251e-05
addr_sp30qqozzkxuwit0syt1btjcbqk8jd2p8q1wfx03rd,6,4,7.362526895524748e-05
addr_05kvrzruu3jngb5z3peabg99cxm6kxyk8p5u5xbo5r,6,5,7.71016802343626e-05
addr_k3nc16t1xbqmypbpy24lzfybievzex99d9sbagspet,6,3,7.5525135464766e-05
addr_d5hcbu7tidahwlm8mjhe8sczlcoj2s3jt4f7cv59q4,5,9,4.505476905399119e-05
addr_yfavlt5a9fu6j67q4ctw4ek5isdsavlg5prv432561,6,2,3.934132440996941e-05
addr_hzudj9957dwxyr78tanymrsl3g2yuhhubwy4hias6l,3,5,2.6664463947165012e-05
addr_jlys7jd6z6pq1auf0tj5jgzcy4mljzfudi4sp7qfq9,7,5,7.128234396616858e-05
addr_7tq5zvjbn95721h86xxtqfbm44fykv1q2yr1o7vh2a,9,9,0.00010726775617272932
addr_p3s6w60w5n8jkg0ox7op346whzr398l1q6ev9yn4xg,6,6,7.231533325075157e-05
addr_34syok93c3ty24bmjmnfsmywrtr89uu9xjgw3gpmwt,5,4,0.0001282335452440181
addr_79qz2dtjruafd4kuc8mlsslq99af38q37mb2xhy2a9,6,11,5.9139196920305275e-05
addr_c4jnp0mdc4mrs67hnnb7sncpi66nrwkvoia79wdv3s,5,9,5.824129068468882e-05
addr_p61hzl3se4wwopzqvarjcosag4q47e1eqa2sm8ieu9,7,6,6.581301586531205e-05
addr_c1wsmhpb1hka4hrait2mjxi5w1vhqxo9slps19wgxo,5,6,0.00012196218405560005
addr_5a2x54u44qunf57vh2d3ls11q01yhya0eiva8t49lx,7,2,0.0001104716741444711
addr_fklp34lpbrh9urx9056z29bofzn1vgz9ij4v1ntomo,11,2,0.00011642499465192309
addr_gohbzeavldrw8ivlc8mley60ne95hx7ctrhjqsenao,3,9,2.4501569895120144e-05
addr_xzqu8bjzy8kyw2p0zr514jlhcw8r69d341qsx30tq8,8,6,0.0001501818316273957
addr_rkwwcf5dek429m0ttd78prwy8zoi9hdv9nm301dvvh,4,5,6.045310427993822e-05
addr_v1fqzgt1g81bwp3y94272fv2dlucx1f77r8or11xec,9,5,0.00010846894538508477
addr_3lttf6ird9xzxocrp6ndsmr3je4a5rcn55m6k3l689,9,8,8.908720617492308e-05
addr_eh8xkrytxlgj97ex7s810egwg5pqkhegtb3lpilr8r,5,6,4.5587744069338054e-05
addr_slk0plzte44rwug166s78kb2c1mh1nbzoyw7yhrjrr,9,4,0.00015821414376164126
addr_00u1r54ed6lob24hy05y5fnx74ssd1jiuoiz6aaivw,8,7,8.813701343502261e-05
addr_j13mk07qrqf3mjqhawqy6j1cmc8umt28wn5z66e5ci,7,4,7.3412091349339e-05
addr_b9vhvt0h8euemupj2yslyllq1flbgx3mvxqbo843pl,4,5,0.00011323378967149199
addr_va3e1lg4bqdi506sp5fn62bgzvlr0nlxj8oxjomspa,4,7,7.754621205071041e-05
addr_xfgm9yt2efuw9bnabnt9vmuacfqezvoudkzqd92gwc,5,5,5.033236060192223e-05
addr_9l879de6jsxdf0wn6apomuu0f9cqjno8tnvfswdzpz,4,10,6.849832853343309e-05
addr_em3ota0qq1tly9idafqwa3jz8a824cqils8ulhm0dy,8,3,9.020904722515471e-05
addr_luxgba3mkda7gjpq3fobegm256t7wb7ceeok4ko1xg,6,8,0.00010244127244716105
addr_cu5rfxws7t9914ox3s3s6lj58v8wz55kc860gu2d1y,5,1,7.330618103224779e-05
addr_8th105oszqg6pkisb8363dhtg1d9ob6kb9z7fw0c20,5,7,6.330561614237264e-05
addr_dalpm2wsoqxftxv3z7pu2m5ewe0pxl7zpc2rchqts9,8,5,6.31107205305585e-05
addr_7odkef828xg8y72ivglye088o98bv78hu7f0i9g5dz,4,4,4.480363447432378e-05
addr_1zc4u8rnrjvkmr9ems6re5chmwaevr3eanzdy8y1xw,3,7,4.331457854674839e-05
addr_l8wqv3ymhuumpbsi8fnbuc6xree9ytg3yc0c9lul67,10,8,0.00010183839783850081
addr_50768bd8ldl1yrrmzgi6egd6ff8lo0wjn6vy239uf2,7,6,0.00010721555595902786
addr_auf2vm12syww78idkhuryjwfpoo3i20wh9p9p0njjg,5,11,0.00015630385398792763
addr_vp7hw3xs4ksbjaruyutydn5t5ei37jr2f52fsczr89,10,8,0.0001444997610684298
addr_8tuo05oymxi26zaztndpu5kv6jio0rni5qojivvuut,5,7,6.004186629141705e-05
addr_prr5bqtxqlcsyr3tg83nhps2qur0i53zpuv76m0oar,3,3,8.189852103196697e-05
addr_1efrgfrrg416c6ui6j7cpmrx6bok8p6xjsqt1y7wgh,5,9,8.397474800784385e-05
addr_d0xh2mecyjxp7x80nhje1e3dyywzl0ozt4lh19l8oe,11,3,0.0001189715906548715
addr_up9n0b8mdr44hziv8gnzpbwkd2rwbn508poicu563t,8,13,9.66437402857937e-05
addr_y3q6afi1rkp8lnhijx1jaykupbzbekb0pj6z30hzxy,5,7,0.00011585873438461933
addr_bn5ol2v6e3rk05ddzksil8vcshwzr3ae7h0zkv573h,5,3,6.608271582675182e-05
addr_sse9ray5e30juv58ibbuddk6gxs40lwahcqouxwcdr,7,5,5.3313958863774855e-05
addr_c806sbov0jr9okat9hcg2b7qv4rxr61m0bpdoovw1c,6,4,9.156027397131642e-05
addr_b7zbk55ab4k2j82837cgtie579uel87ohbor86gm45,9,6,0.00010626999406093849
addr_0dl0biqkzn341wys0eeyqr0mdw65qtta2qjz3141ia,9,3,0.00011052594301773995
addr_o9js01yz7qxbeb04dbo6bz2ru3dxa0e4azj7p98dck,6,5,8.874218229597202e-05
addr_0imwjzp227d326tp8sfaf2sygwkr7db99f3skpfq7v,9,7,0.00013770885137280475
addr_yzm61l8z58b7sv4fpucggjpqd0scma3t1jazpdwfse,9,7,8.501207178810979e-05
addr_zo3jrs2944ylpmkeagq72hsdy9ni7jakw4sz21mk4a,3,4,6.686846798488184e-05
addr_yzv3ab28ghejz29fna2gmidnzrseuhy5ptfh69367o,10,5,0.00012917283844554508
addr_7xbbpfq5osrvkctx4d5rvurhc0cm9t8z8zn9np8p9y,5,9,5.807809476319673e-05
addr_9onpffi1toisoqggonq0lirmqj332fjwcoa0jg41m2,5,6,3.674849114779338e-05
addr_p94ytncz7wzhctm7ce5903kltd3yg35a27cglbvcr7,9,4,8.493595553396594e-05
addr_w4n5e3p1yettpv0vnezisn7nam6yaer56d0w33khop,4,4,4.846566587852289e-05
addr_cqtp8ppwey0jb1uddjjns75mtszf756qp8zzu5uri4,11,4,0.00013006306502421171
addr_occlktdmnapg7qz76u4j2rkjquhoijo822gmlumla0,8,4,9.091392134068334e-05
addr_jaipxem242yhfe5wmd9laec8fb947e6k52bi86mtzh,7,10,5.88306216805108e-05
addr_syealwpjj6rwj5tqatbauecu4eq0uk6sbt3m7cj8ou,4,1,2.8826335063334023e-05
addr_q7nm4yfsl4q86xjs3ht1lxujj7f1rl4c9j1dzdhmbh,6,10,0.00010941583100610469
addr_aihe9j02smpd9tydr363tx5vbzm2lho7hzoet3ozvl,6,4,6.517566559318591e-05
addr_do0uw7u7kjwul4m43zdqlrvwbz6tr2zbijir8wbz6z,9,6,9.154661701020213e-05
addr_jr0ezwehtohgevhuntsng3jp8yetuz4n7hdcnt21o2,4,2,4.892461337169063e-05
addr_9ndlzri520jmiuyyi4tg87jj7cph3sag46xnrfo90u,10,5,0.0001036152714203965
addr_tyobtpu5i30484y9yv8b80c3bx6ib3stv3cifsm463,3,8,5.1918536198203426e-05
addr_4xq3f23bmhug5n1y6d0yzr0q2sou5qit0ehfq3dqum,6,9,6.909552888278147e-05
addr_paknsjv4ki7gx4rf0uxmyye3xiybz5kt0poay29yn7,7,8,0.00010600035241357062
addr_6qjvbh52rwo27erkkdweog8c50ov68o7lv85hlp4lq,4,4,4.355400647334768e-05
addr_rmdu4jo5rzum74ge5pvvfiinixozp0pi07160kqait,8,6,0.00011688252568079578
addr_6kkokm07fk6ggwpl7rxp1id58sam8l5qilmiluakhf,4,4,7.16154911467587e-05
addr_jr2k03c4dakrhl2ng9hbd63h1i4zak3vr947iwb6sg,6,4,5.843699616908465e-05
addr_m28bf5tb6z5zkby3iwgbtk7fhft411e2aswr06ze1w,7,5,7.368543900734607e-05
addr_em1l8ooxvdrh78mkqv8uds9dnuirycgftc45yvy620,6,5,5.661207623630987e-05
addr_yts8ympx1pisu5sxvqegt04jwe3zlbnzms0jg1m5pk,5,14,4.083911574390707e-05
addr_0zzphuek1ovlv42ix10zx883sx9xkz1srt6udaeud6,5,5,0.00011469983996093005
addr_vjs5sgf71fimvlmvzd10etl7hwzmsexf93dk55y8ak,4,7,8.272716936002168e-05
addr_0mbkb0hzsf1cxkepxevg09uiopmmywq7b2lbhmuxhl,9,7,0.00010323270316031223
addr_y58allvlf07nck1i7t7noc9gfz8zxvcjizfve7uhk3,11,10,0.00012601488349912589
addr_32atxab0g3yvolllmju1bzqw29asaj7srgfg46k9y8,9,3,8.514170144067669e-05
addr_0m12xzzwm8ofwszk9cxbkrv2qz8fdegpfe94q6siap,4,3,5.8833631390439624e-05
addr_5cj2mtuody30ryy3d3ujkmc31os3ly7n23znhnsqul,6,6,7.716582043475683e-05
addr_gsr0hr30rn6j3ys069f9c0fa3x480hwlbeoyh4e8vi,3,10,4.934726097290569e-05
addr_xcbjrimwny0e4a5yplqdc6az175kf11wkccfgp4gj7,6,7,7.86965885504963e-05
addr_8dr5de1dlvkwfi0ud0oeirq6m47x3eiu0689a92wlf,5,14,0.00010741095274665863
addr_yc9byh4jojptc19feoth5tcttifyzq7cymbmpfnj3v,6,5,9.47068632116918e-05
addr_0vztv1pxn58wgww887m7zxqxzryh3mdxwjfdctfjzv,7,6,0.0001546056565478942
addr_mlb0ujj1z7dzbzys3u2lgfa99v83espwzamfol4kpz,6,3,7.524378611974975e-05
addr_f9oql14axody9m8xosqczdk6occh9kbg77127eso4d,6,15,8.862514251525437e-05
addr_1cbz3o1rtvnszrvrlvgphj85rnfy1qrjw19hvcqihz,7,7,9.211577380205364e-05
addr_psl38t67grcp5wd08rs8uc3hzcldroth9kkks7dmjn,5,9,3.8698276563832356e-05
addr_9n4mpg61qjrxsjtwmnqvalt3cnspzbndvfsci42arv,4,3,5.238850564945369e-05
addr_0yicttgn327r90u0ux9glrrhlcfvo8bmsylyfhq6jt,7,8,7.021415489109496e-05
addr_kyb8vodmr5qsfrpk9vo8pm4y2mgbncprcwfbyach4l,5,6,4.8823655368442956e-05
addr_93u0owpkds37to28956i64iecdy7glv0i046zfytfs,10,6,8.735984791341956e-05
addr_obzklw10ep0xslzmky7jbvarmfxf743oudq5zmsqma,8,6,9.657571043350262e-05
addr_5lmpimzvj9w2f3f91qjxd7t9qlg0nwzehp0jp66w6x,10,3,8.151651541032867e-05
addr_0ycmbdnl1evfvvs6137k5gfadzspb4i32agoq8u3kt,7,6,9.817368589867337e-05
addr_9p3nr7dpi4deo9s4vnlg5pvp2q7yymr9xkxbkk0kan,6,9,4.136507346659096e-05
addr_je9vwx6a1ykmk4f7pdrzlu8gpz3uperm7fh04tt7qf,5,8,9.184050802008131e-05
addr_15ypr29z6u4cs6u9drau4s7oamx5nzsza920y1spag,1,8,1.4007834197203634e-05
addr_b146giby2z468qrnnmi6fys1buj5vnyyzz5e9vegdy,5,6,7.704551463905273e-05
addr_wkuo873m8vk3jrccs5bz7mx7luneyec1zo7eqoopcb,2,6,5.8689766607732955e-05
addr_2oqv8cgpa0kgit050wqb10d08ut5srjetlih5s0zby,4,5,6.834700887913727e-05
addr_7km3fdtphxr9j2pxl8j6wiovhx4abp1spceedbip8j,7,5,7.498708383535036e-05
addr_22hrlwyh06e0n2iqaw7y7phmpcg6amkcni8b05q13e,7,5,7.299846171274502e-05
addr_qjaoawqfu77e0cq5mtiad0uk91dua3at2lpwep3d7q,9,6,9.66158398589652e-05
addr_cd993m2he8yi3w6ep186ra9gxcg2ft5uhq50okxc8k,6,7,0.00014028285614541304
addr_0sg070ucattl6d2i29m0011gn9vhwd8hg3mm5o04v3,6,6,6.91013646371193e-05
addr_eh7dlvpe7v27a8yx1vcio7ezt2v9uf9ww1i2ex49dn,8,5,8.478642768459856e-05
addr_4xz3mq6l9rieaooks166jtewh3mgi6e1lxtnctj37e,4,3,4.198347741899446e-05
addr_8do3px9kdqiut6hrcfu5d0mysf699papkrvocsqou9,4,11,4.774377083502468e-05
addr_i6ilgtdzb0kd69mb3ll8kn9saeq8siv90up7egvq3o,7,5,6.910719037680987e-05
addr_81tlb8c1my7fmbx77gk0kftj9rteophfqbvwct0m6p,8,8,0.00012636005478227
addr_a0rbj5te4n5edfp0fmby453b0c5hgy4biau4r5rpq2,5,8,4.7023901422499944e-05
addr_cr1cfl49g2igwdb9oq3yu57db6qw0f5g3o4683vejz,10,2,0.00010609431909430582
addr_5sm6e4c0k56vb0r136xqnw8uvtzc179b4q6l4vgtt7,6,5,9.109497975425531e-05
addr_u6u9d471o7k76pv5ej1hu230hz1actv3dcd6nl6cpw,8,6,6.248809674966672e-05
addr_9ljk10jmfx140pw69oiurf2o529mk0jbfh515zz7su,6,8,6.439246691209788e-05
addr_9dghb2agtxihiupynimpp8lhxrn1xbklz6fdjsa20k,7,8,7.229523944657429e-05
addr_ukukyxta7b1mz5xqzhp5j0s0dtli5skodgn5tmu5ob,7,3,7.920432900690433e-05
addr_bpn3wcepcvsaaxeswwbvwhittvmejx8eabl4pc4tqb,4,9,5.592627084917013e-05
addr_eb6lixn6sn8bkd4lp10xemtwkueapwra38ttq2o1t4,7,8,0.0001203680097313663
addr_wgt2lb25485hcqxcs1xsrqlnzzrjo7vbhh5ol5u7nt,7,16,5.01134236417849e-05
addr_btnxhx1adtjyq0y873m1y6bgge3iv7dbhzwxb2p5qe,7,2,0.00010352425146006012
addr_3x83ganhwqy9vw6culbvv22c0473tfwapoxk93b9ka,4,10,4.425732137229341e-05
addr_4r2u3ahhsmkj9r6ibdjanzwjdsag0q97frwbaqiqi6,6,5,5.5494143920233804e-05
addr_e20rillpgey18jseuo4vknqufeucxsm72ujz4n1xl8,6,4,9.936345047723679e-05
addr_s6ydwv3hvmbggmpgxrngyidtjb02m7wonfqaogyq1r,7,8,7.082982534168305e-05
addr_mhwfu9t18xwbk9j07uc4vhsn6bntyal5ofkeeri5kn,6,6,5.584971410301205e-05
addr_2d602juhhagyfxj9ga6vpjoasaodoh1sjkbkphhrlq,6,7,6.794310802160778e-05
addr_6iq5d4ivp4hqwlt8k1kqif7keebx7nce6wzmhky4de,8,8,0.00010463462573143895
addr_r95xskwchvekvz2ubpiouq3qwmydf0i1zihgzw05d9,4,11,4.410812517600223e-05
addr_nucwldcg55rzrag09xykcj0q7owak4c6fqgnrm3s04,5,2,8.725192859102475e-05
addr_dsp6w2w6phk0vx3gehlek8d3jpwit780icsh89uhly,9,11,0.00010960305857354272
addr_kiqkvqcu1seha7d45tjsajjf4xdk4yu503ovmr9pz3,4,1,4.42155230975878e-05
addr_l5cgl2gda99wjs14jg5rur5yi8mjdavo0qpck2gn9s,4,4,4.005234941933811e-05
addr_q33zt1xzgk1hakfj7awgcd5867fdrisxfiriofssx9,5,5,9.940171577316367e-05
addr_x4t86wsje7aeylovk21m5flx4qk6pmvkqaz1xxpi2i,7,5,9.996650786994785e-05
addr_aokzrc2945oo5t7dbqltkt1mobj14o9hknbdcuucwu,11,8,0.00018704947073862468
addr_igi3ycyi8nne5pzzyxypeqzy0f7lo1jpi2des78rz4,5,11,6.631455521781075e-05
addr_nkokjahj48hsu89serqehhie25jw0tizj00wqhqcwm,9,4,0.00013223333650900362
addr_rzl2osv8bjiqp863qalx1ioh3bp0hx8khduvndqtef,4,11,5.390361756385287e-05
addr_eiv53wxicp578armzlwfwshz70ns3cyn8z4eb3fdj1,4,7,5.251388541900102e-05
addr_t0g7wuptpp9bi75i6flha5cz7dbd5mxj5i21nkogal,7,6,5.579583158431546e-05
addr_pozx9ars4pbjdoxdbt0a034xsf3j9f1zbnljxj7aao,7,9,0.00013629648294340014
addr_p5xrf37mo5a3bvyp9sxpd4vfopx878nhh6rfhh4j5q,8,3,9.33576042982025e-05
addr_0p04zeo543ed893dhha5szvvdyj0ugko4i4ei9vje4,10,4,0.00013500929565823345
addr_xvqrdjnnovftlz1yb0a469kkmtd09nanw2anv9tbf1,8,5,0.0001852990833664359
addr_6geu01b55hz14jw1l2ddk8pk9620w58wtddote6vwg,5,5,4.245533461866225e-05
addr_fb527qht1ce17tzf3glv2zln51xkox1mbxxa3389b3,6,8,0.00011352613659211399
addr_l34zbko5ok5hnbgdzsp5246p0py7ioos5tl66hatkk,4,6,2.5207338989037535e-05
addr_nbm7eul7yvv4i8j6ng5tdbo3v3q37aft128e63x3q1,6,6,9.84331502253121e-05
addr_selftg85tuqlu6k0z1rnf11m6vkatgazv7i3o5pssy,5,4,9.023492323694286e-05
addr_th40ivcvuv47fsln3gk2kyjmyasmbhi3uolfgsa5kn,10,4,0.00015147904947749346
addr_auzf01svb8q3518rwdj4vtrzr8doufmgl7daovxpka,6,12,7.794795704953498e-05
addr_vbcilzt4qfgxrfu7s7s3t6l8nz5pkf8v8zvoxvfa8r,4,12,3.852522954044739e-05
addr_u4as81bqkuzdmm81ntlsjkg3db07h9rqzps9jeu2ff,7,8,0.00013183989410334954
addr_r1iuwmsbtjd6igcbf3s32v33455vm6293cwotjhqni,4,3,4.567684074093947e-05
addr_ahczkchuamhm7amtngyl6kglc669psh82ods9gmyse,7,9,0.00011427570253655893
addr_83isotu4u0vitjbbq4oxv8yg4jdvdwyg4vdi48m0kx,4,7,9.549528270362296e-05
addr_9qirxc19uh58tz8hm5rjx7o5wdchpzpuoi9z17qsku,7,1,7.305823532323542e-05
addr_g4diphiup1g6v65woym40f3bjsco1rwfb4kqfecn1b,4,9,3.4816656702248706e-05
addr_qb3724x6jwh0vuxz0sdaq0mv5hsihij026d0qjolob,4,6,6.495139517059865e-05
addr_x9tmzrkemxyverct2zd08izxo9hk6ccb43f78hzkuq,7,9,4.04770543803694e-05
addr_fqrkyzgevm5ce32odqnij88rwewsfuzt01s2tf4315,4,7,3.0633639723266944e-05
addr_oia2387ftn7ys4iawfw5pksqzsmm8ztvprlm7tdvbp,6,5,8.436156411923627e-05
addr_1u31p8dhaoln7vuuodwvkdk05adsf8nurddg06f5q1,7,3,8.604168423204542e-05
addr_j3b7yrpzaaorlpri8onfmttcsobpcfflgbhiaqx4hr,5,5,4.08726249651068e-05
addr_p2in1ie582j84jtxxbwpkr4e8bo8n4pmqtg0uqqdg0,7,9,5.877940516010656e-05
addr_rn69e9xr9pxib2ke8ivlkvtybh8hftjbqv7mrxlgu2,9,5,0.00011806228340130905
addr_y61fivocn8ds7kvk1xv1jl7tg6cd2ipe7ykrz3fu0l,7,6,5.2525776295647315e-05
addr_f0ox4w0tu0d7fsg0u85047v2hhabme72t7uvkbzp4j,6,5,4.783153350045384e-05
addr_35lbknrtzuq39ig9ijf2gmhyicosgwwgpxdjtoqvnq,2,10,1.9753145273186606e-05
addr_y7olrn8h9lv770g9vecjzkrplfd3w26q3k1etotrtl,7,4,7.626684864432374e-05
addr_ski9xxys4ugb21pi8m85bngr6jd9yrolwoftcm0j3k,5,9,4.7845665741449666e-05
addr_fjslq6wqzs5a1bbicv1lxj1upwhv8021lh7979twno,1,5,4.3138046051685224e-05
addr_8d9m0ib3w4witr0meva7j6oy77g620cofzowgdcoq9,8,2,8.037045248640753e-05
addr_rmtn29tnyfm7vh30qbkern6yjmk3tgmalwvmb0idd0,6,3,8.877802450253831e-05
addr_ctpzcvpnt57zh20hlhdsz827vpjimcb0huk44z2f6e,5,4,7.719830411221661e-05
addr_zto4xf8n5i3r6htrfdbclbo99d36hc9xu1j0z72js0,7,5,7.939262477601836e-05
addr_a6m9682yf7qtz1ruy5r8t9450xpoi73t2gqyltx182,9,5,0.00012703313061180883
addr_xirj6d60ajbv6jnsczkm9x9e82i5x65um4yrv8voyg,9,10,0.00010235190289170884
addr_6p22ndu0igh9kgx7v19gu2q51x5spc2wv6rrb6rpda,9,8,0.00011723742353631254
addr_4hc01fxgr4fxjs2gql0w6vg8qbziciqpb464kz68fa,10,6,0.00010016563201248873
addr_f51tm37tch1edwrhgbxj7trrw60srd8jq178ygyspt,6,4,3.0516163908896225e-05
addr_tepghu7nxnw3c58kzx7o2udtxcy1r4rj9ulzwoonxz,6,2,9.859885986981173e-05
addr_65y4s5ua3yisx3xj3w3tpgz6sh8gyh5lgawesmjv5m,6,6,7.613652522139379e-05
addr_61y2x6mspzpdyj49ix5tteugqv2x2h8v2wv3dyf7bn,5,6,4.989791153982716e-05
addr_0s0d1lyanqmyqaivslllk158cpj8cndezmcib3iy6d,6,3,0.00018214315675125768
addr_y8rojjrsklqrve8nqalz641mqxiw3jrjwpwgtztauj,9,5,8.90839588680702e-05
addr_6vcrn16kq3dyerw17oamqi4hmrjg3u5ofu1hi1g4mx,8,1,9.136437210711074e-05
addr_kzbhggpfmnm5jrnk38iheewlkt5snhrk0eciizpdz9,8,4,0.00013793213059440617
addr_te1el8it1lb8jod5jgk546d27z5q8p6u5ps4768tqw,3,6,3.0818219666043014e-05
addr_w0s7s3rrax6hnjagos00dkzmua29r2pu3zqgl40prm,4,6,5.717277590055622e-05
addr_2ehnurgs5wjzh9ysmi96avo8xtorsupg21wb0elb2g,9,7,8.310720205023252e-05
addr_g3d697j21hc1bof0b5kx5gv3p2qgjdq3d39el2m2yl,8,10,8.104550231144464e-05
addr_9l4t9yi1bpb717mr7k8h30epszey3yepywp9ny81h5,6,3,8.146981802246135e-05
addr_7xi4q15s3g1i2ii86patkviaqvf0xgcrwj80uzna6p,6,6,8.41854809011899e-05
addr_drfrmq8r42jyzgib9o5caxx3tue2tmuejmycnlw4sf,5,6,4.400178353942686e-05
addr_drm6jpx7uqhqtoyud67ccg2u1qsrsj2froxrr7okg8,8,10,0.0001255573060511924
addr_7bqkvnqqc67nqvdyapo87gyblvyzux5nzmfsrezngu,4,6,3.082471326467661e-05
addr_0rz3tr8qdcjiyfaas1s4hky1u6dgi89mta65vjproa,3,4,1.6688665725156683e-05
addr_8yo0w1ne4n2lc9l0f5qovywvoj3r0ukw1whjo69qq4,3,10,3.395374008303512e-05
addr_beyxl5nkzi0vme82a1yijbg36tc7k7j6wnso9089xn,4,7,1.8335960460795172e-05
addr_1wyou76xkdyre5q77ydierhrd7riddsg9nqc9avxk3,7,5,6.400756975975695e-05
addr_ksdzoauxt731p0wbo4a2czqd75pfqcyhtibgeuah4i,1,8,1.3362968790190038e-05
addr_hjuvyr9sqvwxrrwlfwvt3mly5dav6anbg1cn0l6bpy,3,3,3.4630631655831006e-05
addr_jzuu1bgeks19d038i0qg7md0odq5wcm9lo96t3wbh1,7,9,8.442949442854752e-05
addr_16mx7eolit95vo700855qjobd784fknvw9eqo9byzc,6,5,0.00010934268574757923
addr_uywla7xvcxsgf093f49kygbf2dk42n7ffa7qa6pw4b,2,3,1.739266919858884e-05
addr_uvzilfmvcehwucqv00ys69wc8ctshm2wg4y39lbmdm,5,8,5.9592697122324996e-05
addr_8xlot52acxpb2zeo8t2ux758cpne87va36adt87q9t,10,5,0.00016449994387950022
addr_qjuoxf9trew4djfr8e92al2k5ulo3t30qijfbx4arq,8,5,9.948006046514282e-05
addr_mrrris9eqpigjs3za772f9s5r2ku9dud85zyckewrw,9,5,8.735945948485078e-05
addr_f7m0z5khycj43sui4prnjczoefz6gvic2ab1q70nda,8,6,9.781383558168714e-05
addr_4zyiigi2x5rcwynfzfaz3k8812epzoh3lcy0647pjl,5,8,6.765667828335348e-05
addr_8tbiunmxb5h24dj4mz2wquc5wz5mtg57t525assfnu,4,9,5.184927911581624e-05
addr_kttxt837g2o5eg6jsd02s1j6hy970th5caoa8gcbql,8,5,5.771847752678844e-05
addr_s8r7xp42k8utcnv4sq0uumm07v0plfjjblkqot36qn,4,7,8.559280684266966e-05
addr_6y7iaxr0z1durqmb3vhwv56z8irhyf4qtnhufpyegz,5,5,4.871861643255227e-05
addr_cnhnhnvgkhofhabr5pu7agypq7ka11dnigg5d4zw4t,7,10,7.536378050499838e-05
addr_grwmtagsbd6t2zgnitztty3psf5rbyenteezdewrkh,6,6,0.00010009926368335075
addr_l21q818yypo0e4lamqc7wdrsj47lh913hjdcr9vxxi,3,10,6.482926769829173e-05
addr_l974zoteiq7u0wka8u02i2kqdb5kszn9vshksa9wp6,6,9,6.302424828078176e-05
addr_zd4st32aghkssbjowalqealal2sgi2squv7ovt8mla,5,9,0.000107351718469694
addr_gyp9lukussrcy1pdqc0a4pf49m4oq5zl5xzqplhrm8,4,9,5.8860994215831545e-05
addr_v2qcn99okrdgoqxnqkmqmh5wf5iv740unddg3odev6,6,3,9.057239479534075e-05
addr_td5yhedhsxpag45ul1rvael2u3svzncgpemnu8bl9b,11,8,0.0001011125093504045
addr_lhkfal8qa9744xokjpylfro47f3c8nl5m5nzxa1py2,8,8,0.00012166480648700238
addr_zgp6d343f6zi0cxuwcxtxpke5gjsxqro84xrvhdjee,1,4,1.2884310237350907e-05
addr_m14mwy13jgesvoqwer4kl5uqx0js99nthmfebajfts,7,7,6.167788422502608e-05
addr_yvbfkoa9ldmraki5ajucfnsjlclfknl978eq27i5i8,3,7,7.17509819229482e-05
addr_qbfk8v8g99ddijhxa3qgapaj0ilxy2jp2lxr0102yb,8,3,0.00015274514202018622
addr_1r2sdql8l2a45lnym6tqw3putawadzgdct5p82vmey,5,7,4.6293972427471316e-05
addr_pwndxoay00f1x24p6kze9fyrhs4rk668dabmq8xdxb,9,8,5.795868658577336e-05
addr_vakk5or1eqkn5r9w9pbgiukb11xgo2hu3x9iru5tpm,8,5,0.00010632196762853082
addr_1hj2aht1a52c4vet06v6zj9i94u6n8wgtrj9b5t067,10,8,7.712346057203617e-05
addr_g7j0pmkj6fv7zlf4d5zt67u3bx1eyn7s8p340sd3ie,8,4,9.732902378894461e-05
addr_can8mpbhv2pl7e0gk9iv0ybjlwf4784nzd2a1xsrqo,6,8,3.2919645272558816e-05
addr_v29dmi0751e1ezub150b8kytptde75ttvflhppu1ri,6,5,5.170260857688332e-05
addr_b0g0mhkjhsgcr0puirnmtsox2q4u0t96305u4wh9p9,7,8,9.144850624302567e-05
addr_m0z05n3w8oh0h1ujvpxyalwc77l0qrylh8usrq729b,6,7,5.723176756766312e-05
addr_30jw57jft3irtg9f02w1f7lolp5hoc5owyivp97bwt,8,9,8.971052819075369e-05
addr_wpm78hy2w7rog2oo4vcdv52m5ojb7hw06d2myvlotw,6,3,5.7898784456858325e-05
addr_u0aqw367ji7qh3ar5t1trjzh13nroi7i87w8dbct6q,6,8,8.061532990823135e-05
addr_word59s55s4xgngqo61cgz36qsa1iq7buhw40wwnq2,8,5,0.0001184484982465188
addr_wkzm925gzc2h6htnorre14jz4jka0j2nbi5e0l1q9r,8,8,9.050553354004479e-05
addr_hdo8q2auvzfhugvirfc327x2p97r2mg6204ngpxx5o,4,4,2.9265801627135797e-05
addr_eclrdnr45a4bwq8wjx6xvs540zqk1sc839cd2rsp2x,6,7,8.593552980620704e-05
addr_4ddul2patzileh7hhv2lpts6r63y3b7ztspjh6vqgv,6,12,6.692631322763445e-05
addr_qiatk2fqx1ksuxbw9qjakqb6yhyk0dbjam3vkvnm3m,3,4,3.0140364875497424e-05
addr_pxs8dqe05lvpf7j5olvor71y3ovqzfw3bweeec68rk,9,5,9.112920317256889e-05
addr_i6noynkxtrl0jiy43334i2lwixoz836gf7qs5f44a7,6,6,5.329946492796398e-05
addr_vqwrsf84mb7znerco4s4onv2i1mjaw5jubprzvfbzu,9,2,8.861378651169163e-05
addr_26rckpts7f7hqo0o0n3i0pq0y86pbbdztpw39xe6k7,4,6,4.646808822039786e-05
addr_e1aq0wf6ogwa6mwtb621ar8fxk572lc31u5rzhhsza,4,6,4.3208779642181046e-05
addr_juk0bnk60tt54bdinn6w78frxdf3jlb4iicp5mu32q,4,1,7.337615014151303e-05
addr_cgbwtu1ck8twy25vxmomlp1vinzi2l636p4m5oze98,6,7,0.00010849540839071404
addr_5f7bh5db0bqaa8qo7xvm1cd8xc05u8v71d7j646tk2,9,8,0.0001171436328109598
addr_h7t39ljccuvu4hdpbza5xdvtma2oik2zjrn0dkpti9,10,8,9.07617310004942e-05
addr_4nixsqiywqhcgo89rrm2fbxkscwhxerdbf26x82g0p,6,7,0.0002575284168484023
addr_37ywlg1dr6f9pwieaxyxs3mpju73km5fiji68n45hv,4,5,4.053482805882331e-05
addr_etuf066zsxh6ozd2oym94hi49zl2vfn88zh2ynbj07,5,2,7.906471591231917e-05
addr_ege5ekfhoe3mxzjfy4w8tr98w07fil3dvyjhmie898,10,5,0.00012211594979706693
addr_7mhxofkcggxp5cituf8cyotwg7nfdinu31eiwucx67,8,9,5.9677127310169024e-05
addr_7gt76i3hzcd3geq10f7ia41sascebfe54ukigdix1c,5,8,6.82910471972614e-05
addr_1p7xhz2fdnptwefkf4hn6mgwnomfug7lvv0kk1r71p,8,6,0.00010050402147379071
addr_0jx2v4gqkvtem7sk5oxai0rbylo5u3on4hln1u9a4d,6,6,8.275776877431009e-05
addr_errfxlnq36cjc0550m7jlr38obcgo4c9hxa21yj2fw,5,9,3.776618996825633e-05
addr_n6tds5njkwdpu0tya9zf3g2ckabst0pdlle1r89k3m,7,8,7.652443619933569e-05
addr_41082xr8z7ptd0booblz431q6h0e0kbixgbinwhw9r,1,4,2.224003638423991e-05
addr_lrc6g1hav6xh9m0p875knortlqbk2whz3m21o5k3ck,3,8,3.7115936985992544e-05
addr_gmux2oglouzn39jtluh4eo562c3q4foekg02d7egfx,7,8,6.40649951081155e-05
addr_qxnjgyfjyycgwdl2kove5rzuf21zzspa57i3k0mu85,3,5,3.2292736493054716e-05
addr_7zfye3qp20gudi3i8s7h4tt5fuh1z50qihky0nhx7l,8,8,6.0854899842052234e-05
addr_sih8h1ygx07m9xo1u8sh4no2fgm207zjs0q25ywtk8,7,5,6.556687853809635e-05
addr_xac7lif92990o89svkjklpn1v0zdy737bh7i1qi5pd,5,6,0.00011976109947507387
addr_ud38cittc9xztynvvxqg220jdkop0ofk4ell6ou3s7,4,4,4.8929904302217146e-05
addr_okvr0i3rc5vrfrs3v19zh371h0up486ewzn3ba1vka,5,5,5.08151814391002e-05
addr_4dwsm2hk0ipph8un9wik8szvcin35ukcovrdx2txab,7,7,8.141992714009345e-05
addr_9szxup4b3kh6t85wkclh0u4ls8htjvhkj7amipu4me,6,10,6.736182923981116e-05
addr_2qyh9mqdk2iqdwwzb30catu2mguj7009touqoew4cm,7,9,7.695475758198625e-05
addr_yrm046jrjdpygwbyz30v8uhujaxn1myvst70yrjtac,5,5,5.995578125144924e-05
addr_i8ct3k7y6cnsgv3q3n9wqpxh91xc98p5j8w1etkz82,9,3,8.669131123777295e-05
addr_xkilpz18o8saicriqixkfthheai7vrke2sh1law9w2,9,7,6.611135041350555e-05
addr_zejfztymzeofkuspu43cmck2mlkd4yukuuiiklgssf,8,2,7.825173899453526e-05
addr_5cp6xibz0nd6r3bfkbffaht4a27dzw4i36422idc5v,4,6,6.141301295432823e-05
addr_vfm8fnv7e0hjhg5ldhygbtjw689qyaykbd69bgnzaj,3,4,3.344741418342314e-05
addr_dipqxozsvoae7hsepe24na7dh3v6380jle6xjg92ma,6,1,6.260373641998971e-05
addr_gfv60lnrux9kmpw4h6tsxd6zeicweqebnhr48hpo0u,7,8,6.476302124557357e-05
addr_jdhr5frdpnwm96v6nzokh16k1x4bj3ingwg8tmyl41,3,2,3.056737471384227e-05
addr_g9abc4twahno6pcp81glueh8d6wgrmtnnnitr9t30k,5,4,3.8723604565215945e-05
addr_0xuwit0owhse5d01luf0l2ug4bscwpj6g3ws6uq87y,5,4,6.105529318964901e-05
addr_pgqie682xlf2ajdu22vn4ev3s529t8llz1ozyet97u,8,7,8.751386113259014e-05
addr_e6xfrox67wlmp2ke6d9gdnq28a53lnzmb7a7s3ogil,6,3,5.220041497562935e-05
addr_4682yxt9w4p4asrlxkurh8fh66l6o76fv4g38cq53m,2,6,2.9981614876267167e-05
addr_nj53tisn96ff30ap7dvuf7q2398nli8cxu1cxx3lnc,3,5,2.7180399675660556e-05
addr_9a4ifis1fxg3c0ph6ew788zkdio9876224zsp4lqhb,5,5,6.243394309229668e-05
addr_umcnjy6mzew0u5nqwlfns962q253ixxy8f3r8ud6cg,2,6,1.8611845739235374e-05
addr_nhktwpz8253v0tr3giwp13gr4ni85av5mztry3mbf3,7,8,9.55438887535664e-05
addr_r5faxdkwvzl2990uhsw1hc5g731knfd8v32xxqmspw,9,8,0.00010193323930962253
addr_1ow4dmcuhz6z236m4cc32ewzwhwbq3h2gcgfuspcrb,3,8,5.887093528096938e-05
addr_0wydcvygqfpoy593ngm8x28ypy9fju6h2l8tjab121,7,6,7.428702122588284e-05
addr_rc82e3r0ibitinz5uiyty94q4e2opanz99jkpw4usc,8,4,0.00012553900048323995
addr_mbcbrto6o35zveqief8goru8174qiufwofrytp4dnc,6,4,3.9747983679182615e-05
addr_h7wn3m0wh7gom34ig66sujnalldcu2web2icnzian4,4,3,2.7399857403978192e-05
addr_2ibjvslrdmzvxy16zgrrvgmdfzjoigo58oaflktawm,5,6,6.295201221621176e-05
addr_9c8vwg26r0zrjfhe14nelxndflbqxpjuq1g1ocgy82,5,5,8.491848806630446e-05
addr_2fqhg3rmdb036oc2fyrqyi9dyv5d3a600xsqe3xjth,5,2,4.48897284035074e-05
addr_33lbv9ypo5u6bgbzjocoq8sc7yc4tpbtxiyoxfgwup,7,4,0.0001445869429477116
addr_mzkjz4px5jlfr38mi3hkfic4jrs9a0kah6ukv7t7u7,5,6,5.995747957765069e-05
addr_qnhl3xr7ssu21khi3eyjwg6u54i26e99744bii3hcv,5,10,6.413578256238572e-05
addr_jqzdcse094588ysvcza0e9ekojzcduscunk0k7h01s,5,3,7.036342625966795e-05
addr_xn6iot8p6zhdezap1xotlw4gt6xwqm4g7ykqk0srlw,7,6,8.446167094730385e-05
addr_5b1mvzf4sle2mvx0mtkgb978jf590jhjfz8kinkuyv,1,8,1.340056254424396e-05
addr_s4to15mzpopdrdguk7vy0a8exlauedsv8xkgl8dtab,8,7,0.00014328703050448202
addr_vdta5ynh46zck8ojqxhftkq7hpxej2uuz50dan252u,8,3,6.126402609978743e-05
addr_tyqen5o1byrs2k3a18okejcsdhy48airqoylj2lo2a,9,5,0.0001121680795504643
addr_j2bz3ac85gwrl2jpzxu8znfkihmij8nt7dofycm8zz,6,9,6.829715283394724e-05
addr_sjcbxqvtx634zhzn0arp5nkht0gsxr4d6tvgszgeur,3,4,3.1355265407266653e-05
addr_83e1f6kx9jhcrk4hoccrpg949o8vswskvzk75j99r8,6,4,8.829954879517435e-05
addr_q7nfvb3evcvp6tfiq84agk1b4bqka4unngo4jh7847,5,3,7.157098651665478e-05
addr_unlkvc7002b54zxma3l8o8mypy115wxpkg76ezqiu0,5,10,9.99842415835263e-05
addr_93uyl9p7y6ojwkz6smnklwuhvdndm1r5d8q1lzp9zw,3,5,5.205515503692879e-05
addr_l3ndl2s2mk2xti7yrd92liy27zi073narjxk962jwo,8,6,0.00010128416471438411
addr_vqwmrf2c16b74zthz5q3mqryuj8pryovjisvxy0y57,4,6,5.4241564196880205e-05
addr_gc6viijk15g5b5zuu2g0wopcg195g5z24hfuyuuzje,8,4,9.107004542701009e-05
addr_l4r1zt16curjpb96ildt3yj60w54rgkj2miub6nzol,7,12,0.0001299177167892231
addr_tqwlmee32flw7qj82vbnqgzd3rirohujjfu21jmux3,3,7,5.902056194943762e-05
addr_uek3ds0pk1ad1ja0yo3hh95jwe8c9pt1v9fsl2lnm6,6,8,6.666014592204009e-05
addr_xz2d1y6sqt34md36lw5n6ffcmg21pq3usim3jp6gfz,6,2,9.330908618770316e-05
addr_2mgbqs50enonbbong7sk6hxz225rznaqd1sfg6zn5q,7,2,8.571661481346987e-05
addr_fsed01p9e17i8998qaejbooiqoxpe91nygv3z9m7rv,6,9,9.9197995098116e-05
addr_prtiwlxz6b0do180zgszcfescm9cv3ooofdc2977c1,3,7,5.144703154816083e-05
addr_ptzz7dc7pmqka5cb9ln2wmhwk5e5e0121xr2gal4ar,4,10,3.60841354775889e-05
addr_lk0skgsg3pin8lu99ploqfeztei3ledqo49pdhs0qc,8,5,7.510758498680083e-05
addr_u6ek1pn93d603oyygh0j0hq44igat2ymbxiaegkmhk,7,7,6.597094621183745e-05
addr_rufiyn48i7bdxqm5o4bspoonmuni0kvb1es9n03ywk,6,4,5.158819025648343e-05
addr_l8l4qjpupeht3dg3dp3f5qskb96gv6z4fke59ma7oi,8,5,0.00011522324843165556
addr_jag5aib9qnvb5qzh4unrzu0j4cgye59dt28zmffj2o,7,3,0.00011883407732035535
addr_5rz25mfborn8sno67l89ruq7zqmn5dbgo48yso5wqi,12,8,0.00011436865057882935
addr_h329xbqo6n6k79p7zd9yexbcyxv7xlpxl0as61e78k,10,5,0.00012037597115778444
addr_xfx3at253iqquolgqe6xb1z337c7nxxbaf4gellx8e,5,6,5.06897377862436e-05
addr_y9gxh959kw97kgqr8uhjymz1wpob39ribipl226vvk,4,8,5.1137183421323616e-05
addr_y3mkdmclnra0cv24r4bix9qwv0430w4gj4ggeslvwg,8,2,8.851784059778643e-05
addr_f81a81vylocfawkwqey70xi1xa23h7r2ofp1kn18da,8,3,8.487475462855677e-05
addr_d3p0p9k60wujdee7ytu106rh9r43s7397g5iu4mtbq,6,2,7.419098216525212e-05
addr_r7zxp2w8kd19rbph3oasy84oo5ilwn6fky61pgh8nu,5,5,8.112484423498249e-05
addr_8oc72jlagl149v49s663ja56n5wg0v7nuh52y849lz,4,1,6.601105319087406e-05
addr_eunpey8h7ro85ia0p26pry78ttv1sqs0p60qinuulj,7,4,6.0644690632528845e-05
addr_yqne7539znuvayp0n4tyafuuq1wtquu1kfgkg18b31,5,6,5.047785208250294e-05
addr_o0a89jptt0ix1sstcfhd82p5ejrsbblbadkel21aa6,4,8,5.979402989140953e-05
addr_4id8kj0qbh94u2ut0pselh600gz8hcayq7vik1m6se,4,4,2.8125663556193186e-05
addr_8w1b8i0tirlmx5n4oe0dgo0nfryk7eifle1cfz8wq0,7,12,9.64397279451333e-05
addr_3wph6btnxtisih94t9ml40fn5dj20gnvka3fu8uder,5,6,6.84411346174115e-05
addr_lse9gt9ktypwo4l3fr92b5fsy4sybe1hol6xbcbjsh,11,8,0.00021200797657431385
addr_v0p83eq4s47fo2n9ruh5djv6fnnsmpsdzut3j4oj93,4,5,6.156966361225483e-05
addr_34pggcbi6qsrer6luu6if31d2o25tg5jtv75ssumh0,6,9,3.489397625160339e-05
addr_wwrgsgreac8hfvg0ilub4dgmmfk6gwjqk8n4btetxq,4,3,5.6168961056460374e-05
addr_lzcjijtua7n9501ilvzatc5jx4ulv5scqwajdj1zxo,4,5,3.804762500829368e-05
addr_gdao2f4ghkoty6ujpbffq5vnz1q2oz9dwra6ndwq1q,8,3,9.167121224671044e-05
addr_5j0849wl9brovji76uoerqugstmh08chcu11hk34lo,6,7,7.005332813432344e-05
addr_awll8fmiqpu49r4zkqv0av8cwrxpcny7zwmhzjioqc,7,10,0.00016020987809397123
addr_e1sfxustbrm57pmm0tokdzgeujtexy8dmgs9hdtroj,10,3,0.0001123781286379714
addr_7crykwlrdts9i9fssbm4i20qyhjvqj9mwzyywo7dss,5,7,8.559047906127693e-05
addr_ngdr5h5jhl7iaku6nvuezpmsbqrjpxahh0jo59midv,6,8,0.00011490843279255412
addr_g025g2ddz0ho37wf21978phxuhdorr920grr6u6sza,4,7,3.0333378908279192e-05
addr_bgz6aqf95sreymq5q60u7sahdabn049jkd2xbw8999,4,2,3.845919324030031e-05
addr_7y08zuwl2fa4p3iwx7iy0iq8ffse0udjy9nshf54qf,7,11,0.0001091729148816906
addr_pbelbnpo030p8bwupqx101i4uw5heyx2rwo4k0vkjg,9,8,0.00010549935729557212
addr_p1rawp6zczw28sx6ynvavt6lkhxn1oxx592pmcz1io,6,8,7.432650209669161e-05
addr_pja8t3d4tqk0zg63nd7qa90o08slr077jy60proprr,5,2,6.845419163620347e-05
addr_4t6ffen7olkflof0vmo73ccn7bgjm5cgh7t6gutgjg,8,2,4.7387841572721564e-05
addr_nup782mydp2nf1p6rd76f83e822l8uzln25dx2jas0,7,9,9.027802273505901e-05
addr_zify3fqva6s4bf9zqu217otqo7bm74ptyvdkyel5d8,6,5,4.166725501991196e-05
addr_4xky9eqmbeue9jqadk613328aav0m6juqg2441e42l,5,9,8.313153795646343e-05
addr_5xe2m9kdj1hapuh0myfhruolnl4qgblkslowoa0qdg,3,7,4.076572172900395e-05
addr_arqzkhogqmrdpxhotrjumm0y8dlvqop5849cg4u742,3,12,5.169978442326355e-05
addr_olq54wfugeg1jum9yj42dv9ujap7eas0o5dgrx0b3c,12,6,0.00014513313002812654
addr_deco8vxf82g7cw0u6my9hxb6byvscaff2x5y3k0s2d,2,7,4.280413625255132e-05
addr_dg38rajib931k26gfxamhv1f070vk32rgwhgxmd7qc,7,5,0.00012254748226823504
addr_iw7mmbkhwf2j1efjkec1xehg2rtjs1bg4r0hwxm6md,7,5,4.809584963245333e-05
addr_bgdm3aqnx0ptpkg49rtqx782qyzehph2mfx33slvec,5,7,4.959947006532581e-05
addr_57s3o4stm0ajq0byfpbosbuxvb6uz7ry5prm1qv53m,4,7,8.329290639369381e-05
addr_7h5ndv4pk0jx99aush0rz4ut4zcrwc053ouri9rr9a,3,5,3.169837567970523e-05
addr_7axjo9esp4gqitsn1mup8zi6r424u5ss7u7jfl0k1b,5,11,4.654448073211599e-05
addr_nwz067adx33efqfn15iy7iyk2wwnza1su0st9xjz75,4,7,5.575101558599822e-05
addr_6j5msyqmnf8j0su863dh9msv7a3b0c5u8yl9ippd71,6,4,4.984631385897e-05
addr_j2txj9wbxfw81lemmg98c723wpir1cbdp1lc8wbv3z,7,7,0.00014153190096234577
addr_z4ip2f2a3ztws6gflyl5xl2ki1kj7ajywj7nb91hu3,4,2,4.945208428073544e-05
addr_0awl9bdrchrubifljyh0xajqel7avvgyipqv4mscgn,9,2,7.487854554211692e-05
addr_2onmhzh8rekdhx7xatnc4hfoppkxbmfn86kx9g4l67,5,7,7.637263293669983e-05
addr_8bqxxulhp3x7oye7vhn78yl1t7kzavua5pj4bk2ynr,8,8,7.191272050777378e-05
addr_ayjz7t6dohiu58oesq17zsbaf292vrzsqzcuz68yu3,5,9,6.0912574366541066e-05
addr_9q44dvvpgb8iy525fnscqqavaqdmfztgp8d20gm62s,4,3,3.0096567091152735e-05
addr_562zfs5324gxrh9w5l3k62uawcxgyzbw1urvu9b8rv,9,3,0.00013462433982113596
addr_f51xfa2g0e7h4nei1wx9wlw468wznjnsqi1v2uxssl,6,7,0.00011831272627705124
addr_ay35cbstgbkcgp6g0y7yzr7i97emg1lobqzuribllw,4,4,5.137100206264646e-05
addr_m2yk6q92r9hkdt4ub4uff4p0cwa4hyppp9zni93i5f,2,5,3.6369085994373755e-05
addr_11bwa02na1fato7cms4rmom9cog9t325lwhmupasn3,4,3,6.170910496398935e-05
addr_z3me9ee5bjdhpn2ztmtg0frm9qjlokbsp74xsdt3id,4,9,4.66562416706239e-05
addr_ol6c1ff6catjqb4d2idc3j0bhqhmo2695cfh5iquit,1,6,2.9355824106916476e-05
addr_9m2pojc21h74caszvjat81akqer7h69h4uc8abijp9,7,6,6.291054283902016e-05
addr_ygkzqjoifhviprbgvxj5u4j0he0ma6zcb6t6vb54aq,3,8,5.798106332967698e-05
addr_c1gcmkdfc4og9j6fzns4gdv96odpvl7ux8wtejkjqm,4,6,3.857694123196474e-05
addr_wd1zwkcato0yfr2x3xncxakxd7ku0hzobryv6ad6m4,8,8,9.162295824546285e-05
addr_hsjrevfwzvjzxteusf6m7rjcy5xeocy2p29rv9uypp,5,3,2.688164754114658e-05
addr_n5zul2eeiqfj097ndgdh5n42rlosalsul8snw74yrt,7,4,6.612819395036327e-05
addr_sda8980bt7rol7maytxlaa6uypv2jrcht1tpgnwnl7,7,6,6.73811593572064e-05
addr_ku4g5ze07psf8nebtjyqavqw91nyhxbhxcmfkky9iv,9,2,7.305996671101662e-05
addr_sc6rr2h0fpx8ir2i7vlsv5pzlmu3hbfgri97grfgcz,8,3,6.324429607154309e-05
addr_r39annd8y9a0aegyqferejjr43uad1m6pxvhdc15o5,5,6,8.711528021212901e-05
addr_3yub5tg8iorzlvlgfn7umkf4ncdvpmpun3zjfsyera,5,9,3.3093158156721473e-05
addr_9scjqzdpw1xqkqui4pbgddd6nyi94hfcgc3r1kzrg6,7,4,8.5685096187429e-05
addr_5w5fwhm9zz5777ufto2wc5udyc4osgcnu8ney72e60,5,8,4.837823262449599e-05
addr_hy22y6mc0fta7p63xf02hel3tzbr9yyh4pm6zb2xfc,7,4,6.479702335214515e-05
addr_6lmhixf43xf12k72eyrnwqveseuqz85gmo8d9we99s,6,10,3.8897523967273754e-05
addr_k6ujvbp3bau57ote0q32rv23u65xnufa4afm3mhpdp,5,6,9.947441283201796e-05
addr_qsc7m3vodzlpny7cy2zqbbejagx3m4va7s4g5v2nvk,3,7,2.8992630714077702e-05
addr_we4c1v47lzn9uhjpkhf33guwyh36motcg06xr3urmw,7,10,8.661484086935813e-05
addr_2g0rf1lfcop4h6urpqzvyuiu3xmvqd3cs6zkse0aph,8,8,0.00010773719764567697
addr_46w0978yft5otgkjvb96alqg070l0di0z6tmr0zbkx,5,6,7.75047622203644e-05
addr_n91j3z7erkcr2w1plbrp891dd2n0nhcbtwv6tyvq0u,4,7,4.017212575378921e-05
addr_r0fe7edvoku6cmpe93m2sp0ty55ohkly1b9rq5ag7v,5,6,7.116710000928681e-05
addr_70ckkjptadwklr0uzcbsrjqkhehnmzkwu97sjx20bn,9,9,0.00016727335769577421
addr_lhs1j5gyzqesb5mulhkfgzv6c5bqgcjqlmom3io6xs,4,3,0.00013365585070450203
addr_aupy4hr4skri66y0jfvsfso5kjve43jeanoai77pgr,8,8,6.651501131486498e-05
addr_ksoih8zr5q8w29kyopho16hkxel2nsrqdty3ck6faw,7,8,0.00010385510775221712
addr_ck2o6f33vhdfhutw965jv1hy2rkzhqsm3gtwumtjmm,5,7,5.928347383324989e-05
addr_gigv1wf9pb4x2toc2wf8sw82tq0zunwim9dui84dc0,7,2,5.598692108084222e-05
addr_v8ztpi39tz3v1j1v7hs3mjhwi70rkx3ruyfoixw92p,3,4,3.656094491734884e-05
addr_r2mcivufbvcjb22o370j100fne46fwxzcfkaewuyfk,2,4,2.307439631143167e-05
addr_gx49jmz43d3zb28mclice7w683o3fo22zj719vp4js,8,3,7.424256883135081e-05
addr_16nujl5jhr72xku49a9ops82zibrqf5lnjihe3dhsu,3,5,3.927704879052503e-05
addr_q0inv24ye78erhvtimbc24fqroieh9b1y0ai60jd9j,6,6,7.447751772991539e-05
addr_hjpasue4rsrti33ijvd4bz0y2e4clb7qj55wsn7ibd,7,3,5.845794402334993e-05
addr_hxt5lzflyocmpg3wmq8b9ugkp2zbjmdh59qpkdx20q,4,7,8.030273856240705e-05
addr_xfch1ihwo0v37e90f0qa39k74ry0u8mypm622mopym,6,8,5.334329707318248e-05
addr_1vk2i9r421u7kb1rtpjwfwtnk2fvo6kwtvhibyursb,9,11,9.685990996170881e-05
addr_lekpc9ifvjqe5su0ygzfafsx5kjxw1ou3e3j4ec2od,6,5,7.860855360616043e-05
addr_8hymzwptt9bkjvh5rrz9jc7ol9o7gl4zoaqa8qz3so,7,4,8.941737624116901e-05
addr_funz3y9vrlz4w5q5jcdnyp4dpdhk3zgs7zasu9a6l5,6,3,7.932958528420952e-05
addr_i9wiflzun3jqvmnwdr0g6u73hhjtv646e180ddi8n1,11,8,0.00013853697093925538
addr_0tva33jsorg3fzx9rhe6s4tbuz9r5p4siqj29ivfz9,5,4,6.92061285773404e-05
addr_mpl5be9o6n7tknxqw6lqhzbvb45rxixa98vszhuzt7,9,6,0.00016026132963391644
addr_ecc9almjyvjgrsqewdhhl7chvppa9roymm7sel248c,6,6,0.00012970685024648647
addr_vmxrh2n7e45flzo8nz8qj5axgege0ws1k6yegrkp3n,8,5,9.736584285943772e-05
addr_cze5om429ku9175dhgtjiely1prmoex4dwmchigwpt,7,5,6.876364966002987e-05
addr_n2825fwrcvtbaqjsua5nka2euegasnfvx6la0q9kvc,6,5,5.659914742646749e-05
addr_5qkrbly9710atkk0bv9r72vgxuwhorzx8sxzu3pupo,3,4,0.0001762656093497864
addr_gdye017kjxsmfkocyc3dad6ru0i7wmdk8oq5gligyk,5,6,6.049015491353673e-05
addr_9s6u7yk7d9yzhpkxn4fkirtq65r7ubgixjci0dzdac,4,6,6.622412783619463e-05
addr_q0hri06xqva00uye1w9wo6rktafl1xotvc7vgpdimq,4,5,8.182081902386778e-05
addr_un9gh6r5bguv6mzn4faqth611pw2sg92ajbj19ub32,8,3,6.261441671566787e-05
addr_qf0rynvo91mybxtjez7sqaesyjr9lws3jgpdatcri0,4,5,5.0247128146227484e-05
addr_qq1b4dg9oth0j0kvuigth8qgv1tpy7a0qplsiwhvut,3,8,2.879025628781431e-05
addr_ftgqp2ecbydttujz3qufs4adxioguo6pyp73a14x78,9,11,6.40330140744978e-05
addr_ugdq2257sx9v2tc2spebw8asa0by0c98veh2zp4d8d,8,6,5.8314748174067355e-05
addr_ov19ngho3de6ul6cm2iwapjtcy27x4askf3cvkae1o,3,8,4.358331527857224e-05
addr_o1bvvv70tk58odtvnocioljgrjqz2lmp0qd3xna5tw,7,6,9.354585443981035e-05
addr_0x5xp7yrshbnymea14f7t26o53ovpflua0dl6rrupq,6,5,9.759908236340607e-05
addr_j4jn6frfrq1t632u1sxt05sutg2gw85lfh3v6inoze,5,8,8.256938639442739e-05
addr_bs3q1cjbjl54uisi8ydnituu5wml0tcja2j3whlejc,10,6,0.00011664819617779906
addr_3knqykzsj0h7h744tjkjbri9n8eo1w4rard0t83es4,3,11,4.244703697185995e-05
addr_8cpifho0xpdr02fhuv3kte5xifwesxw42t88tjfqtw,10,6,0.00018487223401266798
addr_zqxitg68arj10ncz6slnwoyq6migr74s2nhx8q5zx7,4,5,4.013462910151956e-05
addr_wvrcpt529osilips992at2ngjn28goje8upms839wc,3,1,5.2261399480123026e-05
addr_11tnh29bkbthqiv9ltwupk3fj3mcbft8uzzvia3ibs,4,6,6.461991243157468e-05
addr_nz7rc5lg6caz4qeb1i4skaroatezfoa4tzmzv0nspq,4,9,5.5829307994365326e-05
addr_h7k2n3z832144a6rsj2uwug3bx0lufsp12zgw11su1,5,8,5.416358658094578e-05
addr_rguimh8bfe8x1chizxdsxg39yn83bqapq3idzl4vkg,3,2,4.779904150242179e-05
addr_c9t033nvjac9fs472xknu7w5a0yi3h4h9szzbukwag,3,5,4.339876032331459e-05
addr_wjwcptybkzjblvtvhss9njtir8w02i4u9ks2nw8do0,8,5,6.223449375986146e-05
addr_38fzg4i3c5c9t2qzqj41k7lot1k4friaqoin2no7tl,6,6,7.509590449482725e-05
addr_lk2xn2c8wdhued5uzn1vjvlycfm9ivrhpk5tbv8xye,8,8,8.015723295384519e-05
addr_9273gdyowa1mhmqwh9f98tsc0d3q48r6u1jqokukrs,7,4,6.690133259223835e-05
addr_mm7a9x9i87ai64zmcj1uszaa0pp9giophre1i3m4kk,5,7,8.043445651104738e-05
addr_kouzjdhd69l623cvoi4squztg8aaxpdp4zqjgugu55,8,11,7.374918675745396e-05
addr_jk8zgwjd599h4c2koltnurfz25a0u5yq0250r8jbrr,6,3,0.00010832003793701213
addr_9622o2k3upekcb5e0fnvdhf0xdkqzu3ct96e9ss7dc,2,5,2.404049683422002e-05
addr_ywvq5tnefh49yv1e8okwj276698ozxr0r6hqukdnxq,7,6,7.138655522471561e-05
addr_ggn92f0j3okeksk2vpajspj00vmpqyw5ixtwgqio1m,7,4,0.00012854209116824043
addr_q1j2nh43o67kovhkhieon24ggpmr3uzs9mib741mcs,2,2,1.9752734997142582e-05
addr_ub9tthikmi73f4ozjn5uaksx2rety0rmmk4pidpst1,7,6,9.329157829199038e-05
addr_0b8aqux42mg5ix08nysmxutpdxqudo78rghzu3sfzg,6,1,8.500459791952302e-05
addr_gzx1yfh1hdnr911ou1fcaj1kdiu43zykhrv7x4fzxo,9,4,9.816691986166977e-05
addr_vf0dx9a5fudln68ns4a9kxqcr567uuzal0yyuvaydw,8,7,9.133933878129864e-05
addr_s580poih0ck0y052ilqig4oa01u282g452in4pdsv6,8,5,0.00010474732540152805
addr_ojjyzt6uslvtk2l7871trv62sbn1qxv05zvy7edel4,4,5,4.241882577154969e-05
addr_a5u6hc36kof8krd5eqy08p0fodro8bnp84dyt9moge,8,16,0.00010745301348057857
addr_a13yb9pi1gic4lhdcd0neyg9zp0lo8jduffxtnl7bh,7,2,4.92199039058203e-05
addr_t1tm902aplve25x5z89bjxhtrmdz0wnul4qxmuczzl,6,3,0.0001105637839631858
addr_l8drydhswjjcyazy9gae52mqh6n04mwev3yb1rz661,6,3,5.582067402430085e-05
addr_cbu6xi4wcdz4dtdzotme0cxi563n5z6qvray0zs40o,9,3,0.00011134939086947433
addr_ok01fspac5kq3gq9z9wg8k79urrk02owz38usimuiu,6,7,0.00013569380717801027
addr_7u00spsu2fw0sgzkhxibc6k3bi75gvtjv5bhs82zr4,7,7,8.299478347854514e-05
addr_stakq64fqzolaiv5z21laxzfxxw50ipfeqvfvudka8,4,4,7.101728384265981e-05
addr_l39frgyhytpnkemoqt1br4yma0t8o977e6oi5acnim,5,6,3.8988313706023994e-05
addr_qnf20guvw1nul1d2ca2ti4witmkpkd7fh58e40l03s,4,6,4.5614226617584e-05
addr_5skrmi1hvsqv9waqz6iz25pez3447p9d6d5xymz2x3,5,5,8.217361855961862e-05
addr_z42mhg9zoj42zjjxglk6k73pzeucr5hc2srb2ltcm7,12,4,0.00013281714450096626
addr_989a8yxza17augnz74g523m4wko6au6nitd8hcmgzf,2,6,2.4637545481647968e-05
addr_f2l9o98n2r48twqoybz8gicr6d86u8781xtqsr7sh2,6,8,9.665929619470136e-05
addr_ktpyhj67awhmxqrvgs4n9818tjlnxp664vzsr87r9h,3,5,4.984247395985245e-05
addr_kq1qmkg0nsoz0rsqid6nw9i4fijcmpfetd63fdfl0m,8,9,0.0001207094886192116
addr_6q330chjoggd4d5ijir09so46gw2ngb6c7jc07i1hf,5,7,8.954226092724612e-05
addr_nja3r57oa2fes3fja2bcfi7oxc4pw4hg8fwgpxpys4,6,2,8.384645421337065e-05
addr_4x8r878or4ww1juuw4klt6fbraezcmqfjdj3eu3mee,6,6,7.655691852833891e-05
addr_86dqfw23sz8faa71en5zeqby8qmmbulyz1nmbqjf4c,8,7,8.565286624149348e-05
addr_le2w2iqkv8d448buplpy8nzjnvrgvnvi2l5ylqz3y3,7,8,6.530289714601266e-05
addr_r08l2iq1xbo3skwof2sghuvpr8hbgwnjlvt7rlf3q6,3,8,2.2264205188396675e-05
addr_jagr5z9hbbckfr7engw6y020bfvcd4xsycwl238qsm,6,2,8.23771451296094e-05
addr_on36j9cxc4we2ig52g4bn0wkl036ruvq2o61o56xdi,4,9,2.6023753450642573e-05
addr_4pjmgvtau45yud4i3gidygttyf1qnd9zpr0bd1f7za,4,9,0.00014008432280731642
addr_9aw2t3rmg3woglyi56x7nv1s42ius2bq6jr2meqgfj,4,5,8.306601491332968e-05
addr_v46yoartw7gnprih5jcp2hfyoz4ud0nv6kr1imvzg0,9,6,9.470995620668995e-05
addr_1giqmna4h49ktuv7nuodyjp7c436j78gf24s2pqnfd,5,6,3.853803369640261e-05
addr_yefrzzxwkvccii8b247tqt8w8aqragn79md47ctzlk,4,1,4.566147976018847e-05
addr_k0s3jwjps5ghm9s96xvey5rggfy3the3uhui1bixge,5,4,9.313194454833832e-05
addr_tqtmgk4u4zd38ggug04njf0jq84q8x87f9d8y0zk05,8,5,8.688137996383656e-05
addr_t4rdlu4vb19ihdofeuk4i1gl2a1k74w0q9t1g8rmiu,6,2,4.025697797391259e-05
addr_1015omne5kx6wrco93qmcwmc0igvtg4gu4r9tbb9qg,11,4,0.0001022787624024408
addr_arxzfiflh1v02g334ekpqx8euh98umv2x4qq2ftwgm,4,5,0.00015211919694090291
addr_yo52r1x9qmm1gmkjotrbh7bqz23kkynzmghr8782rb,3,11,2.2568167287545895e-05
addr_vxamlnt5fxjuq19u6r469frffm97n5qtc4eiluf3h9,9,7,8.067405390626835e-05
addr_e5cx6zo9d87cj44ecxk61gvcvrtcfjv8hx2rfvn9u4,5,9,3.869708712996728e-05
addr_ax31mq77vezeig4inngh9i9mvy5zdlzw64wzozq5b2,7,9,8.848983074761522e-05
addr_etuy2nbxnco99p71w3ovx5vy7zdezmeqk9zuh7gxrh,11,4,9.339095376369141e-05
addr_la4ax2uhejyccd0bcqkju9yudv35gsgcj2tj20sarv,6,8,9.19410923961893e-05
addr_euyeto1eczpane1oztphzy44vunbi5d85i8oc2um4x,6,4,5.938546830123152e-05
addr_6d8yfsonsrvr44mmz2nvvy3ehb4g15zk4ahuzqvmxj,5,6,6.377979705462616e-05
addr_g25kl2j0j1uwhu77c4px3bbh9ro485rn80r1yux1iv,10,4,8.205805429887276e-05
addr_97j0sgrcpw91f1sdm5oaljvh9tfuqocve91pjxkn38,3,5,7.922996294805925e-05
addr_z46hbf70t9jmlkhufxzyx38evtqou4sktdur5w8rh1,6,3,7.798295305642034e-05
addr_ozl65x4wu1i7xxeq58wzuaczrre5oz83ejfbovb1zj,6,7,9.28254190105971e-05
addr_unm881b38iswpea1wejpfqzq02pl9imt7wc099jerf,8,6,8.731290784511886e-05
addr_ahvzeo3owi4j4m8n1zvhuo9f9ednbd5p32a33dkg7a,8,6,0.00012630657327695392
addr_mbjezdvisuufm61k5ndncsibu6n5oha4or3ehf9hd3,11,11,0.00012001313700624422
addr_qb9hqx7m44q1pu04zpbt1qv96c28wsccig4yl4y79w,7,5,7.835577547127498e-05
addr_rw4fqmhdmg0dttk7hb87wsgabfd2h88qcyo6u2uu02,2,4,2.577563186970975e-05
addr_cgih3vc9ewp10d49gxnz1cv67w7ia2ye2f7d4vmwj0,6,6,0.00013461908233645278
addr_dd7o41r9u68dh0hx6z8w7nbv72iqeznczf4lpc8vom,3,6,3.9602205772742105e-05
addr_vlns8kv4kc9q8fxb5y5ayggrjc3wrc6kbmr9xfq4b4,7,6,6.127329963637338e-05
addr_5w2hjxgrrcnuj7lt88aukhv19gm7xlsi6w754bl8rf,7,6,8.431375520583483e-05
addr_ryeq7kotkunurlq17dehelyjrg4kw48hmknu0ztug8,6,5,5.307459958491595e-05
addr_8zvgluye3lsfnvcgyt1s0z14mx98yeduymtvwsot58,5,7,4.669553803279141e-05
addr_as7nhzw2ui2bwxlnedmi7sg28eo0xi4rhwwe7xhvo4,7,7,9.64621401845226e-05
addr_chy3t5q21g07hpnpk270te8z2gfqnbia9ru3pc0oxi,8,5,7.695952636223888e-05
addr_pqzdnhjydak4u9m305t1ww8pawhlq7ar42ddkoxn4k,5,9,5.63617860356457e-05
addr_y1ayhexx891ua8iaxyyfhyl7vj0cr95t0m8mcck99i,5,8,7.803041808626764e-05
addr_wasa4eedlu120epch6s6y958fksce7qormvxmhirt0,4,5,7.01631294401237e-05
addr_gkikr2omrde51k8lxeqlezz1r2roiks62c1jlopo6j,6,7,8.974625613088358e-05
addr_gkvdnzl9zajkmho28coq36hnnm7gfdqoaf3jq0hqb4,4,5,9.02591451752583e-05
addr_7kwepm2u8iixzcpgvvw4brpyy3aee475ekzcklztpm,9,11,0.00010558881330969552
addr_gvtg2cmu06zggid4pzi68khw3e92hjp7n8kbrx0htq,11,3,0.0001369279514742875
addr_ip52l9r6zjllzrd89q0etaswt6j38thgeuwijnmc8g,7,4,7.734199614065887e-05
addr_45nsmsq2p6hhdziz1rjwhf7q4rdzc7mxwfm6dclhbt,11,6,0.00015341931816952996
addr_r04ivf6rmy1pyyem4j8ppjh604idcblw24t45rhmgx,9,6,0.0001670394563308253
addr_4pzawev44jt6694yexhlhm9umugmgiq4yh5m9ewxyd,9,4,0.00022983083609130008
addr_03oz9du59vb85kh0r3gwv8xa8gjqlo3kapceg7l1b7,4,8,5.1795300354345814e-05
addr_4rz36ml85irpbzcof8yufuprux5tyv9bgmtqkkuole,4,4,0.00011068890814882385
addr_2t71bb8x537bqc4o1wxlest77w576c800bv41q6f06,5,4,3.880454288362762e-05
addr_0gc2kzt7vb300k6o08a54bvm6gt7d7yff82jo7y4wq,7,5,5.069786234586978e-05
addr_5t16mo0u8d8n1dnv3vdowim8j8i9955n1e8l6sef89,7,10,0.00010137208059918549
addr_litfhp6620z5xi0rxkx5mnvnr1j8hp0kjb0w7e21lo,3,5,4.803403723816669e-05
addr_n01hiefj7511x0lpcj0hq92lfvo6wrxyl84q34b2nc,12,7,0.00020088695372691645
addr_54j86q1lzhq6dpnk1s8ggt4llir2ozwued5eu22hab,8,3,9.633985918708495e-05
addr_6r8ofrjmthb0fcqx8xv13ord2281ww5aa8q98tdp15,4,5,3.9364264589507684e-05
addr_n431q09jcoq7138141b2ejdq3w6hgb4s7sjh56yzxb,9,1,9.101853758178272e-05
addr_1yt0zntlwhz1xh09f8afi5au7uab0xo5kjped4jpg8,6,9,9.576782163089821e-05
addr_vxwrp1k4a5f05lkhtaqma6dt26v51rlbs9nan7t6lw,4,6,3.919565653094166e-05
addr_4k7bpgyvyv2gqu7dknncptkezjsszwd0w9ry79kvls,5,8,8.307506631230512e-05
addr_sc7wd1bc6j8z0bj4wkuwjro4vzs9hysvpd6f59mmrk,5,5,7.277594056607378e-05
addr_d687lwhnussb68qj1b8i0x7prizst85ow3dd838plu,8,6,9.02704396727988e-05
addr_pvku8702qksu14fijuiw6ulo6gpx2ozyit8rma1rrd,3,6,3.1186136504812854e-05
addr_kxx0rw9xn2boehkage4h5ef4jua25h16qvyz7pbbub,6,11,6.408768367634004e-05
addr_4r5rth5cgx4xhsi49gyvgrq6i11v45bolfyh0sav2p,3,2,4.398594510738361e-05
addr_rozy9h3rdixccq07b70os2xsl7immsnwagbae3lqjr,6,6,7.572371248233887e-05
addr_swxkqtq36zpmg6ooh1xawj28cw9rtnfw6szf4lur02,4,4,4.174828774062694e-05
addr_ssamajax7r50xywh7tliovzb2gwt4barmp4w4ykmq9,7,6,5.7165968125181956e-05
addr_41evl4spqjn1bhiq61kjr46mhrl06ajs6ft3cbz2dl,11,9,7.608293768465194e-05
addr_z1wdkjqg6yzjj5kjop2ekormsue8269ssreh3dmh14,12,11,0.00011724747713798164
addr_0z86hevww5k422dknou6tj2pkkiuy5j3n6mm042qtc,11,9,0.00010556533597752532
addr_zrejucdo78ve58zak3dmwjvn9625ae6pq5wrv9rd6c,6,6,5.9455734506225054e-05
addr_yp4lywvtr8pmkdwtchdua0dx8zk739p5a14mfxetn6,5,3,4.312060163522076e-05
addr_ybsewyo0cadsmiqacaaff0go357bd0e8c6tcnhjvan,13,4,9.96349061732785e-05
addr_f9wx95yytpmz2estyzbli4z3yppucawhlv2nkcdr54,7,4,0.00010252048320544963
addr_78ou0vti7zbzoa42oa8dhg9hqte2q7zynulnn153i4,2,4,3.083063322059598e-05
addr_s4a3wwkgov6b7kmq4tevvnd31fcg12upp3f3ulqi5h,2,5,3.4928432753568394e-05
addr_lz86mpu2wi1tymul7j3a0pxui9tnnd967zpzekq1u7,10,8,0.00015218309252021264
addr_abrbjp68ray4fxr19wu2q4iefl5ixakp4rp3ey89kh,3,5,3.9945841883198095e-05
addr_49bvszbm58p12v2j9529vv2ykjhohg12g0apfaok65,10,3,0.00011551121577881387
addr_dejfa3zv2s173wnlodd4fvb58tb8sxwm1ip7oo8rr3,4,8,6.679449413417452e-05
addr_hm5sqe2ob3v70i9l4b602h8m5c6bza7hqosx8ua9ey,5,3,5.366123918244955e-05
addr_adlloh164ktdzjpbllet54d3a6s8uuz0m9newa9196,5,11,6.438492999100181e-05
addr_pcgq6pe2fdzltoczcecert7awrpmehrtvce3skso6d,9,1,8.937799665268454e-05
addr_7shiam6pqfoiu1vk7i2b2k6c5uiowd8155ckjmrr4f,7,6,6.493953529493393e-05
addr_ur58x9qyxwl9615payj30amxe2nfzkxy2ya9mub6qf,3,2,3.5832086033195235e-05
addr_ekcdbhz6jqxja3vqs0083847zretrudeo0q80mgzxq,4,6,8.339411262664756e-05
addr_twgtyqggnub2qxshn3ymbrm16lucmusx2a9rchkmyu,7,7,8.237986559224032e-05
addr_jtjcxie949xpfoq9sokiaaak5km22chh9ixtjkqavz,4,8,4.549264833781718e-05
addr_cvhlbprfegcxy13vw40f72ve4irf7bcu5sxqkqbkur,5,2,4.453482663980411e-05
addr_b5mg5ozv4hks5ue0aa7ekkzon2v1fsl7plw3ykmv1p,5,6,4.658774773964143e-05
addr_ez7tt8fkjawyod6im0himou5l2e7vrp9sqjzwf56ed,6,6,4.785113824814698e-05
addr_lylbj2n2t5qcqzbpwao3ccz1wj2iba2j2vzej1mhte,8,4,0.0001445092226669758
addr_2jjo7ngm4duolrcj16cj1weawapezthnpo0tthxz3v,8,7,7.681654480217281e-05
addr_t7ec2qn612x1vjd101plr36bdem2t8jo05e5zi5yks,7,6,9.349087256880778e-05
addr_axzx9slsv2ifwy3i07kdv9ky2o50koj4l17k6ohpxz,7,7,6.843673419917579e-05
addr_urh0eb42wqk2om9bkwj11vv4o94d456zvbq5eo9nx5,4,7,0.0001087386409702455
addr_947xkjq6x5ld8qu30ex7ki139do70iu7hwlwzub3zu,7,7,7.753624038406488e-05
addr_zqp3nf6kqvbvf8zf48deyv9e6uf6gt58dog2ncfldp,5,2,3.836243350143862e-05
addr_a1wnd1rf5t117gpmfd5xv5citvbfdr4lvsg9xibe7f,8,7,0.00012378475789744271
addr_emruyp04k43safyh1fkj4yk1b3d5050ui22kx7n89l,6,10,3.836592630893969e-05
addr_0utsmkx500uq91vvwmbs4ml3weod6sj2nboygoebbl,2,7,3.607854848659047e-05
addr_d2k8vno6036kcc4tvv5nyoi7g953jxg0fsne1m6zky,6,2,0.00014117509121138282
addr_jnpix3l5dkqqhflbwm9hj0c8occ7tom7en76r4h5ag,4,7,3.674153065590117e-05
addr_aipbewmo9t6rqpj6vb44n2kv05ws57ytffca9e8ieu,4,6,5.6764475908618483e-05
addr_pitg37oiga0b110ck6ke6upv38xfwcwwplcxpzxc0b,6,11,0.00010305843187031548
addr_o9cixvxzhgp4hov3lhyrpeaeu8zq1rbh88idw8k8n9,6,5,7.621769861765183e-05
addr_wozn8gbuuf24tjcr4rp8eptgmlb9nwesfik2kwgb98,2,6,3.3852842394978304e-05
addr_f28hksco7iq4eb1a5e5objtuk1cocua77od58q65ta,10,8,0.00011169260975058936
addr_84l6ndyhzzvpiluebbznzwgxb2qy6pmtugs4adsgyw,7,3,7.356335674147367e-05
addr_djxgo7ng299r9wd3sd90jsk5x0jtxdu1iudg2zoxq6,7,4,8.271629443771501e-05
addr_55iskglqel6gevjpeiw90hp3rsrzo3h0fq7tp0shjs,4,5,2.817592949314396e-05
addr_2cycuhuz4f5es95gv6qmw360cwp3i9gofmivkrgvgh,3,6,5.1566407527393945e-05
addr_ytuml51o2noaa85hil1b8w1p8wjj3zb8iigx5jt6gt,3,5,2.8406593649415865e-05
addr_5q6y9s67z3msx8ek85mg2lkscui26mgfve9imwv6bd,9,2,9.458794123376395e-05
addr_8b8qxdq9c98wv1m71b70kan6uv081lftfdjmf3vdpa,10,4,8.049508535477203e-05
addr_3oxabanesjinrkpozmevv07m9wvepydnmyuwypcixv,6,6,3.580912853150369e-05
addr_6j1u5vocjgbrqe0uifu8vw5c4z6v3b9fpxm71ix513,4,5,3.530940888463945e-05
addr_ritrfa12suqcgwlzr94kq0vvl5t3a5ye4yds5dryen,3,8,4.647130409026802e-05
addr_xyrmukurer7ph422qeoqkttuqe7lgo4fugcs2zcasj,2,5,3.3206010241780026e-05
addr_4yso83xi93wwktlkhk2robgsl4k5rha2fwnmoi5ngg,2,9,2.8953682989671823e-05
addr_qilhx63558a2varv9hznpa4ueh22as5wdehhb3bxge,6,4,4.4179789626833204e-05
addr_rtaonmq7ojem60a3poykhcm5ejm6673dofu986qdj5,6,12,5.194217560427031e-05
addr_0uub55ps3r5d2tbaccry5lrbj4qy337zj6yhumo4k0,3,2,2.145630668803274e-05
addr_dngn2v1b33n89acvzk2s62m7tbs28sqpzsuy7nesr7,4,2,9.535714422100989e-05
addr_mbpm90q309970c5gbw3oz4rfzlswmsok0aq126lun8,6,5,6.799024146880554e-05
addr_iefc51ugui5gqjkshgycvdr28z1l8773ep3rmrd8bx,7,12,8.775324958741589e-05
addr_3b9gj4rw83kt853fyn3rdrc5g6xp3hmululi55jeis,8,3,9.4179917359347e-05
addr_p9scy0cb5psa6ekwqh2u3ld83qty1ccrw48z7xcus1,5,6,3.234396139088197e-05
addr_3y8iok3r9icqg21e0y7hphawxig6harca4ure6rypi,10,4,8.910096572739822e-05
addr_2xt5nc6l35l7iw6o0qdr8eme5v5ryn0qgv1rcxcrkd,7,5,7.261340346261441e-05
addr_3r8958f8ejn23w5h87znuvnuhhgkd1wjjpyjx2q64r,1,11,1.874570551068855e-05
addr_y7ro92xipi1yzqul0f7lhlnmv5p7atc5b197u9hz0p,5,6,3.053522582575759e-05
addr_c4hwsbz0qqeh0z86ilh98kpvovr0hkbxkxxky99dub,7,6,6.426270692655386e-05
addr_fanf5gr5e1io08p6ywnqv7pqksmffibyvag1kh94y3,3,7,4.341697238223297e-05
addr_no89kby706t2kk0j6tbyaikh4znpskg95bowpiqk25,6,8,8.797302689419929e-05
addr_dwpmvp1zkclsotfmldrglkyyu69q4fwn527zyk2y02,10,3,8.079852177212074e-05
addr_8ebbvqoyup8v21lggcdk7incs6iuf9p6lx84ofsrl7,3,6,5.0436333312839666e-05
addr_ddjdent2er1cut2k0mv3q580k5wwcgig0zra1346tm,8,9,9.102040236774465e-05
addr_5q4ewm0pjbjs8ix5s41nn5u123gqkk1t925htxou79,7,5,9.955714217465051e-05
addr_vmy4v4a4ipvwop786c4vw3dbmgtiz7glznu6lc4cc3,5,5,6.954594023471883e-05
addr_61z02fvnmopqnr7ulhp8nlvcum00t7204hw9vvoc3x,12,6,0.00011663408859080622
addr_4tf9620m53htsgl611x9enfiizmd7m0bk3ok4lj0r7,7,3,7.863832243360041e-05
addr_i3p0oi8u4f5y7ge7mgrh5rkllfva6ar1ar6ufcmvq9,5,8,0.00010686446463685298
addr_folxxsavoe6csa41ops4m5dylxw8041ao2ytvwumfw,3,6,4.578778157844158e-05
addr_ns1465keolepp0e669i481icmj6p0roed7vmyg7sxd,3,15,4.07354664982983e-05
addr_xxugc8wph7nhrx80tue4kmlbgsszz0u5vyzszyv2qg,5,11,7.13886166797143e-05
addr_bbryqgt14nzlx0qb3osnacsdy3j7fu65alkk2tlmo4,3,8,5.6719066767259714e-05
addr_znsgwoc4191hkk7x34udc4fh065afu20vmakrx0gwh,5,5,8.120936137341904e-05
addr_7ujjdnkchcnnvp63u4fudvyaloksx8s2l31ckiv1bs,7,4,9.57759682230781e-05
addr_3d7ji6i8e8qkxkizfzmqp7rxkzk4rqjwojwf50sxku,8,6,7.246217250818112e-05
addr_vxovy59esq5uk4zr8jly1o2or2hyrwem857izwr04d,6,8,0.00012886417568874295
addr_bnvl0os3x23ietyr9x20bw2mrllgu1tlxzb63v1vqy,7,10,0.00010204969772700424
addr_udkezh36xlbhwg5742lo67ru8dm0ibzz0q4q496us5,7,6,8.99380025076474e-05
addr_pqlbyzixn559bjk3utpwz7c3rrynbf31xfn5h3s92x,8,4,7.056237612038348e-05
addr_zu2nacoxc3d1hfq4gskj8ppjmj3nx9p81gcm94qnt8,7,10,9.202419728335872e-05
addr_9fpi4npqu7j20b8qsjfb6ht82zaesvv93ipcaky4a2,8,5,8.681939024227321e-05
addr_f6z7o6s2oml5qm4kzv0oll7a9rgcyzp5izi5h79zlo,5,8,7.903025732986105e-05
addr_7hbsqnxyb7nva0no7pi9a61847phqei99mpp2kac4y,4,7,4.303606154998686e-05
addr_15yd05duvlwwmi59ys4nax0dwv3pj7vcoa8d25pepz,4,6,4.500053996211081e-05
addr_ohz82rtr9wpnn6zupfvjmvklu2hp4u9du0w76akev1,6,7,6.057882531063549e-05
addr_ell2ib4hgqn1wsamb772f813dhep8ydco6ljxfvvbn,10,11,0.0001175335569104837
addr_oz9bqzfrdjcnr64h24wieygth491hkkygh4vg7af39,4,10,4.612597810329349e-05
addr_mr4da8rh3w6d0noq91ui7zfxot8k5gfdbbq5xzu6hw,12,3,0.00012788318551136668
addr_a39kdsxdk2wgwyhogqn8tm2zvqpk033xbi2vx7vnqt,4,6,3.789704529452369e-05
addr_fqbki13y6yf36nysczqwynvvrm1tpkqt8lndtuxi3k,7,2,6.417942808720284e-05
addr_g6edtamp77mge2kmvs0go7vn6tfm8cxqaojwnurmoa,5,7,3.685332775091367e-05
addr_kcg6datjt373evvfqmuem3chw9trfjw4d3glhqneg4,11,7,0.0001073269189006876
addr_knxnxbc53w9tnuzlyffnxblj9t0b3jgz7ncwrga07b,9,3,0.00011108274918621814
addr_f9jc7fuggsmiqjjfc9ge6t60jnfr98eex9wx7kgnpp,8,6,7.412271415050575e-05
addr_0dk7w8sg5izv7fpgsn6y2wpemeka4l2ezb1v1smzp0,14,7,0.00011961594505804187
addr_fj277uqq7b6umx6zrylbv1txu8xvrpnhyf3cb90yc6,8,11,0.00012494348525206748
addr_5k761jp06e05hdjbgcoa876x1ak42rpvq8x1wb0sio,5,7,7.474263405671268e-05
addr_lv6u47q0p2r7ywxl8zzcj02o5ryscrkex84jjz4dwj,6,6,7.897441410424401e-05
addr_7w08l8cejem8sl1j0wsnkrnhzxkamn2u99ugywxzqx,7,6,4.950547407942887e-05
addr_pkvvambtqs527wdnkyjrpc8w17ifgipuindb8zgywq,4,8,5.772983028831368e-05
addr_hdiz9pz6x98b9lzonel4dvh567blhg86gm727nk5eb,6,5,7.899473324989603e-05
addr_l0a8ek5hmiwgess15czsfz0duk0cnpt6jin4g06cqh,7,9,7.020547245338541e-05
addr_2me20lz8lrrwh5ejsinw1jxlk4v6f11hiz1mcf7xjz,5,5,7.461720343767063e-05
addr_mjjqgfj2dzkwuhbp0fl8jpl2cgctglfvque1hbx7ve,10,6,0.00016759923842563513
addr_vqby1zdcl04t5ya4kkch6ovznjd3xq6hwbk4dwn6cr,4,9,5.4528780975398985e-05
addr_deaqunkt2m0pyj5w4gzsdr3fco68w093wqam3u9jg1,10,6,0.00015411953129838013
addr_m6ov1biwbzk2xwcknhvgts2ectro2i52i339eomc4m,4,9,2.5522745936577694e-05
addr_y0bjm4tdj10mo1zonivehbkrlz5fsnmtkriyrpnwh6,8,6,0.00018295620847572116
addr_mwocki4mhxsg5u4uv5i7g9bsl7l9bgdyboj520hh3f,7,5,7.980415075197945e-05
addr_zjpa04uegbzsmd6he8fxzu5jdq8wq3mrwsyesblzs4,5,8,3.7721716861759745e-05
addr_jt4ez268wxea6lz9sagfl34bvu4c7nt626cwqb86o2,11,4,0.00010454299607051526
addr_4z6znnmumv0c3v8e6var0vndpdvdp4a8c8899ocvsn,3,5,4.889114330057182e-05
addr_x8pok0pnvjaz2eveil3eq7xx1w36coenwh5jz554ka,4,3,0.00010095289810991122
addr_feaib3mvm9p3fa014257xdg5g2fnusujo5gufm64at,8,7,0.00011251612383881895
addr_31ksznmdnp1f5kbiy4owymeyfe0vv4pm3rqdzo8b29,5,4,0.00010441490669171793
addr_45h3g7lwbncrq8pdommddchbasl8mu2kp3oq8xprdu,4,6,3.00056545074553e-05
addr_glq9eanjmn95wer1314hq1rrpr02xv4j67i3fao8ix,6,4,4.841107578431053e-05
addr_q43778i5i97p6k2xme1vfm8zqg7fg1dp6az4qodll2,3,7,5.658417824621757e-05
addr_bjem8fjrq8p4h1v7mb5ry23f2tctd7fw33g8u03ez2,7,5,0.00013148789802586175
addr_j2bs4hikuw9gmvl8xkm7ay4g1nty7ufbwbf84q1zde,6,7,6.905028601273911e-05
addr_1cf7yurcdoyci787r560pf4so3stypty3be0vq7ghy,4,7,4.486745904782249e-05
addr_zvuyfk1pvsr5rtd3u8n12hz94j3uxiebptj4f5en3n,9,6,0.0001422763573406952
addr_01txuzx0rh241szvpxaueby5jbxew8hx5yn2jqtu1u,7,4,5.058808865458239e-05
addr_jpepamixi07zisyhpkdy4wthlgp247r2qh3ah5w75q,4,3,4.177900494194261e-05
addr_pcfm6qxyxvq5frgyai7e6nvdqqcf38b82fb24kmthi,2,7,2.1951527130241197e-05
addr_f39wgtxkj81ltbneao322v895p2jrqjwbbkmid5bgf,4,7,4.989267900399518e-05
addr_5zfc1k8j0kkagiqdz7y95cpqrt3mf3gq7p7swvtqqk,4,7,6.433229191785597e-05
addr_ycnhknmcxplvpc3vapseoreh36mwvui78lbshn184c,7,3,6.421906656749113e-05
addr_96wqqiijlwran00h7oba73ws8xwub24jlowtzafmph,7,2,8.740076457627235e-05
addr_xcvvyjb7lki63tp98kjoba06yoh10y09b9uyltlj28,7,5,0.00013504404117562987
addr_q7t518h8x0hjz50r5gb8cvkwhd4rnqpmjozn7bllup,7,10,4.005655484137416e-05
addr_9elllqxy87o0xw7d6k0j9f1sj0wam3c7kjs7hay14z,5,8,0.00010691545575916685
addr_c8m72v3n3a15r6a1y25fiu6qdz2h107gvqkwudm5cz,6,4,8.657173013963917e-05
addr_b874uu5s1m2yw1warz3dgzkrfntprm41tybsus8hrq,2,11,5.429469761752719e-05
addr_wdd600gapm5xr82wvrt1onkpkjxwtu9slog2k5yfkb,4,6,3.162998121753801e-05
addr_sv8kln1kdl5l98mwtkqzs8tnxt06wrzh0o2cxruvem,6,6,4.057778032996559e-05
addr_2ih2zgl19iif9n8fw1cb968z9k8p8mgpssewjdm90o,3,7,3.850132716344159e-05
addr_2c7k0mibclc8l8e5rajgrscapi3afwj41r9c48gx4b,10,6,0.00010982314979438165
addr_cgwc8k67wr4oy4z5bd4ty7420wsrg01wfrkswrhohg,7,2,8.115209458694613e-05
addr_z1r8fsdmsphha1zii3dy07rqq79z7sp0fwxj3ys34w,8,4,5.6231458025890006e-05
addr_u7bx16x2yxkpfm5nxgbmnmz2wcvwthu9trec8yhcvj,3,8,5.6389633256569515e-05
addr_3xq1tlmg6pmpb9ozek0vwjeeanl8z3hrsrhwlo00km,8,6,6.773143641810985e-05
addr_4mbbdxotook1omnwkcut54ehxl20iforrll5tdxsoo,7,6,0.0001149726426896341
addr_fnnf8u4lmixrspdu1npe6emnycubfwv44fj12jn6dv,6,3,6.165186535349098e-05
addr_ma229gomggfvxz7wtbwiytmx39gk1akmng5bs4xql5,6,7,8.643739174904427e-05
addr_wbx9jc81w4t079syp3ywy7oo16f8guyxzc0076h6kg,5,6,5.9495198741887e-05
addr_72u22eftixdwr024lpo6gf9xxwnkpziajn3mleozpr,8,7,0.0001054648467881412
addr_gmdxixzmft9imu4q83wipki5s8os37cubukj22gr8e,4,7,7.817351622986609e-05
addr_kje3witf9qm9zlmw95k19wpdw8o83behpo6wx80zil,10,8,0.00010431857713377923
addr_oon96ym2nnlxzupnxt5yvujjwt3lwxqf5o7j9twjzp,3,4,4.1484754970032005e-05
addr_mr13sgozgixm2t9riy8gjud9kzenaxjzlifpao64sx,12,8,0.00016942043318640834
addr_dw6uqbyvk12t4wl77nuyx1dr37a5jsettbqob6f355,8,5,0.00010057407305380372
addr_yycap2hugkyhybqfswllof0eww6q3dl0kxgadrveco,3,4,5.5866263048468075e-05
addr_17kyqnloc20l86m4b4nu9kyjjz3f144wsmbh7lon01,5,3,4.6946079798647014e-05
addr_zus5frxqzm2kenypu5y914iqamoumleod6tsk40r6v,6,8,0.00010765985979297912
addr_43ur4mfjhojalbh1nyks9urxijam31bxpgwjx3bid6,4,7,6.950169211736559e-05
addr_ygvoo8pty2bndggxna8273kn5x0ruzkyuekfmw11z9,4,5,4.797386852172867e-05
addr_fpe80n8lyir9as8rg159rzmyjkz5jg5djyb367y84l,4,6,4.825759627953443e-05
addr_nktkp2pxyw7dqtbf6bio00o72q4m8nmkwcj8dl4jm0,6,5,5.090513925928427e-05
addr_ab0zi0cqmszpdb3f9zdjoqujvpre8eaoow0mtiudzt,7,4,7.802099035151411e-05
addr_9gpln8d2bl9kt184hit2vu4lyy3maa3gb82rz8jpm9,5,5,6.249816370659892e-05
addr_dtl5vlngrdpw7wtms9ueysgeljxxljjt99z0o2ttiz,6,6,5.757562793118123e-05
addr_leq3djlfvdn8dzwsj42119fucj862g7gwyzr0bjfcv,10,5,7.209097015941068e-05
addr_efhx0zj7izva3t862vl1tku04vpwymfvtacblqi1n6,6,7,4.206332319471794e-05
addr_pg2nfl6r45ihitzptgdovp1b6cqayq3qzb4lgsv2cx,3,12,4.412157840190885e-05
addr_oejhsairr052iiyqi143m1nawq0kagd9ylbs1qzb9m,3,8,4.376536437778734e-05
addr_tsyfygs496aqyzmxuh9gwkyoy7clyhiazcvhq3u3xd,5,7,4.3314195356164756e-05
addr_2yjxzc03m1cd9zkns7kaw3v340pcpg69cqu5j5ywm4,3,6,3.480377726973324e-05
addr_k20y0zmj7npjo0n2dczbi0oii764tb76gin1xwxbnz,5,8,5.6981018102996216e-05
addr_voejn39hedjy9qzyvj3uu2r0cxm81aay4avzlppi3n,7,8,7.851604512877698e-05
addr_efgll6xxfazhab1woh1sm7822uz9vexg6g19f0dsop,2,2,4.5357436591649904e-05
addr_xe0bqhdd8h2ubfbhmfwz9ao5r9vkqkkatace4fp938,5,7,7.64542187476086e-05
addr_3ile1z31p741heah7z42xodjfes4unygxdhxwz2qdq,5,13,5.531686469885892e-05
addr_de05dlto6siy6a9wsl4irbo2vfs30meq5tq7gjpvrz,6,4,7.434666513659444e-05
addr_h3kff71w6sv4ex07jop7uap7t8wfid2w7umrsr0zn2,3,8,5.6755428064505745e-05
addr_muitsultagawpohzrxywueyrehkx6fyk7wqimowpnm,9,7,0.00011852030561904062
addr_0py33dnh9xngduf8nnx1nu9cswzq2ab4v3dbyj9rp2,7,5,6.622028693893245e-05
addr_973m45oa472gy3ifx5xc3rik0hopex1bi9ejjtqb5s,11,5,7.89484669727264e-05
addr_ym59wggvyj2jzo764ugebv3zjtcg7g2mvkgcerkncm,8,7,0.00011157797486349519
addr_xgf73n9f8xg6khadigsntwqvu9ou0eui4cjurxipp8,6,5,0.00011829886163744889
addr_2ze0eir228bauvw0kggusdgdl8lr7opmyc0ce24ass,7,2,7.689158273250779e-05
addr_n5pqi5067yeo28g54wfsfe1c9xkvoli6qw0syc3rnr,3,6,5.973519907549276e-05
addr_rgspfzowvl56ycdbaiqf2v4c1usdqhdkx2qen5ympv,8,5,7.621036128349626e-05
addr_pjz2uty4qumsckakl9hq0pu79fe52m1alcznv1k5jx,8,9,0.00015536216434872154
addr_md8zzkdso680xkwv90w5rjo1yfe1gzcr0o4ow21rkl,7,9,9.875268616076463e-05
addr_mdwwj6u3rn9hr6e6l1d2qibki8mejeiiqhwok9e5s2,3,11,3.53698807041641e-05
addr_fcja0k4pnsi32rkhhataquutby3tuuwjff1w3oa8da,6,4,0.00012642621901001044
addr_iaifucgp2a2uoyoqvtgzxdv5qy42zs25fkkxr290r6,3,4,5.225013160673614e-05
addr_xf8r89rksdfhitouhyenvwa9a3js0o1um4on6stvld,7,4,8.749321484077776e-05
addr_ivk0b73bhh85da5h3z4lb0fmitwphkokpy98opbh4e,8,4,7.707222414281203e-05
addr_enk35yadwt6npkmlnnphwvxfrur1c7p0jmlflhjgi9,5,5,5.780342401389371e-05
addr_qwhmfcgc47wkrw036qqqcu1691aj7d94rgoi9e7kfe,6,3,6.170842468079248e-05
addr_jmyu2e8lyg7u3qniicplogojmiuc1j57vo0e26sd3s,3,6,6.551782893398684e-05
addr_pkewlon22c614czg2f6ntvxvt8rgn7zlgxso0cyqf9,6,10,0.00018334891163265324
addr_6ovty2irdv3tckc6fxeo5jqo15jrepp80d2mrjhtv2,10,5,0.00010955280919235789
addr_9nlahnohq0xpevy57im25q5o4hgi3ct4z207fmfnoy,1,7,3.370470204252206e-05
addr_hjb0z9v0ljpeiym8hvkz7edm1k4047mzmg3pq76lcx,7,11,7.995291947747061e-05
addr_auv1tvdmkhqauedpwct7emgc1ni5ojhcry5zicki9u,5,4,7.427965900067235e-05
addr_rg5ascc4djyr0rn2wo9khsqhbpwko9dqqxiujjlf2n,9,3,8.899330727858588e-05
addr_qtaij82t2a1q4p24l6g9h8lyk0vgl2upqv9dy292iz,3,6,4.507488715102487e-05
addr_mbs86sxq1kivu9waw80txo4hj2itwefvrqmnuh8mzh,5,8,9.422178992928223e-05
addr_y6fgoghar33r40adfpan0oy7gzu2nkjo1gpbvyekrh,3,6,5.564983526223521e-05
addr_vx91alvfi1dis488qpbphgj1n9m94vi409fmksj970,7,4,8.294443954305634e-05
addr_czyuwofuv4hoakoeeup0soatz3mez7isrgr9953c89,6,5,5.825079922792402e-05
addr_qk81qt06bd5v7ojtz7al9wbwghhh7dcltfs39fc80s,5,8,3.3175534430739016e-05
addr_mcoez6oi9ikt3236un9tpr85jxyercbg1sbwrubq6r,8,12,9.771124276679778e-05
addr_z7gid72q3wma1197ebw7v78d1yonzuyeuzactyu6ns,7,4,0.00010895803832668342
addr_3ld2o3zhyuriqzs292t81f7tewd2ct9ikstwbx0d9l,8,5,0.00010732200322158774
addr_k5mu9oihs804lnretcnj1id4ge5hxazxefyiguciz2,9,7,5.988565390282316e-05
addr_gs3sq9iqd3tccv909b752b620c4uztf0tgfzpg1pj3,4,6,3.494483628870415e-05
addr_13is4g4qx20jmd2tt2mk2m3d9bxbh1o6v8vcl8jai0,5,6,2.9732970230706377e-05
addr_fyrleogkbptzrr57xtovrbq3k9d6a1w5d7ve52zu10,3,6,4.549888823178057e-05
addr_8v8ux93qra21yy9n65q9phz7hfcejb3hy6zy3w3osn,7,3,0.00010327469320172508
addr_w1rxlvgl7hp1g3gk01q3ipxdpkh296j5p3mnfmyjoe,2,3,5.505875295223448e-05
addr_4zhov2kxn4f0xptst9gryvy00ooyx44rl44vvcry51,4,6,5.438303079265177e-05
addr_09gb2kb6pkuhygre1ondcuvt7dj6ve68oajwt6vpcs,8,5,0.00013565455650136834
addr_1zs4es9y4bym0x4eoyss96tamnon1iwzy01h0l5oxk,6,8,5.517918119006516e-05
addr_25lfw1sihxeia614a5j53dpreyh61hsxipa1qq7m5e,10,7,0.00011308746167665589
addr_b9tkp70qn67gcxxp12bngirlchtpyljlikw82x2bui,7,4,0.00011896407789598012
addr_yfdqp6qd639wrnfmb5f2hgbv4sfj75r3egznodoxf9,6,5,7.651599417738107e-05
addr_qfe4tvydeij3ouhepnb7l14nn18gxpcnyv7cwnmuj9,3,11,2.9516774546314835e-05
addr_ec8vakfv0ry7mm6hpat5xtdax36ff3i2pophadf5mi,6,5,5.335332789926529e-05
addr_cqepq799zybejogrhnfhw0ia1autalyfgticks10p9,1,8,2.2467036565049918e-05
addr_0i8fwshtn1rlm1c4pzsw6tp2sqykpbssvi0z41chjn,5,5,7.276319554358849e-05
addr_hxb8t26ccwioll8nipa0byee9a7r2p9f6xfs01p60f,8,5,0.00012771767950856398
addr_nn9wvrae6bbp739bhv4kmozpnupjpdmarzuyje50qd,7,6,7.831536153342662e-05
addr_cqwebhgbue2d983p6h2bohwhqw13k80ujyx4iyicbu,9,4,0.00015668102754742396
addr_ozobb62hvia32dzdrs42plx15gbecud50stnpsaxii,9,8,0.000127006706967956
addr_ce3hiqc97h057et8wn0er9072mh8taz6wexx49ntpw,7,7,5.885755885600714e-05
addr_h23gxrirjutfvj839ag77q9vjuhbp9vrnegn2b4jtj,6,5,0.0001259093312018841
addr_5rzruxf9e6alux2rf7c960hlxpgwnv3ii9379kmg15,3,6,6.182886033074503e-05
addr_5k9it5cvtz4pb7z9jn375bmguhqusi3oe9vu90zcql,7,7,0.00011620725494681043
addr_4928twhwkyv46ck2fpbm967g416sq9e4kvtk6vnbfg,2,4,2.9626190338851164e-05
addr_e9rzdgmv39pig43yh0ywjjyb0blikhl02yuga17497,5,5,6.094471658363286e-05
addr_hbupf6fdkrjnxzplrbi4p6fh75ca2ybfaws10onemm,4,2,3.084823940269943e-05
addr_qg4qlv724hk1qdu2eb0t4uoxz3bg52ib4tctdsdjt3,4,8,6.940314740339396e-05
addr_nymoleblz9nhdx3e95fkz90rc90da5qjqf362g7gjo,2,4,6.957060729664656e-05
addr_kcsmu64gupgb3vumqmro7uirdt4rzy4gl4ftmsf8pm,6,12,6.864529621085807e-05
addr_cxcaxagoxvnoz00i7etqukhidodq7ybt27zs9bgk9g,4,2,5.151733272137411e-05
addr_uwju7ku9agy2fsnjnlqs0lxz50kg6ydwckfbdtyzus,4,7,3.692669949848159e-05
addr_8xlxw719uxqbub2houu5atr5tlysgef17ms2yoy5oi,6,3,0.00011201094791458522
addr_tjio0uy38td74c0x4mumojemh7x364c8buq7579gsv,7,5,6.876152458937433e-05
addr_k2jmbzrvpv2cb18ycajd4mxy89pju36pey22892yts,0,10,1.2591921833626345e-05
addr_fw9epm9f07k7s014sfgkmq0dlph1jartyuyx7r8j5g,8,7,8.626843501595346e-05
addr_tevsoswm6vpkhgsqdm89terr3sginp6rsqzhq2hqf9,5,6,3.392832340235438e-05
addr_2ql5zqbligw7gx5aqkmsaorb9uw41m9qida5gf6eil,11,3,0.00015957555126910896
addr_u139ka7jk83mvqiixkuozm7i9ry30m651lzvgw9hne,4,8,2.093233054150184e-05
addr_cxn5phoczd3vm4x9590ion3xjr69o1q21j45w0pwue,3,5,5.393451404144928e-05
addr_wj5xg6mwo4qhoarjv0qs8kyjppz3z0xqdzd4c2zos7,4,8,5.402930755732872e-05
addr_euh4sbt8ioth54t7egowbrdsbwi2hxqwr9sm84pp45,2,5,2.4860447518564472e-05
addr_gb1qfhwtijqieg91nj7eqnwx4s29jlfbk3lvb7j44v,5,5,7.138398340525946e-05
addr_vzt1gakoe4vdnrz1xhre7vmt2wdnovbprxeo8qpkpe,6,7,9.023313463604521e-05
addr_13pebqlr13mwp1cybilhf9ufnyovl5gj7psgef8qgz,9,4,0.00015962285809899146
addr_qyii1oymgshg5i9p018t1mv15ogbniefuckj1werk4,6,1,8.409267640450525e-05
addr_0ukswl9i9a2s1tlbnk3hzmnf81ybm6m9d1vq9yunb9,8,4,7.022915620426901e-05
addr_x89ct82ih3sp86yaan1dx38ybcv1g133qrh0aw5gf7,8,4,0.00011459805486562542
addr_n6a475pqmt5ophp9jdz9o5pxv00bwt8n1szvtuhxmb,1,7,4.002253666562548e-05
addr_hvqizd82cudld5cxbbln1b5ou833z5gf0g46u2slz2,6,2,5.920526535522996e-05
addr_bt30ips0ici8h6qu4z4l9o6886u40wo1ti8ssisdgo,2,8,1.766074293330812e-05
addr_e9h011f8nomqgd3nyvfblfo33h31hdcqv5iy9dym3x,11,5,0.0001520496782391094
addr_dh7yf2yuluegbxmxgcloar180hsbpgy1xa0bf746af,3,7,4.991223258940703e-05
addr_1794202sa5wby2r417peg8saddsrm25151lu0erd2i,7,5,6.430683575649652e-05
addr_lbf0e7gtfedx47reizipnmstklboow18bwhcng09c5,4,7,5.430677629626549e-05
addr_b8z6ql7gdxq4wbgy0lzs3m0jg4q8i0q1ris5jdy3f6,9,5,9.462144478873887e-05
addr_rykhsuadkqi8bxl701blu80skluj7ni6wi8uxv845m,10,2,9.989861999187175e-05
addr_q8ic05u47iml6ubkvz80kbmestjbbfooues8tqsvgu,8,6,0.00012052768078118282
addr_i0kjkowogorpt7b0jomdg1k1gk6p3uagtdip2iahd7,9,5,0.00010823924307521975
addr_g7fyajubqfuysuhdoh3xkuupvzb56f8emh22zy7zx5,2,7,3.3107507479804795e-05
addr_8ni4mv3e0p3qfkqzlbgr1ow4p4hj0el2ufrv8o99pw,5,10,5.225666268158716e-05
addr_aml227ciptm4qctbm2v70f0gn99nvty16jgk48ie0a,8,7,7.365480871187314e-05
addr_a2ppm22g16bbeb847u7hq88wwtc4okhjlvv1eka86i,4,8,3.881269344412972e-05
addr_jn3figp5dijk13dux34zjg5ldjqc5wvpfl11slv9sc,4,2,4.3409875851449524e-05
addr_gsfp7aij1dxk1194hluk5m54dizk6wjb8n96kl1zy0,10,6,0.00016778471241362032
addr_n0ivvbhk30p2apdbuh3aoohhend6autsdnj95h9zwh,7,8,0.00010654302427151992
addr_cb1kjtgq01tee13n3bzt9d31k9qm3p91i3vmzwffhh,4,6,3.002408181432054e-05
addr_z61nv045udtk22l9d3bjl76enaj9arkd5st7pn5e65,13,5,0.00020335617411166605
addr_1yr80ja8e8wg7hzichv5kmxvb3lrf11slnqyw3j6bv,4,10,2.961223894396966e-05
addr_nisappz8mjlqxpjw45aixsxpwoelzrco5vhq5q0pf6,5,5,6.31486732637862e-05
addr_xq512eylj6kc0snlppxd35wk6k46wmtt02gyfatpsr,5,6,4.9730769666165694e-05
addr_ymqcw12tkytj9b5ex9z9s12nhnhm45t4u2yph3vcw0,5,4,8.665111066685843e-05
addr_tajw2536zx1tv18kgyggsnpuevjlzfflb7wxrum2lh,7,13,7.107955549688035e-05
addr_w522hr9n21zqdp8p8pcgndjptoyubq7969ec0f3ewp,8,6,0.00010176321482845747
addr_cwp8sp2zdvfc4pv24k8mu8ibg7oym5upu8xbd1hs8x,7,4,7.118662303704362e-05
addr_kqp3683o9cznveckjq17lnk2qo30qo1kbli7s21d96,3,5,3.052077990916957e-05
addr_rt6oi8uru4cdreopet9o04ijq2x9782fns9jwf2wzw,7,7,5.855450811461471e-05
addr_19b9evx62ywm3p79nz8mhlw6oka4j625aavx7233rg,5,3,6.017761744707279e-05
addr_ojwlk9gl6eic9dw4riyy6xrdn4mp3z56wbagbmakjv,5,5,4.956908499751945e-05
addr_ini9rrv4vcg93krvva1ai3oq9gm7akmkmaztnlxddj,7,7,0.00011029188976529775
addr_tjnsk1jbehndgtybed0ddqy0uvx7nk9x3yghfiei1d,4,10,6.985299785140142e-05
addr_3hv5y3pmrk7wgg0723ajqw7f9wl3gi90oe4bwu13e3,8,11,0.00011136203441090771
addr_0bnatulkdwen45kcdqmhj6v8ry5yizt227lwnph0fe,6,9,6.392714373610388e-05
addr_mtsxecuvslj8u8f6aufkc57qu1z7tgmxlzpc2vo5yb,3,5,2.6826383868275942e-05
addr_ceu1l4kumzucisygd8gcdcf3m59m9fgy1xh0d894rz,6,9,0.00011569326419281855
addr_v7tgp4mvs27xyti94raqaaxg3lrxd1e4lm598h2qx2,10,7,9.814460426781398e-05
addr_pylupql3dh5ds99n6isvk2ll9e2064g923ny402co3,2,4,2.7012603812724163e-05
addr_gzeg2lkxbje6n7cbhdh19pik6vk8z0qs0tgnq1oxmh,3,5,1.997163391933189e-05
addr_mx3b8q68h6dcwb3ev53hx6ocrjpef1vljjjc9x8al9,15,8,0.00013792966778034118
addr_srwrgdfsscqmurn809qixcw16kvwuirats808xk4bb,6,4,5.3878476869610275e-05
addr_bcbzjeci3pizki39yx2kupcyfl3avozoomdjx5l40g,5,5,7.411953894898089e-05
addr_6lt6wbw44e8rbhk04h7o910qk6hndqh6lbc54yox9b,10,7,8.46142332249542e-05
addr_f7gr71yuzryd1pv9faa4qp7s2xuvf5hwda7wcrh9lq,12,4,0.00014700567825831599
addr_t5wahgpjh4mkvkjatskjl4dmv3dugh4lztcrvhzaa8,6,2,5.5555118386286084e-05
addr_xajoe33umt07pxic6mdz0bwl4c3iafavn1hdz1zgj0,6,6,0.00011761309093228968
addr_1uwuaahkynuu5eiddcbmquj1s05b69aedm6npifs9w,5,6,6.002401111452939e-05
addr_lxb0ip8mcs40jzywy1enmw8mw5g4620bq0ww1uambs,6,7,7.818563121549323e-05
addr_380l1s0uzgjhy9r3vv5e3olvqdbhcvkjnb41e6leob,4,8,3.328401722380445e-05
addr_upj8f4jdf00bju3dfdizvlopprcil8xvu19mk4vffk,3,6,2.030864845784579e-05
addr_93i9c6y5akgut0mqpsqg1ktkpuor2ax02cxdzb765k,11,8,0.00018442711419027527
addr_s2pbhlld61shikhc7j6rdpy2p5dynn6nz57lz3sera,1,9,1.4449980024486939e-05
addr_xk37m63wj6t91s14u5zjumxs10wcmhotbra75ak3xq,4,6,3.876266444244041e-05
addr_ou3hpf15wr99zzcraxy6des1kl5ez2a5i8jnbrjs1m,4,6,0.00012909278614847428
addr_4fypgpnexxe3ix49ekyk7yq5uj5kdiiczkk0a0ra0y,4,7,4.101155532619866e-05
addr_ltas9hbtqwz1o79wa96eqridczhr3golg5jdhylyp4,6,7,8.353580701489667e-05
addr_uesbfci5by2bxs8rwgosgjeu3wy9tmtrze6b8rp8zt,9,10,6.393257932482152e-05
addr_2ja2lpn1m6u2llh22be4n2524gpzbomvibzyfggk82,6,7,4.5487649855840174e-05
addr_ijf7vcdkpzcskeabvmlr3cy5x5wo10hmz395wvcd9s,5,6,4.822039939908122e-05
addr_1a2h25w8fbllvigzzz6f1cug7rljefilc47f39oxbv,7,4,7.656204508396793e-05
addr_7069qb0xe0h9x7oyw1077scmo48tr8bzhq0tlspqsh,6,7,6.570787921910944e-05
addr_lmn29swc4bs60e4nzgauzerafzc44uohua5zdhllri,5,10,0.00010555251804617182
addr_jw3aidwb4xdw1yj7fogg6apnp4bfum86av7qllqwwt,2,3,2.4930642389085533e-05
addr_hhd4hz0iritpirqdnxwdr3j2196ry545y8s080qrtz,4,7,5.019116042270773e-05
addr_1bkjgse89ytmqshdz8fbzirwocqjr6vh5y6ft53l0u,9,3,0.00014606017174454726
addr_fhv1xg1r11q7uww5wfcpkjcslqc3c54wsqt26q3xlr,6,8,6.430217245768787e-05
addr_wrs1nlam25wpbz56un3ex1s86qqjwlldlpm9s54kbp,3,10,2.6055384408882066e-05
addr_h8bte54jxyhdeuaq89gdth3mqbyy2vdzij7q7gs3ta,3,7,3.3519552677375e-05
addr_7h7es5np8ijf64d75je3r5v1z45gqz16mi4iawmme6,7,6,5.673101244347317e-05
addr_bhhg60hdb8zj2g758sjfzype4vmwve9u35qithkasl,6,4,8.738919307612722e-05
addr_31vijz25fxmsuq9hvdrp2fcn8i06lig9pgf5zwmft9,7,7,7.959199970426569e-05
addr_98b9oani86pyrlq2d5xnzyhwc2ubufyyrxxf1u7g1g,6,5,7.606205482270553e-05
addr_jl8ez31t6erq5a8389214311bkhsscrtp08iio1q3d,4,5,4.391569179917076e-05
addr_04hup2he1ncyyfw09lekxw81esve45pjkegftkw5rc,7,5,9.132076651713023e-05
addr_g3wvdvz507rrmmfouzep5ybvhe3nmx4712eqefarez,12,4,0.00013823594849059624
addr_4udnr32ivwfkmczmlll6yh2vmnw8zdsp8iqc0dyg2f,9,8,0.0001950224534211787
addr_6pixybozehgv6747d81a4q04utrncb403kf9w89ab4,8,4,9.534611416329872e-05
addr_x74s6y8p4gxntokd2cwtt4vzgkcoabo8mgcuzt62ql,10,2,8.05259256297625e-05
addr_cn31lycfvp1xnkvb2hqbwo7bal23iqg1ojl9ok165d,8,5,0.00012298991318209325
addr_64u84rlv95suctlhqrbn4apfnedygdqlodzbgp41yq,10,4,8.833870414519946e-05
addr_sb2lpk27tabgbk11xvos0axk0mtqlkmzgpgrziasdh,5,9,5.692676217390871e-05
addr_hkkq8adx7e4tbi2dgtxrlclnptwh0lhu2xwrgfcrqt,4,7,4.8129225696686003e-05
addr_8b6j393oxesp7j6v4523arbbr7dki5bbkv0x96knpx,9,5,9.550873583695371e-05
addr_h9bagm57ehtehyo4k0d2i4avqyim08125jv4xltj8w,1,3,1.7611991192987382e-05
addr_q7u7zv3bf16tawax35m1kh069kugkgjiwu08mv9ng3,6,4,7.457749366436206e-05
addr_0v3zm1n5fcaxnig1rjmjecg9jez9hnyupr69yblscm,3,7,3.367476571925677e-05
addr_m8rc0x082rrj9ou1huk6um6oxaigp56r2bh1o7g50y,6,7,4.8381963804295084e-05
addr_idmi2471i5dp13e09wq4n18153w56i9pyqld56yjv6,5,4,0.00010144635456992029
addr_n26f4dqwml7o610hlsefgbcp6oqnfc3y0spwqigbu9,11,7,0.00014814377401857045
addr_n84b7a61j037o79rlphr5ni6ovahihbh46k58jj5pe,10,6,8.315346613688587e-05
addr_u21jbsmgnurh7wvnn77wi9dw7lcdt42c65h49a7k10,7,4,5.7422665924749615e-05
addr_lzuiym4pg8ngheoak56o8rce46x1m0alr1zarbe6vo,5,6,4.5969676424472797e-05
addr_i5lfzlw7gtgbod7daaqhzbfk87zop27exgbwzduadf,7,4,0.000111751180695862
addr_y1w82rhw85n0gpjkfa5c990ibzb1vmq8p1ny0y11ai,6,7,8.690740501791329e-05
addr_u3im494jhz7wbih6zr6yve90o331hv3843cac8fh1h,8,8,9.417501662660324e-05
addr_2y9rpddrjseb4qy8795dskctkszbtwow5kkffkkzic,8,9,0.00010360766642101065
addr_xi3wgu6bmhcamxicg161xveuaa2u4px19qup65uszh,5,2,5.193897803252814e-05
addr_et1lrnsiqxar7vwrf7cpt81w56eose1di137cenwws,6,8,9.27574172051714e-05
addr_40mn8wsdu3004ewdua8kptjmpppgvtlwwiz820b05f,5,4,6.015747025550945e-05
addr_xgxvv0fhlgemj9pjpicrlpkhdsgc06l8zg6mlid370,6,5,6.375785365327896e-05
addr_djjkh3d8p59xzcvvhph3j8yinrvr1nxd3e8gg6g782,4,8,5.738657889380012e-05
addr_0kyfio856i39dsuj6ly9it82yln3hyv8wslhpojnkl,2,8,3.820880080579544e-05
addr_3g535i7rfotroo7fbcjy136lsi2ie555ts0wplrsqw,5,9,5.4930842303581346e-05
addr_jpdjv4rtse9t8g62mvo2mp1uqwdthmkafu1ltjc047,12,3,0.00018446606080473312
addr_l5l8kxtkf3zczjbzth9q1orbi6gd7pz5q6r0twi5kj,5,5,4.1066561634939e-05
addr_6ertcyat7g79bqe6y2xkukuza68gtnt5va0o374b43,5,6,8.087096022805483e-05
addr_gcdjniw9a156q73cpf1prsgmc0q2nb868ggtfik3b3,3,5,4.1286071760619586e-05
addr_0tgeuq908wwlwms6m3gkfn3e8v7bnwcjhu5m952dwk,2,5,1.7973406896997774e-05
addr_r6z53y845bkvh57044vcba120jz3bdwdprg5vmcgdm,4,4,9.897525454242659e-05
addr_69b0vk8f3xuvag2f14m6mw6n16czeol2nbtdqaebiy,2,10,7.684434575194823e-05
addr_kmogvdbvagmefxu815ydudzda3obegz6buvcpshb23,6,7,9.071430834439979e-05
addr_8850hzo08w6dk5dw0fhcoqbr0rnctn1d9tpmxv4u5f,6,5,4.7853354474423526e-05
addr_s4djjs5jfh3z1zgndn0ce9yjnw20ffn4le7abl5ebe,4,7,3.801337171281888e-05
addr_7ic8pd3llmnv2mq6ds42cc1sd2fgxb91aksshl0i82,7,3,7.550317516558492e-05
addr_f63fj0dqoh54qh8ohz1bpurfctyd49urie9m019ua0,9,7,5.81684892186711e-05
addr_c6km6cbm89rl7snxin6y8qnobvdwp1i1fgsh5cwhyz,3,8,2.3812369833631017e-05
addr_ic8hdnfpj7rra4yj9d8mpvs29iiuokcun5zek0al33,4,6,1.940950637995103e-05
addr_zv0rn5z0q7m3g5kxl99z4gnp8w1rrbvha4c7bd67cb,5,8,0.00012835690628710126
addr_9i9lesnpez7xxafcv8liobnfveb4xo396wq590186h,7,7,7.481617056834701e-05
addr_x49j99sh5e77omcsnaz691miqiysy9fygi03zo5c6e,4,3,6.637949353195536e-05
addr_ikh4ryumouri4f5gc39nnyrft5qkrgruhqcvnj36yb,6,3,4.344848081261433e-05
addr_q6ssr60e6kb5gkbb335ue9s7zs5mi471urwa3zq19r,7,6,0.0001262340165648386
addr_q9yxcrkpna4m1syzc28j3j7d8185qjzyfgtnzu9cgh,5,2,3.36116896691812e-05
addr_nljjec5ophl56su41iue0pf570clzoqomldtia5mx9,9,4,0.00012042945240410828
addr_b52wp07vt8muivi6mdq6it37ofp20ks2x0ha8wu50t,8,4,0.00010157376446303756
addr_c9jgdwjbp77diuygooblg4l1cfb5bpm9h30rf5yt2q,5,2,5.360952516801311e-05
addr_fl1efn8vxj6kt2oipsdgrr4imvctj1444u5k2a50c6,7,8,9.563851115630586e-05
addr_fgs2upivpoq5g61bt78y5qqusqnfiz0mqgwhs7ei7b,2,9,2.9739537252451187e-05
addr_kvzgu8m0gfxlgkjhhmae6kw8lu4j6p720nrca8fgg0,8,2,0.0001772720462677743
addr_1ecsx49aaijp8es5o0om5lqmsaatmvstxdb5tu7fji,10,6,0.00010899705412856251
addr_pnoy6t0cd775uss8fexx4tc4bibb3i6583gqvbig5j,5,9,7.075512910232387e-05
addr_wx86y4iyt1r9ggspajlrcnkc6bbb6f01zlzwdgbhdc,8,2,7.241358181511429e-05
addr_6g5rpzwf7eduncqovbsmvjrc1c90zotkgm34qgl445,6,4,5.7941690578217894e-05
addr_xh95aiv3gnw6ppexs6v1kybv4ay0d6rb8jcwlhizqs,7,4,0.0001293463340234189
addr_kpwkwh06gijk1p92e75qyvix55ttbzp5jjcoe23wt9,5,4,4.886587008815075e-05
addr_0wskjdl7ko4wpjmdecddkswz7umenia4138r6et9vg,4,7,3.5044852178114165e-05
addr_uv3keuuy59bx0aoij9rnhl1slj79ev6xhjwwj4yyyw,8,13,0.00010312050691639168
addr_1zarseuh23fpldexlsdxjf3b88tyt2pta9n7y12a5i,7,4,0.00010918341314750826
addr_a9ghrwgynjjee3zdjydcy1b8pzj96rrby36pg7j5wy,7,5,5.641734610001812e-05
addr_suu5adnx0n3yjvugbv6vpllgngz8qz4cl8zturb4r5,5,6,8.553247746950819e-05
addr_76rwr3s18wk501epekgvzpfcglckwt2e077u55d5q3,12,3,0.0001424949180860754
addr_edhbd1mo0deavcikgi708hvdk0m0zh0wx6lo50og0k,4,8,3.6904707486170225e-05
addr_t6267cgfx30ac9pubkopsl0jo4pyap3jfw79gqqqjr,7,5,8.724064937332266e-05
addr_sq6dwmtgp65q2lcuxjvpfc7c093w5e6qi0tviy7zny,6,4,5.6665020709830213e-05
addr_o62jijfyh6h13t8xw3vz5c3ua9hm7mqkdpcorfh9ah,5,0,3.762189884881829e-05
addr_0iv0g51agu1oj71z88e55ex9lfymng43bln5apg425,5,3,0.00010150591366926686
addr_7txj1d6vvkj9uj8urcd018wltvtwt8ywgd9i4ib7xj,6,6,0.00010113833054527406
addr_totyt9ekb8k4gsu5lx6r95hqzqq24wd85yw4h2incu,6,8,5.171390768241687e-05
addr_gumo7mbh4bjl8p9aszjqk64pf57ykw4ahczcwh00sc,8,4,8.80998919019903e-05
addr_ery74r21f9lq6w67vzo05d8l8dj0ek3lnkoh67p7q4,6,4,7.868619525748894e-05
addr_bty6rb10sl5thhhofxpq8u557964y458sc8ozvd4dq,5,6,7.11687464863612e-05
addr_6unbokylua6m7m1p1md97zpswijlq56xs6yc73iekz,8,7,0.00010722990241267369
addr_2w4l8idwk443vvqx2kfl0310md32wst568rz7sabg1,5,6,5.713921530659751e-05
addr_j5y82nvny0swlfb12l0pkqymurdcgca3dl4yfddv45,6,6,5.701265513822509e-05
addr_zs49cdzn1f0fp8bpg2r0tokpk7yswnxfshwzsjq77z,11,7,8.420429900352061e-05
addr_7m3hskxpna4ky75zq26bchgcd0q0aqy6ikcjp9dzdu,6,6,0.00010385840932940922
addr_upgw0pf81d1p63n9p278enxxzfv89u16mmxzntlo61,4,9,4.593297983152851e-05
addr_sw8mnkagedstos11zv8zi8ukf04dwo4igldzzjs4cx,4,4,4.3510049558745666e-05
addr_vwxzmcg1onrrhrbc4yii9txtidro39mr7ejqja84gf,9,4,0.00011770182301675939
addr_ybzvzcbkwg3y9vxjmcn5tiz1d10o06qkhakoy2xt0d,5,6,6.097438701123178e-05
addr_k5fgyhfibx1jfe92o0dyqnl7tutxghaoo4x40z162s,1,9,2.485299442619634e-05
addr_fgrb5r0wiqbrkl1pll7uacyrvhm2f5zngco4c694to,10,5,9.994447928512196e-05
addr_5wgfvq84j40o2sjojbnc59wzw4nbux736uovousu2e,5,8,5.452376221669808e-05
addr_ohelh913sd09oym3mulob777ih0fuojjfaf8edjm7w,5,9,6.110417499104256e-05
addr_s740yjl3iyqdakj5mhgmdzraebyt2ji9cqcwqxly5x,9,4,0.00010282077766871264
addr_nvkyt5iu1tmh7am9lsndaxxs7ti99qmrgf3gwq9xer,7,9,6.817713004064536e-05
addr_pxb7uhk06sn9ckfa4rb60de6c5qynyucorgol09uq5,7,11,4.685563185421007e-05
addr_jyyy50oy5q8p2na47uztpl8ezd91lrlzzy9tlivule,7,4,0.0001330206015424221
addr_e4q91l9tznhgh47zwka3c0iqo1y2aime29vveyvt01,9,4,0.00013613187512985243
addr_okl2tpgjbslpdzv28fhuzexbm86y7yfp3ohiuy9azl,5,3,3.532981385310558e-05
addr_bjrfmfkltectbuw0xwmxsh83zq6rsld1ps27ykiwl2,4,7,5.066606005458196e-05
addr_3bt0lt5m34vgaugfuh0vx7jip404mob27elei69uaz,7,10,9.324791289853057e-05
addr_we0v05wzjc2xsru87jvjrgv811jcn85aeud25suc0w,11,0,0.0001783814207677588
addr_kngctpfbprrc6zopmhy3qdjv0b83hrjwcgstps1h4n,5,13,4.787267985414755e-05
addr_8mnjrcvyrrv501evgvtn77rqd41ph3kkzwdt9uk3j9,4,9,4.393678304795737e-05
addr_o5ruk1u8ikyfbsmkppry1zm3imxk8v8kb119r6i1lg,6,2,9.094312307851485e-05
addr_2bfhs4xh8qeff1adcqo0b07ylp2b15nq6wm8q34kak,7,4,0.00010599175965289081
addr_3o8xmdqojtlo9lywpdl1bvl5361p34xyghlmhry2l1,2,4,1.8964450800068363e-05
addr_oiht5dacje8a2kep9wjs8sbwt8pcge6viny2ejr1lk,12,7,0.00014471165619896477
addr_bmbd2my38fe5c7ogbfh8h353xss9onu6gxpum8j52q,7,8,4.895281729315964e-05
addr_ayl6n5t22gsdpnlqczuljmzizrnbu8rm5nog5ldr77,5,9,7.293910103629458e-05
addr_6ddjv66p8cmtohizp5izw7zq2yujkfaos9x2svf332,8,4,7.031954253976844e-05
addr_q5m194fvi9ei28rf91l5p3c6dw0yfcmmrph750quew,9,9,0.00010239516338540026
addr_56cwovgfwyunkoh5x24l3nv7iy0kaun4w70xcgncfn,8,2,8.808240615796121e-05
addr_x7ia2zet8tal5igqyrhfjqvic0fojjkmaqj5rr0amq,2,8,3.5154827933632333e-05
addr_k6r92z2a3wg1i77gnh3i0d7u2b1ts46t1tzu9qegu5,9,9,0.0001448744343355985
addr_72dp7mnz5z08gxd0d3ackeop7maj11gfd1ti1u1mzt,12,4,0.0001687202648993181
addr_oa7u4m05gqemx554ek622xfe51g7v2vdq48dvlyroa,4,4,4.485678637505159e-05
addr_mnr1v1zn5h5jmc9qh1j5tac9pfhj1oycfz61i3eyj5,9,7,9.840977666605982e-05
addr_bmxpbbgk0rz01rhcmy1k76cp3yt4kznqi67kbzgj5q,7,13,0.00011333120864718113
addr_s2ow5l8cjenf0dezrh2ditp2xe1hvln7wfmuehg832,4,8,4.427464098257891e-05
addr_dp8cjv7zehy7r567fcp48p6l5ywcgds12y0e7049gs,9,6,7.512343674230261e-05
addr_9r1xt6be1xd686kgrz2c3xns5pe139tk3g3brta1z1,4,9,5.30858502521666e-05
addr_24e2as7wjnlio2p48gsw9m2fx8bg37gtj34f0dmojc,5,8,4.429146510791903e-05
addr_1n9zz8o5yhzhyivxvrowssz6ilr2fardnetxk20thy,6,7,7.067428136385587e-05
addr_0g4b24nqi2e81i57kca1z4csrntufhvft2bznw1piq,7,5,7.85423764061325e-05
addr_i5k8gkthb54labw52g2ccooq5f43otgtsfjttu5gkk,6,10,4.96982163250851e-05
addr_ofqbt4tp1qr5onaphhiud451mon7hae2091wlxgq7l,6,8,7.135950930828891e-05
addr_5n34b8fs42g6emjw2ryyihpz6moh2qrqo6gve4qvrf,8,4,0.0001227387067637624
addr_0vfqguf7n2e2ze0gvdm3a3upwaupgdz4pffuvhet54,3,9,4.6526790395796306e-05
addr_8w0ahb95aq6pxa5gsjn2ys0mqx64t8sjnhxh6c0d7b,5,7,5.6249001516102175e-05
addr_eoiaq8ys2g75xw610dhkxo6zsd2gqzcrv21omapqcy,4,2,3.7674292972490274e-05
addr_s992z9iqy2suud1i65uy7rag7j1lnmtj5py3apcn6v,8,12,9.690763967201203e-05
addr_tn1x0dl7arpz9tlaw2on73xew5br2kzq3vgru9jtlx,9,5,9.570105274297303e-05
addr_ey5f48nrc77oe5hagt17mk6h1ob4z2ro7p792qwlql,4,6,9.107604413388305e-05
addr_5qq8h77xlmvjd0ynp15dlh748bk1elon5rgr26h26l,9,5,4.677432100527624e-05
addr_th5g6newqafqhmwcgzb7ugc9r4vlupamcs8cebx90q,3,8,0.00010675724868282795
addr_4jvd088zarpv815ghu3n7l6rw65yeuqydeo0kv6vh8,9,4,0.00015471779964311644
addr_4tgvxkq5hhoi4kbq08f1ih6lb3k5ruwp9jxi9b7c8d,1,9,1.5948663626919416e-05
addr_em4n5ov0vixoqdnwt5budvivvosuiag5hjrwa5hi0m,7,5,5.1591094974733266e-05
addr_yoia3s8cf9cx668xansz7ncqsb63t1mlmd9i5jg6l4,6,8,8.533635189682491e-05
addr_kzm0k96v70fyzfy43knk7qyvaz00m6z3vshzooz1qo,5,11,4.26960449641885e-05
addr_j0e3z166in8dowoq3kvj9z1ca9iq8u4776paryplhj,5,6,5.533054516611383e-05
addr_wla06r6l5deaxaaf3d2uiyy9h5j0u0yoa4h15yvgiz,0,6,1.2591921833626345e-05
addr_xe321d5c21o6ww8eirhrlnf6nv5xu6m9deocirio74,8,4,9.473077823602029e-05
addr_q5xcb7esqkp7a8wzjwlnm580830n95r3udgcjt8osg,7,4,0.00010430716563421488
addr_ts4li5sqiu8v1xbxlk5xe3rz20413flfyc5c86brdw,5,2,3.520194904800543e-05
addr_d0lpu0k6ne4gvqswinlr3tebr6lqg9h4gboozl5tpy,4,3,6.019004838101155e-05
addr_u4f7rzoi9luncvezndre0hu9rxmx2w0vhyx6ykdbk5,6,3,6.45670497359433e-05
addr_aaoo91oa8nzf94e82xeu74s5tr21ej2vhak2x9pf16,4,5,6.330854866667692e-05
addr_9lb0dr08qvtbxv1kvpyrunps1emyoepkb7pxatgeax,4,5,5.076447336836647e-05
addr_evro5px53plw7bzfdxky6o9r7zjt4ekw587g0vq40f,4,6,5.879725501184298e-05
addr_iu5y7ewiw2s87tnein5cd94v7769gzecubimrn0z7s,4,4,7.133691616500802e-05
addr_qej9z5z5je76q8hdeph1w8i9iiphf0w4m5fd9jayf4,1,9,2.7779292223375095e-05
addr_g0gtpf48trpo01wurnwlza0wuowj09ioglacce7sab,6,4,5.1956406615444855e-05
addr_bg32sar679hitfjoae0fncqg1088kbpuwjdy044s1l,3,7,3.520265445542654e-05
addr_do2uizhq9utlqx4dnjw2dd5n0b5qqlmf1hcy92heev,8,3,5.282511398773253e-05
addr_cjld3t7101p5af40i2rmwexkrf150bl4k2xscze3zm,6,6,3.8443153794443216e-05
addr_kng0x17zorpef55idf4a35whxfd38cw02i0xnmwzv0,4,5,5.234034477450894e-05
addr_9m84yo0kdzjuzhidsfdguznxwp3llp109rzqkvmx43,6,8,5.680112530920405e-05
addr_f72byncs5834bk6dhx16h7009wvnf751vutpqcmsv1,3,6,3.6400562561669575e-05
addr_yeybup2b3e2ngt68kob9hgjjxlv59kndll64dwncx1,10,6,0.00014182960902216934
addr_f7ftdca2aysu8hzozvcm66f5xrebxr9fy9ekqrnuin,3,10,4.5528528747019884e-05
addr_htj6wzudtwmq8453gzc3oqbkrotzuuc0fb13923bje,6,3,5.2734639290746846e-05
addr_vwcgs5ywdmxz84vtopv4pwu6kjnk5mof97awf31zc5,5,3,6.651135363890618e-05
addr_z4r57qivoxz99gcyefpqwwfw33wrsfat828e9n69tp,6,3,4.658182037495572e-05
addr_wv3e64v4jx389o5owvfkltzlq7wcwxnx80h3zwit5r,3,8,4.973601617624248e-05
addr_cc8uuxop63ctzrbzirjyz8xuku8niarn4flhw3chnj,7,4,5.696835150381495e-05
addr_7m1ndrkvtuo155dtvccs4v6305sxmoxjcbx92o1rvm,6,5,0.0001210941509975698
addr_2p3k0y40kjrlslzdn9hr03o15rcuy1ajvmmoovzqj9,9,2,8.456988373272897e-05
addr_9qdybyvq6skhx7i63l3vtmqj9bs188z14honx382yq,8,6,6.624944565170638e-05
addr_ogsfuxmtkb97io9kopxqj9doyi4wyqtlsjctpu724j,2,3,3.7730888402056584e-05
addr_sobef6t0cegkzfaftn60ebwaknvfark38miz9oez7m,4,0,6.087224089888652e-05
addr_4ilih1vbi09v82cp0yq18g75e06qwft52mfx1leqi9,8,5,7.079184027556679e-05
addr_xge16umjb90d83a4ap3qyhmdhrtcym63r05h4cvy5a,6,5,9.605868699802033e-05
addr_ug7yhwb24rsb4rytvgax0si9ica6g5ksgv2f8n1r57,6,7,9.139666933300306e-05
addr_7g1kw3eej8amlk0kv0l7wusigpo9nrehp1o0grp2vr,7,5,6.231155326380908e-05
addr_yzsj5bb43batgjyc8mvvzy4znvftdjmkofx4xqygfk,9,4,0.00010583974386315948
addr_b1tzoeuve6mb3ikez7ergw7cc4pvqvszuzneqn0m85,7,2,0.0001066857696704931
addr_h54astlnmpcfljyifxvwq16imeadlgcf814fcsa4l6,7,9,4.6986650124410626e-05
addr_gs8o79vrjo59vryr260q1g1npxi9bf1n97nfnt06rl,5,6,7.221008988932857e-05
addr_wc6wtx84v6rpahbsgkyavahg8glnga3rym5swlmj6p,3,5,3.371865567567529e-05
addr_6k7ysoih2y4qzshk64uk9afqhbncbk2pmo209x9ukq,4,8,6.510664980974849e-05
addr_b4ybz9ng97k3thx5a1a81v935kzqc8coea88ejff1f,4,7,5.4434080793863686e-05
addr_pkutsfzf3vrk7zb864o801v9dnoc3v298zi58qmn7b,5,6,4.4587361879801805e-05
addr_jb2mgmchcvlcrlquzyjr76m37y08jyhlioiq83ees1,6,6,3.9663171496351154e-05
addr_la93ldapakzg76cpzmlahsf2wrb186w3u93ecdbt9t,9,5,0.00013284669905364992
addr_3vgmwvda3ze5s14mn7f4x1namyqc0oo8scvk4b3m61,6,6,6.88660489550509e-05
addr_ssyjqcmcc6jg2oa99tg9edq54oolxwjrsinx4u9q8u,5,9,7.871370202946394e-05
addr_obz6uoss2yj3u6n5iygn03pjgpke950g7fv7n3xoxl,5,4,6.350973415607712e-05
addr_yt8b96lc7rrkxj35dyj4m7oj6sj9hyk4o8zm4hxox1,6,3,0.00011386598649764087
addr_syqqyjazmh5ajfi7n3304x4do3otvjhi3ymk4wkdn3,3,4,4.78942859472638e-05
addr_h2fc5gsce7cxm20p6zy6my57qlruya2wsla1aqeaqw,5,5,8.710731983116313e-05
addr_9ecbd4cfvct3efc9wmop64ddtsetz8ge5mun4zt5fq,4,4,7.977494096535724e-05
addr_le0m9e5rsi4u87xltmo5ug5rw1glufe359394zr1ol,4,7,5.040656187697873e-05
addr_c1w9kmn6topz686r4v5ginqcaqo0mka9mgdczuotdp,7,3,3.714100124397716e-05
addr_7ea3mfk5a38eq4cyyf66x7vj10pktnowxzo4efsaa6,5,5,3.618607087391925e-05
addr_7fi4i5s4y8mwfegzy49qjyinkhc0y2voqu29nq4gou,10,4,0.00017150529443204574
addr_icrp3zfpn1bbmfjpew4sa80k5v5dljgs7fr390fu67,6,5,7.519822047265618e-05
addr_1jv2o0m3us72h419dkvlunpr85sea6lbz66hv8w4x9,9,6,8.714098460972442e-05
addr_7fn3pyoukij6hddx5e9e9ww0gcfrd7j5zas5y429xv,4,4,5.3665112032541496e-05
addr_ht97008nn3t7tr17jof5mrtnjmy55jxldwg7t62me4,8,6,0.00011810257209533843
addr_zcf5akd95bu1etllg3t9pc72eq8ao1wxlciu4bmrco,5,7,4.4549925873858115e-05
addr_r6bilqpb01qcte9w0an6nbyzm242om7ztrj67dxlse,7,2,4.776266178631837e-05
addr_taprldq26cmu78sbz1fw96qwtuc5pb3g577e8fgijm,5,6,7.649810346635202e-05
addr_4nly982qkh9kutawsyh0htwttzsas6xxh1of19rja0,9,4,0.00010114863809353519
addr_snar8bq9hgkqvj28lhyzalo45ernkdn58vpbdy20lw,5,3,4.900841232363397e-05
addr_7t4x9tm2thytflho0r0wem4z9qs7iwheqsjjnn33vm,5,5,6.305376560257868e-05
addr_el8sv8imixuwc9u4ris06rxwglaf6tbzvenpl3ln7a,7,7,0.00010083537118434653
addr_vag2kaj7p4dxwjq8otezd2bnt5xk767j43urt87bq7,6,5,0.00011592278748245295
addr_218g086fvry0wbvl4vwrniauz7tsnjbtyt4zjuvnb1,5,6,8.417114916948169e-05
addr_mr3kjxog8xw60578jz9calfpmr6pr5yo7mbgnyx440,5,4,6.400826508545744e-05
addr_ylgp7l1z1tdn3g23ihul6sq83mqq0v53h7ov7q9tra,6,4,9.128135077484096e-05
addr_wrskl7ebmk7fj1050ubp2zzybo7t81zbd3ytt2cznp,9,7,0.00010147143095789175
addr_prng3hbop3l8bl6lc682qomv3df9fn1fkqbu52uh7y,7,10,6.274405466527434e-05
addr_4ftp1st3yqab85jxaw8b5xsxuaozmzf7w4n3ajtboo,6,7,0.00010177210037811676
addr_u0dabnqhotpbl4jl5wwduu6tbl3kjgohphhb78izny,7,6,0.00012177400989616691
addr_s44vw56bzugx2styo2us1cr50jm1kj5shl4mltackz,4,11,3.11154178484632e-05
addr_3dote3nzlwqt408osla789j1s4p845wrxpugwvjj2x,3,3,5.163822667141713e-05
addr_s4t4vbga5dq48hny9nt020wou6udvygnzl9csqwduk,7,4,6.750288548210984e-05
addr_7i1yfwbg2l4jpsyjxh19in61c9dkhrpuu23p2ae6yn,3,7,3.06192592271294e-05
addr_4w102m40q1gog8xq5iv4qavy8rsblp4ofqaitolz5p,4,4,6.816429650150937e-05
addr_suw53irboc2asp97glzoxe2javmiuiei5rrwyfw6qy,3,10,5.038780997136112e-05
addr_51bt8i3vywhuj4j2472bwltbs03jblgfhsw3lvjy1a,7,5,7.950284159823544e-05
addr_s5o6pvqewq0jn7evjstiz1558zdh996v1fditrhurw,7,3,0.0001318924682100011
addr_utsxi2zgnb3u5l1gsmx74xutz7jcpuc8sokpaag3du,3,5,5.793736177860679e-05
addr_akxvje5y6knc9kjnsk4lia49b7axchppkeu62kilvq,8,3,9.838152872909574e-05
addr_zo35e87m3ldh6j9mw9abmu8jf9dw99d2n5fzmltbic,4,4,3.589265066186448e-05
addr_j9cwi2skhkxvs6aylld4yeo6ppywh8ea329hf1pw26,8,8,8.272269766463697e-05
addr_uvbl2vgpmu5179rfqpvw7zncij21d5q4o724m9rabp,11,7,0.00012576605656604143
addr_s2mymgcjdgfa664q7ur04090yuybrgkkgba8gzr98g,8,10,9.712911120431873e-05
addr_ohhni0qfw086tuoxhl0jl68k52bqw1mmw3pcfxaqgj,5,1,3.2385459016089755e-05
addr_6a45ghtcwb4oln5a9ad3uvw77eei6nmmteutp3uaqw,4,7,8.099990856804047e-05
addr_n05x3vb9o3ytmxb1uv5587p68m7f6p4ykdtlyq8itn,7,3,7.270260792602203e-05
addr_xcrlgfr16wu19lf2oj58ubcisjpcjduceful6hzmzh,6,5,6.695698659312642e-05
addr_3hdtys9rdlhqmtgyybqpnzfhkvqm1svgla1mzniy8n,5,6,0.00011386789205407839
addr_9a8q7ua7c8iko1j4q3ov3l7adcx9852zz2bqmi7z5p,3,6,4.8331921752652025e-05
addr_nkj2pc3o4kw67vg3snel26pr14h7f6b2v5e1wx21tl,7,5,8.604980716328919e-05
addr_g51xspaa1qy9t13n6xcymefz4v0v1wvb0o28as8agr,6,6,5.6382426328353205e-05
addr_jzsdb4vifpih34eby5mcmoik4jlbfkwj52wgkj27xz,7,6,0.00012310167968139615
addr_bqnb9gmkzbwa9nptieha050zu8rzl8ayrgalegcqoa,4,4,4.841393801218046e-05
addr_scn35csnzvlnib9owmjmyf3kznojxd8ajpmktj3k2e,9,3,9.090397754223556e-05
addr_o1p98snlc1tlw78f6m1dalpb01002goapadjxh3w6z,10,8,0.00011400139164705303
addr_4bb7pwgnk0d1lz6aa7ax6zfccfwzh5nu99nwmd9jm1,6,5,5.736835506121907e-05
addr_y8870j98fbi8nbb2gfwvworlewuhdr9vbske11lgpk,5,1,4.121931894315607e-05
addr_oo537htpi1x4pl7v44z5ros7gg2nv03ffk680fa5zu,6,8,0.00012439394422336124
addr_bv6r26qs0be0rca9hjev7mdld5dj2dtezpix4dmy4i,4,7,5.384333374840279e-05
addr_b07k0om7rjfmbzi8b0d21qanf5p7lnfkaqp4qq49ox,4,7,8.85907939954246e-05
addr_4lin8kwwdcf9jtpnnlahl1n8t4bnab41dnylp05jn1,1,9,1.4793795523235962e-05
addr_kxb6nh6fou09hayk5cco9v75bwzvngp03hm1oeduxy,6,10,9.426070066417942e-05
addr_p4fc06hgflvtqqqt0ygscpvf984hzcs7gfm9nrauz7,7,4,6.568802831396001e-05
addr_f4zzw5uk4sha60v33lifncrn3tnkziy75itdl35jrj,4,5,6.45206169554875e-05
addr_4azhx19qm292zfpqn73jf2gci4ogusm9h0d7jcu6bu,6,2,6.749415580986954e-05
addr_9r0gqavivri8yxpfpbc15htft008yr2zmdm2e9chmy,9,8,0.00012586284294224703
addr_vuurcrj0u9qckeevuhieheusr4jtd8ag4wrgc2pizj,5,4,5.796909542619608e-05
addr_qe90h3zzni44jdh69men3shjfpgwxb0d4j6nsr5ojl,4,6,4.785767313712619e-05
addr_4ofkjfyq52mo34yaabajnoe6bncv9ft88u8lh0nv8j,5,7,7.906588650711375e-05
addr_lsnvbhkpokfaauds3eirh7lph6a3vm8oubivah67lm,3,4,0.00010585341539359543
addr_sbi9a9vynb9j20zn2geya3jnhjak4hqw32qlilt98f,3,4,6.549281329071985e-05
addr_x681ude2zqvcr58teq98zxle6md1d4gqduxul5m2rb,5,5,5.2164913767541156e-05
addr_j8pebzf1fpik6zhwsn5fhdtel8z6azvneailuadu1u,11,4,7.719391996166563e-05
addr_ol5rx7mrmqx8t5j6bzoswaaqvxahfkt599k17md61l,4,7,7.150904698203265e-05
addr_78qgjnn018vrftwm4b2xgse1bab94azsuxhzacikge,6,2,0.000109290233870823
addr_dy5jgoe0nedhnnydz8gprzcjfapousdzahqds0gy02,5,6,4.988756021629084e-05
addr_q648jfltlpt013q8tc9n330mcei409tyaw7dqg2d7p,8,1,0.00011494620374412997
addr_y080s4iz10c3ojohwf8ujf84v4smd4liyizn3zbm2m,5,7,7.134219628415684e-05
addr_3cc42nt20pvyepzni89f4dghtwjjg7d9ikb3lvl9oy,2,3,3.61115889674824e-05
addr_rqh7o0zbo70b2aubnbwgskwd3x2kb6jy5r1sppn74p,8,7,7.875028305949581e-05
addr_xv0a2y1bst76i3od1u1pttahi6y0ysuf49dk4oqhln,3,5,3.333128797827298e-05
addr_8dtdc5xiuv2emx1vp76c2s0soffqyqk9mdusb5y9mg,5,6,7.816931310491034e-05
addr_gf8pcmqq5gbbn52ii6zgly4ec1qio2nfsp7qs9s7xx,7,1,9.454055043102521e-05
addr_sfud624em4mp4ydqqg3gym5sk3hnfg5uknhmfh8cfu,5,5,6.864741088337943e-05
addr_8p0lw3895tx69va98bwnazmpwb0f4x6vvwnh83fi4o,0,8,1.2591921833626345e-05
addr_k1f9184yz6unxz2b5v36fenuib0mrwpmc8vvdm56l0,5,5,5.3290921227465676e-05
addr_9heqmjalmb2w17jh2twlljue0ru90s77fdzl5l3v77,9,3,7.238277301540834e-05
addr_p93ub7538ejmprkzqa9p7imzr951nc6h4m79v1n756,7,5,6.930557374647152e-05
addr_95t5kg0ooqhqey4k9fw6nx8tl2xjlr26zzkkwkvlj8,6,5,0.00010359031358640339
addr_sp10y6a481krkrnqqfo6umqjj80e7nv7k56of5cdfm,5,7,5.121536368519828e-05
addr_y87qs7jp1ilriou3wbvddt8nchd8mexwxzmcd6xhmk,5,5,6.780276850865726e-05
addr_ps7br8ad0ifu835fdbno0oaz0q7qk9yefa6dbqhsh4,6,6,9.17041070374922e-05
addr_1bujlz84gdqozf2jxjcchawfrcq6ob8x1fe8k73u1p,5,8,8.164692816155515e-05
addr_tvc7no1flt3m3mctqmisuppnbq0qrf2tr25v4qnyl3,2,10,3.366198032260784e-05
addr_2kolr0hnuf0yw847byso9bzyuvxmge0k6qhejieg1d,6,5,8.142295190994649e-05
addr_nxb930bz8bvghxjr0sl5t7pvbg4sijcmqend94tehb,7,2,8.664123858382753e-05
addr_xqycgkgzq83eg2dtzstxl9w3iusxyvkqz0nguzk3pe,7,7,6.715427438280975e-05
addr_qp3cshevhif9unz4nssoy04skjyqxi7f29sv6ytshh,6,8,0.00012101449790007417
addr_nj9fvryo37p9ilsxaa2oqpxx1w792rv9w8j1xazbtj,5,9,5.2347041376451506e-05
addr_61n7fdrfqx780tij7ktspya2otkqxw112cd4ysd6sh,5,1,2.935364592907487e-05
addr_9106j3m3o5pq7agv5j04pu7paxjnnrhkghv0mjm5yt,6,5,5.573185214662049e-05
addr_kc3v0pzzuwdwu2qnol4imhj0qzpfna5zi6t5rnogdj,5,6,5.249695142248774e-05
addr_xfr3sxdmj4jmxaraq3jecfmpt2xiwfcckvofn0peqa,2,8,4.086921909899405e-05
addr_3257el7084py7hx5u6oyw3jh2lzrovd5s032s9h2tf,7,7,6.521434160826483e-05
addr_bi3n3brm3kbr78l0tvl3s8zxba12frtpuvgq4vdkoo,6,4,0.0001029522011288177
addr_2qli5i3e9ri33djtipznth3a29rf7wtndo2cnbmnfv,8,8,5.2408385238494686e-05
addr_54dbf48xlomnrxioggrppjeu3ye79g20yt1m50ltm8,5,5,0.00011021396661657194
addr_a0c0fosh4lv73qi3urnjek91kegj52t2pm318giyrn,2,5,2.985760680470058e-05
addr_nusggnxj0kwwdlermrl5fabjp4hdx3048nw25fvf4g,12,5,0.00019455964090641238
addr_6tvzyhaudksdmco9bs82029gqdkboq4nhdu2g6blve,6,6,6.019472524438215e-05
addr_gryhex87rzlxk1ux2zy5v1aur9hqie05havkcyx9ci,5,8,8.952980218830354e-05
addr_442z0u16u2bzqstd1cyjl1d72t7ilp0e6divvo2nas,6,5,0.00012472532107440796
addr_vt051n4hmbku8tcvad2u9pnamlozfsat8po09ncxdl,7,5,6.014150239228686e-05
addr_7obbc83y0clccvgjj1wsfdib0sxg4xnuby8634rh7c,7,4,0.00012479010499401243
addr_nx53rnkvh380ndnk7c74epfg4vbeofo4nedtv76h9u,5,5,0.00012749012310640047
addr_6vkymohc0kd8n1jhwxr1oo0z14pmapnbvd0e1uu13j,2,5,3.096798163988753e-05
addr_fyxtlddrm8magb4lo1jjtp4a6unxb8tlvvoh7607qt,11,3,0.0001153726376859534
addr_pb9nv4o0h89et66sl9ep9moy5opfwax6zmn627khkb,6,3,9.04020736532468e-05
addr_jysejgmhjvoyy9o6oxaeni984ztxfckngdh0woety3,7,4,0.00011194166173266761
addr_tnxjvih88suke8xo7i88mmsxsn1qdyd7i0egb0kjtw,3,13,4.671443856759442e-05
addr_j1eqy2w4f6vjss9p4amhxt78e7o5m1eqzvz23jk9ym,8,7,8.584027882509366e-05
addr_dpncybtjlle6f7pp5kb94b49rpnf07gw8hf9mvi6nq,5,5,6.720500875813055e-05
addr_gafzntv65fab82vxyov03rk3mzgh4a9zj1pvpyh75e,8,4,0.00010500538006230243
addr_dxu84dt6u8xi43fv95axowu5xwa1cuet509p8i5q9x,6,5,6.440742191938739e-05
addr_ravpx0x1ccefe7t0tszdxo7wr1f5547t3k9odu1lvn,8,4,0.00010832407909479246
addr_0oawhn2eclces1ktior4v1og07vscqmpd7z4kso03w,4,2,0.00011345403764029202
addr_241uwnzaf9kw51d3jjh1wbvr6cuhr5d7hfvsv3v4bn,6,1,0.00017602751226315693
addr_q8htskc6olkeaswxnthur88hvisb7iazqhxcyv31pk,7,5,9.39237691691873e-05
addr_n0humhe21jhho0z88bqzh6nrso4n3kh0qljb80kqw5,6,6,5.707441221778998e-05
addr_1odd0cwvv6sf9usupwq7x7ve87ujx3xhl65f2wwd4n,4,2,5.796057708573786e-05
addr_gjyu619lj3ag197ytr0j18e0pwimyahy97cyithlwx,7,4,0.00012483094580202823
addr_d4jp1sj2nqjb7m2tt9e23uje7zqjex8n0w05ndc04g,9,5,4.26086287437347e-05
addr_3qgv1aldww425hnhxs4isup2qlcnwrvmdn801faxp3,5,5,6.357999905765103e-05
addr_320y1pa7p3m4r5vd3bkk0aroq5b64kv65oajen82uu,6,7,4.792453676145068e-05
addr_8bx9m0wgjtzmbmcvntp38wywrdkqnt1arqtpu05kfb,8,4,0.00011643550627902481
addr_l2kon5yrfo9z04cf4nttj5aneou50i8lch98nvpbik,10,7,0.00013590105282752245
addr_lkesh5nls9cfckf8a6we4ftc18tmm4at2458h1jei8,7,2,6.571830900162702e-05
addr_duq0bcfmklsj0vx95oj4om92j0zkudqzz0lqx6juy6,4,9,6.744365522393366e-05
addr_ca2z45x1caag2jar1a4y04v9s55ua23ekxtap2u9ol,4,9,5.476828940661275e-05
addr_1lby4ck3nsjr18n7nl2443dhissjaeqlr7h5ho27eo,6,5,7.511842977254422e-05
addr_9mccy94fmd89bvuug8gg8hnesjwqpwdf3f077eltwl,8,8,8.613358901655905e-05
addr_hzt0vgwhhktq7i55vu2536ycxl05jz6f1ltlrl7px1,5,4,4.3086797977430086e-05
addr_4kfo273s8tcibocjoqglbvhqwybcn6fwo9uyfimfxn,5,6,6.873863949625562e-05
addr_vk8n5jp1pffktqvtc7jiacn2x64rix16lmmufgb5ru,14,5,0.0001854728278424301
addr_wfs4ebmamodpznw4nohfpst8undiafci85p0ijhp40,6,11,9.504723084079064e-05
addr_erkj7maxakdmvp6nwfku59aamjm5pbpln1k8c32kuw,5,6,4.50201325917697e-05
addr_kyu91jbxidyy38ahispa61v78v20an6auozdpjbda0,6,5,6.465809264251747e-05
addr_xxhql1lvkp5msnhab2vrkio32udo4o3qfon8wo3hou,5,4,5.772545001404407e-05
addr_cu8chqa2b9ry2hti4kt09bqafoxf9y4ruoh972e47a,4,2,4.985835195315505e-05
addr_2s3dcka0y0ue05dv5uo7970yplctsp9eimkq1wqcwi,3,10,4.59107611142766e-05
addr_lqga3qupo4jnmyk8516sp18obs7587h91el88l12qf,10,5,0.00010791192222557929
addr_ze1e7bamlfstggk5wogxsrveytq9gnb5xq0xvq9qmu,6,10,3.862949719048103e-05
addr_dl3hy4skihx00bf28o7r178oxfsr6ws5qy696zpg1m,3,5,6.407101293553736e-05
addr_4uunr8yiowcr6sb8s5rliuoemkdweooemr8wdd5w28,10,7,0.0001411034589912915
addr_9pdmx3uoevodzce5ir2uorbkexuknor8e8mbnai2kv,10,1,0.00011694065938553783
addr_wqc98zbvpclvv60k5trwmw58yru3oxvfgwwffrvldg,3,4,2.872991008673559e-05
addr_ln6jyp00w2b6chtrxjpxohm9p5bfgf3wtf3ehtzcaf,5,5,4.346033409463005e-05
addr_u267uz6cqunh5qvzlt2zcsc4uzt8ri4fw3mg9t9t77,6,5,6.224973245581012e-05
addr_qwb4hs6oj2s313qtdpjxa6iyvp8yuiutpwysup27la,6,5,6.937371054426287e-05
addr_734p5uq7qlg51oo9mbqw7ddhum8gq7jrnmppjzjjm9,5,2,4.037046713645601e-05
addr_dn51xco4lmxr0lrand8lglcm2n3bmwl9se2p19kmnm,5,5,8.456688371805883e-05
addr_apdgavel6x47hwftdo9kfgcoe71irkm6iebkdlvu0c,2,5,2.4083092599465726e-05
addr_m2d93h37k5id109rk7zd9m0af63blsl5n6hdq8sz7q,7,9,0.00013366142725363612
addr_zjfgue6igtwidri5t81e7hr4zm91v3a05la29tyii9,4,5,2.416078579885501e-05
addr_mw794wgwhr7bcgu9wvpsilm5hbl7fba8b7lvx1dqv1,6,11,4.2826135367286926e-05
addr_0eq8pkdqav1ul01d0nt0zdvq9lmc6xghy2im7q7qf5,3,3,2.3643207628331195e-05
addr_f9pr0r8rd6ev5s4lskibegwj7cb2oabzz4fg9mxcf6,6,6,7.18004111289464e-05
addr_kj6szxi5n6dbxf9rexloyeyqe6836hfepydbsiwfvi,6,9,0.00012249763139867396
addr_yimmeyxxcelzie4bi48jz0lvltefq52v8gh1s6gf9o,9,2,6.221951803962409e-05
addr_8hv41lk8ss24yc01ah5ow3hswrgjdwjk9rdz7c0m6h,5,9,9.470492903530678e-05
addr_dnu4a77vhppo64cedqw5st3gsvgnred8et8lcjl1ng,6,3,7.464576252442482e-05
addr_ydbdptkzwi9rar17pqc4ps86x5ngfz0f7c335opmvd,5,4,8.122734128045324e-05
addr_dll50glbcfx43wbhi8mqhel9poh5spgi9oy95mv08v,8,5,7.138555654530078e-05
addr_hrwajrhfzp1dvwm96ejpagwci774chnhwhdsuzzlsg,7,9,0.00011608711544198831
addr_3juepsw3g1987h8osw2977u12ncy2f66wfrfng60wj,7,6,4.7317443012849035e-05
addr_mjjx23lfloh5ri7b0jdy3fkxn0396w32vaadver0dr,4,8,3.885838442611733e-05
addr_1sjlzl89mx5r2oim3vno889wqaul3o2jblralne6lv,6,4,9.569365323002424e-05
addr_6cwkmdfea9ruwtpyrdip3iaj4mf9vsuqlm42yjgr12,4,3,3.2466467442248006e-05
addr_sqxtb4xycu8ku1yr91462hwb5uwu8ablnjp66743px,4,7,3.407872732837694e-05
addr_a4vp99n7uj4ktpjev40fdm14pj1s0mce1u0zmas0ll,7,8,0.0001223233917534365
addr_or6negwqkbijvjgu4p3ij2ktmalnc6wakqfjzod4pl,3,2,3.095441094281038e-05
addr_l2nq30cxs0bhrxfif6gzsvdhpx9bq4yvbr65a0m4np,8,4,0.00015852534198966683
addr_xw9iozmy84ygs5ik9r6yhhm2joi2xf9l6tipg1yo8t,4,5,8.191597005736277e-05
addr_rs0ip2xlmwz970lp6fpxn8zhtn2hug13vlihooxzrf,5,5,4.497194205092711e-05
addr_rkzqig1w4z0den3c2wzzxqhkm0kj5giqulce2cc95j,5,11,5.6322981630016395e-05
addr_rnvsctlv7m9916se4uh8lv63du46k9hby2ikoxfq8d,7,4,4.991496561955213e-05
addr_1a9gmqdmw6w03c3lh37uvt73ee6qgazgcrw3q1cazy,8,7,7.011612972537866e-05
addr_vjic4atw3q29v6g9gdny99xst9u7l9wzlqnhckwry2,7,8,0.00015028557552584443
addr_0jr94hsz6hpuh41iw7gr0nqh8wuj1lgpvp8y3i57tv,4,4,8.040802521932091e-05
addr_nk3rxejttblzfs66ryx84k3039vatg55ku3wjn72bq,4,8,3.8552211408504106e-05
addr_0b3yqy2945sbuars5e9rt39bo8yfaigovn9hdyo8zq,7,5,8.467252556407913e-05
addr_mqfqglxod6ih4ugadannbl270hok02qfygxebgn3l7,3,6,5.134259339202562e-05
addr_y9wj9gyjz7fsotgosf9g13u8ptluf6941uqgi47mcu,8,6,6.751561677227912e-05
addr_6wq28kcxhhdas1co1rywymcs3y4n5bzgjvb2yt9l6t,2,5,4.436402501866863e-05
addr_00yohumrecdhzv2gwufqg316ts15nw3abtqkqakcir,12,4,0.00016476881075459522
addr_krdv6g6txnljnramt1bm5behlr55i8n0e4b77l577m,6,4,4.652607198854329e-05
addr_fm3jhg7e7m4clcj4lz047u6lw2ddbledo1e4iaancu,6,3,8.711061237584232e-05
addr_ys1rhufm417t3oslluxjqo4b4ifdpj6zr23yrs3tpk,4,6,6.881248604756299e-05
addr_xcy5u4zodcz4tsrl21mvewpihscxcnc4951aba6zcu,10,4,7.637042245341912e-05
addr_5u82j760cvnh6wdq0aoo0qnpazn161lwbxax6uh1rt,6,7,8.354654522041522e-05
addr_7zg2vfv4nfe9np4nd7ozc9ynh9d335gybhvz28sb0u,3,5,3.811748892733135e-05
addr_659ajyo6l14ahl9x0igladgvxihhxok1qhu7pwm77o,2,7,3.7115986039411864e-05
addr_j8ing3nkojdqgj2ze1xk5p8kfh5hn0rzif5fmekqbg,3,10,3.7663286897738776e-05
addr_17rppgmv4rwhcrg7zsiagwsfhb3vq6eysiqk9k235p,5,5,8.324286139829624e-05
addr_5jhmq4agt8v8vl9g7an4cr0wev7508cneglv5o4rra,4,11,5.78954130578015e-05
addr_5pmptgnboe0nlhg6hk3ba8jpowjl26st343bzbwf5n,5,4,6.437229676186755e-05
addr_nxlgmvsgxqduf1h9tvyfe7p04cp5gt0bx7rbkkkg32,4,3,6.079677749019371e-05
addr_7phio0vkvpybz0rgz3ra9zt6nundxeqt6h3fbovz1f,3,7,6.31285865379618e-05
addr_74apmrwfl8217m9yv7zvpf0npwoj15yi2ds2j4pyba,7,5,0.00010227745983550822
addr_2la18k3w1ua6m8v8sjurcyd5yz7f2zry7gzuoyti68,3,3,3.1112220907452585e-05
addr_w9peay1q2pkvhcc29ufjdkh7orxvcdbf82rkuvdpwd,8,8,0.00012638809736558593
addr_k80h44n38lbv7iond7baq2xvorocivz0d4ze87gg4j,4,3,4.392603047255242e-05
addr_jczigzvxouns8eurxt1kjg3dpxfzi1s3n1o6vu0kw5,10,7,0.00011488117260731287
addr_k9sz5qzu1hlz94z7e6pfagmwrxrsqnvq6jrpacq5xz,8,6,0.00011201279125512208
addr_lu8broeo5739tgbro0uekyimi824629dh7b2h5b0rh,3,3,3.0007548924730153e-05
addr_m8logyupdwgdbtxljgiio80bz2al4ktes05bkd4ibb,2,6,1.6283476641909152e-05
addr_cilmndt471abmc9hi25jmnvwvy1qim3btiyvg5uqnc,5,6,6.22414337042723e-05
addr_9v69qsn179v52sgbi7412vcnzb15rxp4zwiz1yj8x1,3,9,7.109267546665898e-05
addr_gznvrcgu2agqxqmnzw8fytxtaznncqdwuuie9pt6gm,4,7,3.193116484735947e-05
addr_nnmcvmobmhenkh2pranq3v1uvvmxbi7matogump35j,6,4,0.00010111381117130929
addr_8vmkbnuwm1i6mauqhk9k3wuk91w0fq690l5jcx10n4,4,3,7.10343735653155e-05
addr_zucplku63ylw8tkgzz8vpd1im3l0tey09bi3zeunsm,1,6,3.227193998203544e-05
addr_7bhj5qhae27seskk4ga2z18ebf62bpvr9lyo3ptuqd,4,3,5.83195215739792e-05
addr_pi3gsbcm0ngvqam9ye77jb5njrm97py2z96q2mhi7o,7,4,9.305411582506321e-05
addr_vxqonwindxn4ruhlfkrf26b1pamzlwflzfbj5au2mq,4,2,4.343462688167568e-05
addr_am8nm3d3aubus9h9d5aqox6quhpf0nkt33w5yjkwob,4,6,5.1328511617720595e-05
addr_s5p6ohk87sqjdevkvdphfyij7kg2qlpa2q95zvmwzl,1,8,3.573896709739558e-05
addr_18hl5icxsobd636jc27o91ezfp423wnbm4s3fl3g2z,11,3,0.00013914507762952067
addr_3o1jf35wvuljlr7ux2v5e6ovrp19kc260hbwwof6sd,9,6,0.00015278076099953922
addr_sihq6bwlzzj4is7effp30v5ac4hycxptc378ww40mt,5,7,3.407800246333168e-05
addr_af5kcihdiy4nrmqyz6y3z1de1e1630pocr0vhv1nm3,4,2,4.346488833136406e-05
addr_4j7zhcqv7a4w1mpeufdjynkqyz753oy6et9f48c0d8,7,3,9.615353830090502e-05
addr_c5p2ur3fcr5v730kf8vd3rrj1cmdrma7ypcfyx0joc,7,2,8.982801933806458e-05
addr_qp6xghu9ivlx6x6sxua3kamox96upb22o1tfxdtumw,6,9,6.690682451062175e-05
addr_ot028asc4ycdipacijnvt3i51dmwuz97i69kj928iv,6,3,8.181778351882764e-05
addr_xnddztpjh761d81mgqyojp5p4njkw3uxhpuqpnrc3z,8,6,0.00010423951077438817
addr_jycj4mqfjmgw3hgz8yt951yseqhdx8v94irm2jao1j,6,10,5.27876946154514e-05
addr_khvsy13yb8msgsb8z60us7l5sdz59i3427d9eq6rya,5,7,7.540140226902384e-05
addr_ep2prlismp1v04wj6ll1i4rly4v1l3npj5tmsql3dt,7,8,8.396311837116307e-05
addr_k5gt9hhq03xxu2vpg4mrwrebkskgs0jrwlskz6tlap,6,6,3.935077495237392e-05
addr_d73d31p6k18dz3nznsezcjaacp5k1z7gx4x7yghar6,6,5,3.819921243858046e-05
addr_b0o2n7500ua1k3dvmgjsd74fpwh5x4wvvopxxegsbw,8,2,5.814967760757407e-05
addr_z6fp9xaqs3tgdbfxa2wd7772iy1uv52qfe980tw87s,6,8,6.261629431635052e-05
addr_utnf0ghkjjmmdzb58x239x8qfuc6vl4bj18qhku5tp,4,6,5.4179610131778173e-05
addr_i621at7ypfk6sf5v70hv7si5upa1e4vekp5aj3mvgz,7,7,0.00013013601711470588
addr_yalhkujhwv8r9xeunwgtlvskmerf8r235tdrrl8vvv,5,2,6.481895275928012e-05
addr_ff1kcctdm4t0o8rkc12bxw1u0jvyf42jcopzm0ifod,5,13,7.408909257023882e-05
addr_lygmgsfe3a9ccvb3pbbcu5fyh2zf4lf2y1876df8w8,6,4,6.227236119228016e-05
addr_o6ehkfmi629z41lt1q21zhgjmmfptkbnzn5dx4l26v,6,8,3.829294468554776e-05
addr_ew90irnns7cw85nc3hpznyoyd46wcahrfrffcrixuy,8,4,0.00011068511477036997
addr_1u000pxc75ujz6yaigoau0npzhapan36eqve2wmasg,5,8,7.883605726554843e-05
addr_uh5o5dlmzpaftdhvvlt7rml807q51xd4q9mnhaybio,5,1,6.674056023336988e-05
addr_8lli9ptu02yuesi24mkwmssbc5lui73beyssauqkrv,5,6,8.295762183148031e-05
addr_wa8uvzjwbruktndvy5230n6rovfil52t6wupv1e7lo,7,3,0.00012416889661560587
addr_2che59q545vujkvfs6pk6lkmskdc63afoxhl2rp2n4,6,10,0.00011554472220484156
addr_kdl0jqknwaqgmw5nogf139b2a0xj5ykbrgni5ixdil,6,10,4.9962575815878005e-05
addr_5ta6uf6gk4p9odzmpogo93kh3h1g9ysaue16cojuq9,10,2,9.564063526095687e-05
addr_tr1c0ldj2ql5u07w1n50zauz9rj8m0z5gs9k00ue7u,7,5,6.847053549756686e-05
addr_x4o10x17gpiudxnpjpmkpylz88mfwgrc61zptm01ao,6,3,5.285630257927203e-05
addr_rhykf8xbca8sd6eezyz91znptvrs4giy4ef4viwd71,5,3,0.000173067729755752
addr_ppzumwzit3j8g1dgefn0atp01a7ezg3c44tj1v7rqi,3,2,5.154725500242557e-05
addr_v32mhhky27egd1e1308fih4zh6atjrvayejeezb7jd,5,3,5.7192961672451575e-05
addr_atddwe21enemwehb9fcfhkbxcwb3yjshalq5cc8i7h,8,5,0.00011114051658513179
addr_6rp26gfqtg7hzlqeiro08xgyh6k9g1iq76pr77nthg,6,4,4.139084203290142e-05
addr_7ry21g6yrgc5fj2texqqgd5kxj2eznj8u81nwytau7,4,8,7.169970104200844e-05
addr_g14uuydhzol1xefl35rejvnvk7d3ujrn6ik6h1i5vy,7,4,0.00016025428733621025
addr_m1qhc65ivbig5m1h6fmxkvkmj19nrv0ns7e1g722nn,7,3,7.874173072002257e-05
addr_frboo703b95ohs7auigjd3x4yh5hoa7wkdpehdm6k6,5,7,9.127703941819209e-05
addr_08y64sn7wap9lt3wa2a1yjgsuqwgcri3e7xicbfbjc,7,3,7.088917935409857e-05
addr_zk8wjpjz659kuboa7sg0450pepumwolt6otmfzioc5,3,9,4.979448042142569e-05
addr_c22mwy4durtdkenx197louuf3ch2qz131cprdb0xvd,2,6,2.3472006336713772e-05
addr_qqbb6bsdquyi140o1puto8ho5hirac9fbx09xp094i,4,4,3.1988869041643294e-05
addr_tuld4d7a978qxvved3ombue1o4x4jwbhvflofftcls,6,4,5.886242109214179e-05
addr_ace9e883szpjs4lryfi5066kqbtp20fr6mdkfgsw66,6,5,6.790157995063099e-05
addr_4ma9ad2m6wt5x49ysm5cq2ba65p5hfq3ae98cdyfdy,4,9,5.801049570014538e-05
addr_6529z1vzolbscoclr4wpjkbw5x1av3wz5s1c5z4i1m,5,0,4.316687291598984e-05
addr_1lks3ypn2hv45zikurjmettczem6htx5wmh2r1j3n7,8,5,6.701138755243437e-05
addr_nx29099u542zp03km8wz98gop41mx7ajb2zk7n0j8i,7,3,7.420835571722716e-05
addr_ncpmdgl24qqaw7gvcuxqonwefzshtn0bzdr2fjin0z,6,7,7.65916933986533e-05
addr_kh79uj9h8205q4yr7kpo15tgj4e5v135mvanjolkq4,5,1,6.640466136424448e-05
addr_emg7iz282de12uw305purq5wniai4t1s1hvdiyrm1k,5,6,4.650077231760393e-05
addr_eyfnvopk008fzxepygv4b3zbhe4td0fpgr1law4o17,8,5,8.366195939685253e-05
addr_998fofw1g4yr066ntmx5grqb7uklawnuotsqeimbyy,5,4,7.011611661321808e-05
addr_nm5l0iob24tv0aehfc96begz4uwwzaqm0jtw6l7bx1,4,7,6.659654439952618e-05
addr_nf5179n1ujypm7u4akunqhnvoxwcrroeg7bwof95mb,7,3,0.00011276988734256395
addr_torg0vs8mpy0f22hy8ynh01uo0qn7zf9y3nlrjo2ks,6,5,0.00011284300506487803
addr_98dpgcmn55wle037wlacnhbr952pwubmolx6471cga,5,3,9.644079937173812e-05
addr_rl76nfu7vhjqpyud3ytmu0qi9jmxfa7rxgmdnbzni1,7,9,8.073135856011234e-05
addr_60oup1w4sextvfpclfnn4208uh7f8sqzm71ry05vow,10,9,0.00013126805712581108
addr_5k08dchfg10w3xbyl50u562t15qctjc031n4ebxkyc,4,6,4.544869528130033e-05
addr_zwwbdnh0cmjo39ttk57w2k7fmx8lw72xxdmmnwx0l3,2,5,2.6478598712287477e-05
addr_2buhbcpla8jz9ds2ulk3fuqvu5oej81o082sfr23c6,4,6,4.507746527979503e-05
addr_xm3voh000qh7d3uyh8g05zxi1s9csg0v5ifj5b374l,7,8,0.00010536041338384709
addr_u2cey12703wwj3m537wh2f6nyrx4ncv0thg0b2ip7e,6,7,6.447621467743346e-05
addr_1jhbuycm84vghuq8z6n6al8yjysrlyiwa30p4f8q5a,8,5,9.597552321792474e-05
addr_a8sz77e16bz8ooqvs0c1zs94ut7cjxky6pnvfanuva,5,7,6.607589716028563e-05
addr_cxdwguvufxfl7qk2wjmw4s8bniiaxzn96ue75ihl2t,3,2,2.686546709791347e-05
addr_n2e811nrv984vfotz1lds1f3ozz5pfk15q5qclb2d8,9,5,0.00010862258568822413
addr_a7ku2vryy7h83c1bygl1whkaqlp9p5xs81wc0gd9om,5,5,4.964679942695595e-05
addr_namfvmz2fxg4t8jms6tenzsomn23mr1kmaqghz7hos,5,6,6.48275344585576e-05
addr_1e4znzze2tbst9xwi7084l9gm5hn1d613ly4qztgbc,5,5,5.100416486631809e-05
addr_ov7z2mlvvlgqtsbwjeja1ie5hydbr8lx1x5j76rj30,4,5,5.7385136361092184e-05
addr_akfd18tlty7w29max6ebqgbpadusqb00g9e07pmexj,6,9,0.00010009926580147136
addr_xm8dpq48950d2k235imk8rpgwzq6kb7bc5q9js4gim,5,4,5.203481136660723e-05
addr_tny1eo1kx46rjsy2c3klqn475pvgqp3uacycdu9e5e,6,5,9.504759392394811e-05
addr_0q3q5koatj9wumeobgpcarffkdytceov8bqzw87dkx,3,5,4.4749388548546014e-05
addr_3pfdt75mcayje8nfraotwsj57zpqfglygwr70iofif,16,1,0.0002054052103691432
addr_cpog6mnjjegku8wxtmceoxqi4njnkkcccwcbfoifyp,12,3,0.00017694115996713227
addr_oibff55yd38zcgn4mvw40a5493zlllfgjhvj2d5zay,3,6,4.0775473336973785e-05
addr_9ztlh48mrtg6cz1h8kim2s72baz7ew7q0l5n5w1519,7,2,8.605051823933059e-05
addr_3h9pqrfme5cni7e1jm5jb7b6kq35rl321ielndscoa,4,6,6.17242330837029e-05
addr_jk66ke9jfo2atz4c3iyx95ojw9bfc0xef6a9xcxbt6,3,5,5.9983266984487874e-05
addr_68556dviyx1n2p5cwr8fxq76itups7eu82mohwkazm,7,6,8.689549408505085e-05
addr_iav590mzenk5z3gm5cdiohml14i07hmd66dexifh93,2,3,3.926911200932162e-05
addr_5aivme01a7fh7fivjsjmdsyvgl8nczaatflez7au4m,7,5,0.00013445418634385031
addr_kg2caden0mkf3mtxdn9yrnu2noalslhy9z50ay9lzc,6,10,8.78177219023009e-05
addr_56pz9tv6e9wr2p2gqnowuxnkltjcd60yj8751vjurc,5,9,4.5496201361901524e-05
addr_fjqhs4eicmvmejh48bq9htw6dld9rr4kzvu69mb8xn,13,2,0.00011576725397383947
addr_7rcq6w948ju63lxsy4vy32i3pj7k99bv2j3t4h8qfd,4,7,4.4578435289816134e-05
addr_rcpp6tnqnuftayaww7bgedbz34t0l1h7sr6h5ga3gx,6,6,5.574986594830839e-05
addr_ql3v3cp6wvhxwgjmhwfif64cfs6c3anb22mwx2y71s,7,7,6.793223425098639e-05
addr_l526ij75pbusg5u45aqakzhdd49h06dt44e2pb9u8c,6,1,8.753411719672694e-05
addr_g61ecm13n0f0giwbva28m2ramair63wztb4pj8r8pe,5,3,5.8607818101443716e-05
addr_5qjxlyfh5jjpg4rlaju8ir7ccv6dvrw53kyvbsfua1,7,5,7.727526137747176e-05
addr_g32ya3ekv6v9wwnf20cp6dtm0vsy1i2cy5wy2nhn3m,9,5,0.00010815264120668615
addr_nccdg2hoi866rwwv39dxn2lb5c87nj1ddgsru7mtds,8,9,0.00010687886401991406
addr_banjhzgw5vedqssbhad117l9o7vjstmagfqpyofg40,4,5,5.522325434325215e-05
addr_ozozenjob3ratq824hbq9e4033gn6s1giguc3gt0ko,5,3,5.592125614215328e-05
addr_bt55youzdd7al99hd6gn33u4nq3szojwymdqvgraw9,9,4,9.189174464279386e-05
addr_n0glm2h782vneg45rme2tbwyqdd4qjmgfpiajd8eek,8,3,6.833801619771013e-05
addr_xdjlsr7wmqfllofw0orxcvb178yj93348eer7gkpdd,7,7,7.48407461139927e-05
addr_y2n3nfc37v80yn4o5u58pdd8taiauxy9or1ati2hux,9,7,0.0001240725889468342
addr_wlbxlu8jc07svuttdayqbh6992q9anss9gala3wfez,6,8,4.567487966624105e-05
addr_8olvuh88p3xr3pd8yxx4cznab02w5h0jukhn7olxhr,2,3,2.8688438269262482e-05
addr_bitu9z13xgjgjuehcyrjhc04yuvdzrtu5rn2wihfwq,5,8,7.023061367783192e-05
addr_90w90lagw9wvb269svoi8yu1k3pzilr9tx5mp3d72i,7,3,6.548867787370744e-05
addr_67dtg0lle8sxfg513vnht7oj41edokbc6nn1ecsc2f,7,1,0.0001466503543340409
addr_jmt1u1xuek0qnk4fgv2qgmfk3u8zj3ymz40osp9xfa,9,3,9.820763394163938e-05
addr_v9xf5itpso0crssg0psr2o6edea0rqbb4j6nti1nto,6,8,5.319699517993235e-05
addr_llnlfhdoeieosozzjmotrj2u5nnwjqzpy7ylgyzch8,6,6,3.656431222307757e-05
addr_45p039wbrqgxnjz93uferquu3jimojo4a7kuk219r1,9,5,0.00011833017241794109
addr_3mi8qunksqwd2dd8djac36xlr8u6pxod7vzea8qj03,5,1,3.781822075735065e-05
addr_zynqki6up56d9dy4mdv2wkpqwyih5x6qovrt88l31i,3,2,3.382458319340593e-05
addr_wb48m226q9f57tg694b2sizvrxeyuvv4oonbz2u1jz,2,9,9.915549931099924e-05
addr_w5e9tn43u76u3czq057r419vl74x2qyo36zcegm9yo,5,1,8.169796076345145e-05
addr_g0gv7t9kbck9cym8y6g33fr42xzq2y7pw3enbbb9q7,6,5,0.00014502186029795124
addr_6gccdg2k9scm3igekbn39hwt1z9oypuq5xtpw74s3e,5,2,8.911440731759163e-05
addr_qcxbtfux3etbk7yblskk1kn7jlcv3jmil7gtizth01,7,8,7.587101205829136e-05
addr_y7tn8selpqi8snaxr541ahsy8wuw1n21iezzi2k17a,3,4,3.2471076624038455e-05
addr_iwzzkgxp7jk9ssaqqm00olyqc8kl1xu3n94h78cbwl,6,9,8.60650739033172e-05
addr_gw2memte1zijcigxaxxec7i394w1b2tw5u0oi1awok,3,4,4.174144159831459e-05
addr_x8t30o7xkybzs60dn61uy7xl7gkjhel536ic7f8h1l,2,4,2.751248352878252e-05
addr_yl1wqv7qpusept1ol2yvx3yluyr6xtkfyl9ls8tusm,4,4,6.513711539966993e-05
addr_js2ue57a5w4nckgul0b0y1cceolmrxureqq2xov3yo,4,4,3.776797583299944e-05
addr_sdpeb5brl0jb5awnnjyqn6wahytnzo08l00a4qbksk,5,8,5.478395251208359e-05
addr_ta7tix7ikyzn0j3hkqp0ol0tarior63oybnfwd36ok,6,1,5.787219389409811e-05
addr_a7g315bdp4rec8tuuz5bf3kscnlhjnxp90uktuels4,9,9,0.00013934171052881338
addr_qclih7yuzckhf8v3bfs8g40agghq76yenml0lns4w0,5,7,4.946164495266952e-05
addr_bes81de0rii5cqkp9xco59avh094ipzgrspiw06ny4,2,5,2.3482546394425666e-05
addr_h28iqqclxwwx2gi2huplqu3nfagfk3ijyrydzpfibr,2,9,2.7230219567823116e-05
addr_8reycui0t196ilvvmk1eqbnusqodmhke70y6s43kg6,7,4,0.00013839528197103764
addr_14xdewwi0i8poupfpbl3ebacen5pte4w4wdg6vr2b6,2,1,2.4098328148000037e-05
addr_aeijt4jyf3514mhu0hacq5zoobtsa28c8l7srxanqo,6,3,9.860031702006292e-05
addr_gv4x1f8wq2i5tnfxwa7gnyt2tc2ftaa2mkmnlrzt6h,2,3,2.2513416390296164e-05
addr_717ntut56noes49j9v5yq24b2v5w8exd21mxjdc3qc,4,3,1.7377865204793545e-05
addr_y9tq6ds6atwyrfgbav0x0kd1n5onxyx26ugqyof4p5,8,3,6.956541033760805e-05
addr_2y5vl8g1xgvvcguerh623jwp7b9np1xybjghhx6ggo,5,4,6.26227545172226e-05
addr_cdmkui8aykr232doywiumiqzusicqpigctlw337a2w,5,5,7.478116111875695e-05
addr_om17oce3ozkdzwaczhzeq3mn9x6gtx9gsdik6gs0jv,3,4,7.774401712908125e-05
addr_3pytzrpmgloticohbe03n6ao29gfb2vgxn8xf1q60o,4,5,7.605812185553405e-05
addr_o4ccjzmy13us4nqfv4owm3n1dl2avztqcg3hlk8ubl,4,10,6.654818874071598e-05
addr_efdlf56rd3u8qj1rfwx94647lha1z8c3vwhbxhimko,4,7,6.297353909737828e-05
addr_q0tcu1pinwpff2xzdt9gq741z4cx1gzdczt8si6hkf,3,3,2.2325366912330438e-05
addr_ph27phfnh5b78klxzm4ev40b3xwnt6z1cza7dh5zfh,7,6,7.704851472477608e-05
addr_okxdlixqb73dwbae8e1epe5qdmzuu52umerdegtm2q,4,5,5.6484934803267986e-05
addr_drdk3wttr0cmdb0j0unvn80jb8bxcfdqbgni6m3fwy,4,4,6.75204592612146e-05
addr_j6eyz3w8t8rak1borg2h9e5mf8z6183zrv1tzbc6zd,3,6,0.00011324055642287072
addr_70w7mr8kss72vjpzpw0903snppejr055vq8ji2fs6i,4,5,5.35769677383334e-05
addr_ggy3204bssvjh7bawoezspl9qfs5syohda1msbfixn,3,4,9.73064799768354e-05
addr_w38au7ukh3jqrr72qxjjr4ktt4rpge5u5kkjhuwfcw,8,2,0.00012116765978883116
addr_sddjguea1yszr3x1px87wvo4fdai5k3fyvnspwoqeb,5,7,6.21802149128209e-05
addr_nca1adn37p8d3holoufxp1q6z90wr9fx5zu28wu3ie,2,14,2.1456731338074745e-05
addr_msjplrm3zz61vrkjvtm9a3pf1shsf9rngb6ad2ns06,4,6,5.486142260685631e-05
addr_dflpsgy7i957mph9fe36epcew8f6n321qa1dwmejke,10,3,8.960469891477744e-05
addr_ub4yimgecjsy2wlkpqdq8t0req7l8ziuxf0w36w91k,8,3,0.00010130538855169724
addr_gsz2dcpganl816lbuwchgtwy3y761snbc5advg8za2,1,6,1.702156953733893e-05
addr_8brimtimiic7hqlgjgp5cszfhcq97dvmhv1jmxxlep,7,8,8.89309482462221e-05
addr_4pbwm12rr05t2qgaw3sve6opemstnps119o4xpcz07,5,6,7.686242791734724e-05
addr_6u4u8c8pi0zy3k1is06qep3rrz2wwc404p2tqbb3hw,6,8,6.887384510558667e-05
addr_wh1ihqvyh5ynb8vjfy9kjhqbeutuwr1k192mzhgpwh,4,4,7.21411559939127e-05
addr_cpk7pwtg21hsltdkvuff124vf89x22j7q4kfmm0qpo,3,7,1.990988890064234e-05
addr_ua9ppoewb34ye18d7gtpsc44hasy6slyt8n1o69uvc,8,6,6.794625865883325e-05
addr_kp4u88yy5a3lqbwp4nlf8qvjqs4cptr5e7bcqqo7bg,7,5,0.00011516735025955116
addr_c8yzw3phstqn0xe04mivk4p3wudd1yehpldz0g7e6d,4,4,6.366821940685431e-05
addr_aq2vsb664aplfoi0b608eqb9aybwls2aft914j6d7n,8,6,8.867249480734338e-05
addr_olcjoobjwhxgtyrj5a7qum1lza9tgtjbpslg8zqumn,8,3,0.000128261117795618
addr_or4hnjlidr6b454pr0519wwvqa75slvt0tcve8xwsc,6,6,9.752913911979306e-05
addr_w70uwxlxripaolrtvl0yx16g6fi1ub422vcs0ox4sf,6,8,3.5753626517655126e-05
addr_5y1huubd880mdwfo4y1zrvrjzvz46u8nxd5uey9hu2,5,6,3.5907323918702225e-05
addr_v7d947movcu44x0v8lscibl7y4rkhnap7p92lezsza,4,5,3.657557550756946e-05
addr_oxyh53kf5gg472przz0hjqct3eajxu191iink94jhc,3,5,3.4269164999115086e-05
addr_cyjqe5anutxh1wa50f53ipp1a86f9uwhtc43ddnd69,6,9,9.03116998474534e-05
addr_lifk8u9i33yhm47r1nh63zo9ijke36id57i2qi2fj7,8,2,0.00010953200579039221
addr_mx54h8j3vjl6doyqvouavw234guw1v02phzky0jmga,2,6,3.049296368280129e-05
addr_oc9ek5zfn4zgxl3419a68m228kfxqt970h35ev4x0b,5,4,6.77956622713842e-05
addr_ymn8540xumtfazsxeba59wjwwdejv0a4qqfssdz5y2,2,5,1.4796228298847302e-05
addr_yzcduvqdzo85junvaqyk8wbw1i1o934rrgmm6zb9ig,6,5,0.00020528268300074636
addr_kwdovygyiicatvey1a6dn1gj5ltuh4i0f6j01oh9jd,5,10,5.6162242414993605e-05
addr_3ozrblh74kudyz3mqwy2nb958804xxu4yq5tdfgj7n,1,11,2.5813877277484792e-05
addr_9w7liss2sgz9dy06js3xbz81sdgup50rygc72a6s8u,4,7,3.822689069107699e-05
addr_e6aj2p73eoenlesb53ruecmwavl13u5kwbw8ym1ph1,1,7,1.6102962890487534e-05
addr_kbllegkbkvmwgishkjd2uxryd3483fpdnmui57jp4d,8,5,9.062498151385141e-05
addr_4cfuox70yj9ae0w9lfjrmxmr8yhds2lkrlophhldrc,3,6,2.8076456989942687e-05
addr_ohz01ena4pdeombw6xo5avhucilm1gwlednudm0r9u,3,5,3.219088615450232e-05
addr_h2ibfg5xr22p3z4wnjgexrd9booe586rsgdwq7cxx9,2,7,2.6835742102381783e-05
addr_oybusemtqggkufirvf38f2s0czpi3bjcuern65rsks,3,4,2.7800122001405782e-05
addr_aenllmmtv9teoglqkpyhyfu3fqcx9p8ufioi7x4wgh,8,4,0.00010983137095677341
addr_bjv0l2k7mzs8ichyuzpw60ww5nhm908xdj5r02ybu7,5,4,5.056931832282455e-05
addr_gf10w48dvju6iyle95usf875btg60ttdqhlsbsnwp4,5,9,3.0698951585551835e-05
addr_k6w50n1u8lr9awe80k6lmsp86bpj79bcttsxna7t76,4,2,4.722645897018833e-05
addr_kl3tgmkwfllhivccppt5pltlnh2sw1wpp85sq6oald,7,4,5.6712407543939204e-05
addr_iqpvzyhyklg20rf0amfise1jcnfyoohkqwd8bk9q3m,7,7,6.38360729617959e-05
addr_1b1998r4i2acy3uxmg1na25u4j1nmpwnelks9t1opp,4,8,7.56213895166988e-05
addr_jj43bcjozvypq1vj4882ket88uwlakhs1ft83cfwl5,3,6,4.7248367893290226e-05
addr_yg59v86lmq3bsomlhtici1c1lpfi5vaawr1m26zjkj,8,5,9.058483932618134e-05
addr_03v1npcyvu049dd5s0q7oc0qpdxxsykqvox2n5zane,6,6,5.74842193109445e-05
addr_s666cevpoui0omoms98z2n4xxzu368uuj2g430lr3o,6,6,0.00011805054049057341
addr_o66v9n884pk4hqbmw7rdg8oasd23bc2ulosnztgvs9,5,3,6.511486263202408e-05
addr_8t2jbakfobr5n91o4wh1iw5volxhhuzkterasn4jqq,4,9,5.2693988589764634e-05
addr_tnhnsx93uraevi2287jq9x8puw4xi67e64tskkdg8x,7,3,8.057756063079324e-05
addr_dtikd443secb80rcwuz0w9nhp9uw5h95cibrmol38f,7,9,9.511786044445853e-05
addr_93c7flb6bcp3lh0ptxrbexjkggotpgtd6yry0xbe9v,5,2,5.456587835359966e-05
addr_v1lk4aglbd0xqtqv8elspj6sfas04lx5z3jufxh8p0,7,7,0.00011409279914537867
addr_mgpoemksd1jcptzzz6ctel745csf0almwnmj0sisj4,3,4,6.0966146283571186e-05
addr_y0yzusiy1jtbtdlzyf67t2313new045eopyhu0bzx8,4,1,3.9209102602668735e-05
addr_7qtf73gr9ksjazjeuu9o7lbwcq8ts6rxipfeal3gpe,6,7,6.295526736640734e-05
addr_rh0xa1yvi9ax5qrmxb1ytj1haih553d9sz8v2e3yfk,5,10,8.22765306021383e-05
addr_dsfnr3ix3zqk93txeus7hlcmt5o4t15pgo4d4xjnr8,8,3,0.00016185586917132424
addr_sd55xmgpidgn4ssv2sqokbv9vwf21ajj8f1kmkz40m,2,8,3.147075035089638e-05
addr_gikw7cvf1wojw8n1u56fbwt6m7tnkh1iobehnw46y8,5,7,8.303581959802405e-05
addr_kaauvwxwb77j44m5p2lrk3e3hqd580n3lkxhopegqt,3,1,3.2699036065787204e-05
addr_nfs7b061dpkb11fm1owwsa1t4dstvn7lccjz8v9c1c,3,2,6.622176219402087e-05
addr_qyxvnaaqosiadcgwodho3azhi1jool8exbx5yiy4oq,2,5,2.9441642323609284e-05
addr_hgyp47z2bt0m6ktfxbwjsex4vcv8o813bgkdv7i5cq,4,5,4.0271618928086084e-05
addr_q7qrerika7lxx08dw54i3o6gil6dtxljk85jyyfk31,3,6,3.5256225812913055e-05
addr_m9l9m9ftujfe1ktzcgyzxascn372gpl9j0mwempsqh,5,3,9.823748894294002e-05
addr_krax62c31azwkx277aaljqqbc2hpzml79r16pddtj5,7,1,7.6095962758033e-05
addr_lx4uziiflnwrov6zj02k6t845q7hcjtaqvo6ibrge8,3,5,4.294694672196505e-05
addr_p5puxujlb09g0m60hw0xjg4azw002u5zc6p8doji8x,6,7,0.00013433287227841172
addr_6riuoeaa132fvselgsmp3e01t06f43xpu5gvzjn6b4,5,6,5.166119537683666e-05
addr_cd9q01iizqk4mhw5ukyayxqup9zkboqoc4ys2bmnfe,4,3,5.137053248390755e-05
addr_37ihzshpqlspxv4uq2gkehod1t9brmu8tnny3lrs6j,4,5,3.86821344023859e-05
addr_ut002ee9thz9949r1n9awrhs60c1dtmu26vdet809d,6,3,6.318933951091958e-05
addr_0mxt0tst3y3j1zak46qhyjqcyibiir82u7o7xrc1eo,4,7,4.868481163465336e-05
addr_qfl262jlp03vtm3fo2zqopwxuxgzt6j7zjicdckue0,7,10,8.343824447721069e-05
addr_uv7dsbl2v184k386cgk4uqar2kgmrmsnt0kte4ld2z,4,7,3.4425907134514196e-05
addr_4k88k686qe7ajul7w8cof3138i2xog4c8j6e07fpy1,3,5,5.1787855647502705e-05
addr_1ereh68aedanryvr07q0fbw24mgzzxd4up37dmzoo7,7,1,6.354033302962272e-05
addr_h1rhxixy52jmw8rstzrd911ynlc9ryildlylb2pono,2,6,2.536400035691271e-05
addr_ha0t3kxzo1trl0psex2vyw6ur7i2hmw4bqp3jh7uyb,6,1,5.334007909063405e-05
addr_wf1tqv0r095uhgcrkfkj6xhpd3bgnpyhrfozg7fbv2,0,8,1.2591921833626345e-05
addr_mhg07la7dxpw1tba1v08xm4m0qq21zyeo7lp2qc9ch,9,3,9.95706696531732e-05
addr_4wsqyv41espyprvs0e3hda54tb07697pdn6w63e9x2,7,2,6.807999856180902e-05
addr_mkmk9u9mvcu6a49xjyvakxlug0n3pi6w380292yqo0,4,5,8.582041450833957e-05
addr_hbwuz7mbvry47180d3501hijkjfpwyq9x782yg7a6k,7,7,9.328561994139748e-05
addr_hquz3mpkst69pv6lr0lu57bq0u75cnxle9lsa5pnvw,4,6,2.7309704143080658e-05
addr_507t1kwv54j5h9eciuqss5kvmkgqb8hllylckojr7o,5,6,3.869453721164503e-05
addr_b9y5pa12r4koah0gbp7b3t48l8jr2mto01irzk1bul,7,4,7.198658026994993e-05
addr_d5pbrxa0d8takc437asfxz9hhm5wkauxgilumqw4cz,2,4,2.0039294775267024e-05
addr_sfqk02j6t11albqssvukwo0rq2ruo4icozkir3uqex,3,9,8.769514976574866e-05
addr_3jiz6l2g1kif1hcm6eqhm7z2mu99gh99magcxwq93u,4,7,4.3012049376561366e-05
addr_gslwihr7boov0xxtpyu6dirzpxyfipc41f7cw6bszv,9,3,8.991867351954985e-05
addr_5orlrutnrq6jsmc9hxhya695ab1l3i6h5m27n8tzxl,6,4,5.8684653821025196e-05
addr_vtgp3sxxc9ra6z80hfzpgz4p7jys91l7nmgrp80r48,5,9,9.020798850340404e-05
addr_zudl8wszmaxoz62u035zm90qvi3zal0qqbw668qk0x,7,5,0.00011577664897527361
addr_0w1lvk288sn736bk4jqf0c9e6vq8w54zaifxjjtlmd,6,2,9.959513591539802e-05
addr_g0e0wqnjbbyxygu15qqap9yc9cx6becu8onirq65m0,7,5,6.992233393979763e-05
addr_wthw6jb9ejiytguujfupc6c404baubb8kmqxprwshs,2,2,2.5758543987634594e-05
addr_ql12ic3vozyo2cb0eiqeg6t7f7v4it88cn9bhrltgm,7,3,0.00010835243983952833
addr_4np97ir22kiaho0yq8w7ckgh06kyd0abnqiy4tify8,8,6,0.00011942623717827473
addr_uwc1u12nn342tk3q3nlz08dr0jcv90tr3fde1whbw7,2,2,2.9864512822931754e-05
addr_oe3kl2vcwiq5y7u2fa2sis7gct8kuwj2q2bq4x4tp5,6,4,7.263660893864314e-05
addr_azh7pgsrd1i3ggl0xtir26xf9zjbmerntp3czbamd9,6,4,5.7644659323546245e-05
addr_kmdgo5fysx6gw88li8iu72rmjnjwgzeh3f48whsjm9,2,4,2.1556117571459846e-05
addr_upzjhnkyz01rfrbls85h8kezlrhdthj21cwry3fc77,1,2,2.4083427059059285e-05
addr_y8hd951xotie0fh474vd25tmay24qakwceo51o5d7w,3,2,2.972566029368004e-05
addr_futdmhq6juu4nnt1reroo0pee951ur25ah2sokeet8,4,6,6.661877707096068e-05
addr_yoxdpur5a540ztzbcyr2xs7rpt9t5z0iqo43beqfn5,5,7,4.568725782312216e-05
addr_m9qgb79xm98lnx8ignb92q05z0w809ikax11m5ydea,2,4,2.8538505395052167e-05
addr_j5w9v0pvywst9cahefvyzkof8r6u349lebje0mjyik,2,6,4.457435964100788e-05
addr_mm4erbbidacj9kcjh7i7ukwyswic5x6ob3nbc82p42,4,4,7.325991478278858e-05
addr_ku74ksaso9pnjun9mcdbz72m1qxfki9q4z42coszp2,4,2,5.989406852853707e-05
addr_r7fffq00biae8oosu398lq0invoh21nj6seoejvpfk,6,4,5.384285448564232e-05
addr_79wzb2kb3ufjykizz6co811h9yvjlqfus90f3o06pp,7,5,4.838060052829006e-05
addr_i0v0xdryo6jgmxvyq46pw4x09gwtw52lgnyggh51ak,7,4,6.502129014575067e-05
addr_4sasmp0g5pmlryizxgtcmu6bro510inivrkc4yahix,7,5,0.00011655526203734375
addr_hdhisc3hvg2an5ny1p5zf66troab4nwwtssikczf12,4,6,6.0806482982722345e-05
addr_x9g8k1xttqu3do0y7gfob4rgsgb0zhw58k5ygfmq10,6,5,7.287998062440037e-05
addr_snk0m66x6ksqcswt4am5rq0t4lfnpngr7zwu8cbdt2,4,5,9.22784236038387e-05
addr_b3fofoprrl5nknj7kaevfhffgfjspygv0vq9bjrr3k,4,2,8.837418575360017e-05
addr_q6rf8lw7y8aubpm9dbeza9agulm5fqjyyiir41g20d,8,1,6.52376620744951e-05
addr_1a8fh5te05bf6oajhm178kv7qojt659klmuctgabi5,4,2,6.564486156409373e-05
addr_xs2e0nk0f3btl4lrtatmng9i76go3pzbf97cy0w58d,4,7,6.600368866670152e-05
addr_t72k433udus6t934a3fhv94oejqgvp7o9efy6wnnr1,5,4,6.523840444003516e-05
addr_kmgg2dpwib8rh73bbum92linqg019fv4edvas32bjx,3,5,4.2829256428925036e-05
addr_1vzyffpomknrwvc650xh9edxtcv8wos0ob1ncgffoz,3,7,5.6789783294832514e-05
addr_0rxlvs6m0wepi3opnhqfl3je2hnob2blvjwud6ku6q,3,5,5.171759776400768e-05
addr_1p3zrfljrogxj2npob4fvk7pwqb7xwgatzhwzn9ckp,5,5,5.453496639221949e-05
addr_bnnzy5w9ensip92jromim9ibrx5iqw8rmu1pupiroo,4,5,2.886115959036117e-05
addr_7jb168tmyu08qg1ixbctp4jyeu3qahkb4j0thm4kt6,6,5,4.973073282986958e-05
addr_g805mtm5hagc53yuejav6u6taemhn403eumy6kco7x,7,4,0.00010902620297355182
addr_em888x7gez7k290tfb1ym80b0ex61q2nnlznsg4olm,3,4,8.305372282533426e-05
addr_chuclfzwv1bncwnlzwh4gkynxedyovc4felxts0jkn,5,3,6.587126901650682e-05
addr_kflab0qm6ut6fizhjmxsnwer8zdxhyou5mhsbdj532,4,2,4.851187163581925e-05
addr_oqvot5tooqzqn9elkfnnvzfewuwwikamweagtyvvh6,4,6,9.571125222620289e-05
addr_9sizmccr80prpj0n66gj9qstw5uhu49yl5fgyrqe80,7,7,0.00010750284485744263
addr_tr9i2bl264w7ddqssf4yuecski092ze6catq1jwgqs,6,1,5.031639981165505e-05
addr_8ugplw209r68ippge6kr6wbt9pzd2yypbw4lnx37zo,6,4,8.34507676652212e-05
addr_plabblpou7xbo6avl8dephcnnxqqdk4gwee4vw0cuw,9,6,0.00013280302268471063
addr_fe9yq9ifp98o1qz9b6s3f7808mydyqepd1n1r2s76x,3,6,2.787154444206062e-05
addr_wpehh7dzh1n9zbn2duqtdnoddgt7w4y1r7u1olzutk,7,5,7.77695073735698e-05
addr_7p67oyehkkpx0f1g4445vsw80xzg9e7xbxz2kbftes,5,5,7.835001719010475e-05
addr_pbwgucyruylqy69d4sz8lo13cnswku9wer2mcrm22y,6,4,8.345568780622306e-05
addr_9jhqzlq3jvz0g1c3r52x37b97uacciowcs26ztz1rb,4,5,2.5669205311131538e-05
addr_n5cxa5oekeywdkabzc8jw8yhap0zczde20oqysceya,6,8,5.365484096449963e-05
addr_acoaiw96jds66uc87kg5oz67lq3lom4hmt66bhf0yd,3,4,3.7286966136682194e-05
addr_c64jucjzyu4b8am3s8is692k8irr4a7a7wecvmrql4,8,6,0.00012219282783044343
addr_7cgni71ycyh09wwl1j1kxcfyhxs8x10iwtrnxxvkb3,5,5,6.892346229264927e-05
addr_cda0wxfju17i0502eoxgguufalzwjeda5t0uf2228l,4,5,6.04275750508663e-05
addr_0aotabjrm4ffrxmb4pb0rma8rw9wao06qvth23zlfe,3,7,3.270676041917084e-05
addr_opz603jvmxp7ai4fbixyce8gd3lfzhuufi4c89c1ol,5,7,4.263898151861926e-05
addr_hm3bfl5j3yzi13m29v4epnxas4xpd0pib6jtqer3ht,4,6,2.013229416001595e-05
addr_vr2ji749ize1i2x95jvsi47a6otmjyjiyb30fo5z7a,4,3,4.1185791708531775e-05
addr_v0ib3840rzlnso0neqgzctcs8pe88mz4ss9600y24m,7,5,8.998950781106095e-05
addr_krj0cdbjg57bd1wismjabfha1nzskizlw00n25a6q8,4,6,6.606535669027145e-05
addr_461zvoz4xj9qembgwzzeoft6j50jfgq2xn9by8vu48,3,6,3.932674056333464e-05
addr_gcmhz61i1f1glgfjuufowsm4oatx8mie06y2jo17fv,6,5,8.235175766314027e-05
addr_8jxnd0bga4nxywwf7al72tly03d44bqphxa1wmon8a,6,3,8.462104507177322e-05
addr_kiadyiumi9gexm3agtsxthnm5c5y1n77uc5ho0n2no,5,4,4.446225151890667e-05
addr_nuauk0ewoip5x0zaxyzqjjdfr9me64v1uyn9i8gazp,8,9,0.00016776960561676145
addr_61t5oqzu3fsgshdru9btevm01watfpwhfoeqfuwpfx,3,1,2.3761448096535407e-05
addr_lurkaw2ujgfrmioohcc5gcvpio6t1r63ws68bmqkri,4,8,3.217403182167025e-05
addr_7n1vvguorh47lsubr1hai77lg1haixwrujfejux4d2,2,6,1.9136452715575085e-05
addr_ka8ys6jukbeymkrjil8ze62evz1nzm1wcoso5su0el,7,6,9.042632827485182e-05
addr_an5f91vajlwpspwrnc97mi3hh2q07wab7grwg6nidu,7,7,6.403165817713439e-05
addr_8lgi9z7khye1l617z2fltmzxpcelbbfx7bqwzkuq86,4,5,4.6123860281477076e-05
addr_g9vyhmpoi20ip69s87ll4gqnlkwwwifi7n3t89w15d,6,3,8.115727922637913e-05
addr_bvod71pukct2qpytoy7wpg8e5k1r2td8y6c0s8mvgb,4,4,5.8594626770773135e-05
addr_9847mvo9kwmogynioloaqkhg24a9dnoq3xw4wyrw3h,2,3,3.4491376157398245e-05
addr_xv0m8f629akfhdo3eptkb8h2zdzn5a2vd2vtrp9her,7,5,8.154626487144809e-05
addr_sr1s53de0zkkssc8vk9k04kzvvxni7gn0ajqqpec65,3,8,2.7005271114759572e-05
addr_epy6t19ysh8c5q6oct8mpn5wwgm28428s45u95p2zx,5,7,6.30770243180347e-05
addr_i3n6ub6d3ylkcxgb3iutk57f5swiz29xthulq0bnpz,5,4,3.6178027902712596e-05
addr_c2f8j7jvylmaaj80csb57vvj0n2h7dbwu5p86k18jq,4,4,6.951860400281733e-05
addr_hlt15a5h9dm66b1w8u3t0mrc82gm2fg1nq7qcrjm8j,4,6,7.678910624606052e-05
addr_tq90wtewgyhaw80o4vtka4y45iy5dxjzgr9jxftvyk,6,1,8.35944935760616e-05
addr_2qj9w9v5wkb8x2c051srhx6nei7ln5kw77eobt3981,5,0,6.62911099982456e-05
addr_dwt4puwcbtv1gvtg3c5mzqy8qmehh8can5j6slazyc,8,4,0.00012476213587843903
addr_r09wi5tzkrhtfkg90alr37tdggnfqidulpcz0le2ja,5,5,0.00010965394466053266
addr_6xj1upnn42tuxd0ypvrgoflygkp04rkeg8m0nimq2k,5,6,8.14013504416974e-05
addr_x08i21nc70somlnkarwcl0136leotwiddd6ux50h08,2,3,2.7184242185653343e-05
addr_f4xyjbqa54obz6t3cmdjm7fryfgn76e0i4tmtrqppk,6,3,9.264374091315838e-05
addr_jved72pmhekljjs5o7s87cz1gj2f4fz9kwnnod521f,6,3,8.275583239800782e-05
addr_03uya2izsjwp62yw26tr6ool3zy6b9b935kz1mkr3q,1,6,2.8154037008077838e-05
addr_5sz6vr24kpng99480uhqggdc4drlk3twqbegeytusk,4,3,3.960433092169397e-05
addr_s1spz0ciuwkw9vzczmpiw8bwqrueys2n3k875yuztw,4,6,0.00019592511011256794
addr_78ap7q6jlcs1gviw3u7bcl69e229xgv7j98lq8jm75,5,7,6.981529050595194e-05
addr_phzlp0nxllqwnrre58ksl36yxqm3hjdlth801l6r2x,3,5,5.494182823533424e-05
addr_jpiwlzdsxlgteq8bv26dvwgykvg7q3yg1j5hiqaiuz,6,7,6.731520358455042e-05
addr_j3f7yo2onalvjn7aj9ffnr7b65dx5f5lxprzi7nvkn,5,5,4.037312945410938e-05
addr_puyawyld6qmwyzg3riv18m11t59wc4872n3mzhuamq,4,4,3.86488893582869e-05
addr_4e1kyy05ezhdw4ormfuhll3tif0no5t4wtcnmhp0q0,7,7,0.00018870387333741757
addr_k8khqkvzlbcqmg3r53sk2a9p8ihos8z8yb3vwruk9q,2,9,3.7789436352840295e-05
addr_8u8uqqw1qzlu0j3b6ljjt6vsl5a7j0dtsjs0cw0kf2,1,9,1.6129714835978002e-05
addr_98jbilldxhv991qf24zsru7s6u1aqda80syjrtotf0,4,8,3.5929734520029246e-05
addr_2dva9k6piocwcsducdqoox0anypzz86yo6i6zamv37,6,9,4.26655292629834e-05
addr_cersw2vtcodaizhfki290bhjwp6ta0l4ao4wv7ar0s,4,4,7.88244265634379e-05
addr_0zg8em9ydf2no8trgt87eaf19c3o0q45042r9skbyo,2,7,2.7830292443206325e-05
addr_7bgcxvq8wpcgmfkft7ruzher8d5kimcsqhgazq89or,4,3,0.0001409354626116518
addr_yozs0n1252qmwif0vtytlb5xbm7wyoo1t2hy19y5rt,3,4,4.761577388758509e-05
addr_sc5zyt070166jko3u5sove4y9zw0uetxkpwdzad0se,6,7,5.7739201537105456e-05
addr_hnrko87kp75qcmeoiqrdkqwf94qvu8uaebg2hg4yb5,12,7,0.00013416295745375775
addr_nkw3kegg1zc907mlob9moztnuvtv8x898eid7nt3vz,8,2,0.00010441376618321294
addr_lcyxpydxiquk4x0navde8fxb0pbq99f1us5ncqeamm,6,4,7.220260084167628e-05
addr_8zho2ceid7tak99c7zcoip693po0fqbwcck03x2tzk,4,8,6.567451814777036e-05
addr_ikjhawycjd0z1zlzpmewterc3a4aaedpc71c5vhpcb,3,6,5.062505543876956e-05
addr_ns32lwzgyonbxbpfrwhlgmfn6mngrpbs66x0m9frsg,2,4,2.354329043110626e-05
addr_uoyrsr65ktlk5ibzd767z4rnpqkry5hg4dweoeeci8,5,4,3.4178795090310414e-05
addr_d4n6q7u20wsv8od537te6fg6enx0o1o758l1z53o69,5,5,6.139917127831954e-05
addr_0v0razz3zjmxhs5r2yl8dkdklolxmdb4iqs706esng,10,6,0.00015082570706304453
addr_dsef4axss6vhw3iv09x77ci87fbeptnqbxfq1kw9yr,4,6,4.906790326700181e-05
addr_w0u99cof6tvef9r6r13xwqid4kzynhq5xhbukueupf,5,7,9.213305893570359e-05
addr_03ogsmjmu15oh1cmddqsfvph32ud9spp247vuowrdu,4,4,4.7217154505641664e-05
addr_7h9lufpa0rvesipxgtifg1hrr7on581ty7zui5ingh,11,3,9.543372789030686e-05
addr_cdrtql7yelo5ogjh7g160wr0mirno6p2hfdwzjuc5r,6,4,7.944615119677541e-05
addr_7efx2k3pmm7tin8ybe1ceo6a1elmgbwkeyarz14ubb,5,3,3.306953697982563e-05
addr_fx9rbmm5zakmyywdb80j6gpnvg9otuce7y2qxe6j63,1,6,3.054810964124643e-05
addr_64groabeawqw29py5kh2nxxms3rag0kxxkxnoad78q,3,3,3.861369837418174e-05
addr_7jtfiwq03r26y2mio0vtxnk8mmc53l9asjfolv67gc,2,7,3.750778467980825e-05
addr_i2yrsozyer18ecspvvi5ww63fch3dyeietko5hzmo6,5,10,4.807488233807961e-05
addr_3mvi20xekyxjj86jhvr3ftubsgwe84pl7fnmwtanxt,5,5,8.147731334805781e-05
addr_3u6okgk8mydl0l89k8tebtldkz27dqtroi91eaf3ih,5,9,6.084568573536431e-05
addr_bx55xe7lv2up4kb06vv8ws83ib888va29tyrelh48w,1,5,1.4855194928415283e-05
addr_x2vvn26l73xvlz1rzgbxnay2lf4vpnysynskv0c57z,5,3,9.820567084361079e-05
addr_wk0r95m0aj4tj0m6wvpea1risbfuxehmb59h5kl7sj,9,2,9.669226704687002e-05
addr_bc0gf2pijyh5285zjmgohtmvqjw6gxtkbasondkzi6,2,6,2.7140056966621176e-05
addr_7hgyel0pm93smqh3ob8cosb8isgrgscohegyag1tcj,5,5,8.211697502952458e-05
addr_txmzi9y8u40qcu5wmg7f10tb81ouvwxoatmzh93xmc,8,3,0.00010832062932797834
addr_fn1euyqnitlm54u5hxokv3z7ra3lu2xmbnxxou0wig,8,4,8.572587726413264e-05
addr_xvokajdl93hlcxjpo95atdj7xhazf3vun9cqgzduup,4,11,4.091911517308978e-05
addr_itp0k2adxlx3gjm9e0czz5tqzkxgw98jerv5ixzn4v,7,7,3.826557639046661e-05
addr_dc3xn1p8vs6np2kg8a18iimrtd760onpsoau1yncqp,5,2,5.959820183661272e-05
addr_4gw7f27uu4wb8qcjl3wb4woh5n921is2iuitzy2tjx,4,4,5.239057329988079e-05
addr_t11cqs25c8yq4s37kch9ehnz16b8mpdrdxvt7kgn8m,4,4,5.0580525251846256e-05
addr_lbc1j9j0qtvvc79xju2657nfe93fdy96phklh24bic,3,9,3.119408540338529e-05
addr_7kpxvyllbbco26wmss1vzh8o788rs2oyf35gsdwmg6,9,4,0.00012581134549809645
addr_716d4xp6zflahf2wzw8usljyxufffiunohhugo8zp9,2,12,3.202699230146614e-05
addr_t0yugwq77pkoatcu5kqj1hn7sj0l9digtk8xfy3pqr,7,2,0.0001192923414594274
addr_gm7tuga85gc89srqarel371i9amkkh3jmr01ej1x2f,6,4,8.094543805684811e-05
addr_c17zgkp8r4cu0hvi43pt5p5aknjjmc6spshgy9xj8f,4,4,3.6153649919459536e-05
addr_45xeqcy7z3csvdnqgs0mc3i0xthfre2wqurzzpv5oj,5,6,3.886111620388819e-05
addr_djdq5y8mzl283ii4tq7n2kfl3d93fqyc8on8vpmdvt,6,4,0.00011127031800870865
addr_sr6jwl4gfm2xim9oqcwc6idxfhdz35sljfbh44dxlx,9,1,0.00011567837318893521
addr_cnvd39debupbafmj7zuyzu993bafzewwo8bq0b4ao0,5,4,4.2252024983090854e-05
addr_eg7ash4j9tsjgwok7xohavkqaubcniwgbo02i89bne,2,3,3.4570265647025674e-05
addr_3731ur4tda5dpvzumavs5dt92olgei91ec3d9lz8hw,5,4,3.833478817825606e-05
addr_0g2jme63q67r8voespsys87n7zxek9vvp8ekq4lf69,4,4,5.366215703895253e-05
addr_6wq1inafpn2d5yji6dgg3b5d5aq7amrmnwa6slv5aq,7,4,6.082049956081164e-05
addr_pnp6c36bkk2ne6jeayfhmckjc1cux0ea6tgh37bjh4,4,2,5.800296553972884e-05
addr_x2xw5ym50qk0a914j6dn6c5022buo3fm3wjslzua2m,2,4,2.4002504806161053e-05
addr_9kdl4lwgmreuh6oo0j9db0bsl16gulsnzh90cjrulg,6,3,0.00012287456906360755
addr_kbpx2993wpz4s3uopway93tl7too9lnj2eatmkdvqa,2,3,4.8523224804589206e-05
addr_01rpdbjb9lhuxi8c4alhppe0e70s312h139jmi4wra,3,5,4.3512223347369055e-05
addr_jf3b06p63n4zmj9kydfqohvuaa3oeued52vwhomr26,2,4,3.236325977308044e-05
addr_iyo6ef5b0opuhkgmzxobdnmoag6x5nsi9sipx504n3,9,4,6.21310572167778e-05
addr_6r6fkk8d2iqaow0z8w5vvhoxnyva1cnpr0njg1g6a4,5,3,6.992353695980124e-05
addr_ijptbg8krfdbq41h18u3jrpuy7pg2chimhrtxjhq1n,6,3,0.00010754139091003483
addr_667gvil6k8oed4qwcfq0mf3etjg70ikjtfi5ckdqbu,3,5,1.9622276165341635e-05
addr_ua9srdxd88yghvzxbumi3vru4hjxvow1u5j0o0yuo8,2,2,2.2141933678464662e-05
addr_0w41urqs8nwako1y2bina17wejo0fl3e8tc2sll8w5,8,7,0.00010308730382801019
addr_7jv8560wd4st6ftxdy2ia4wgmi5zg4dgv7y8pa3orc,6,4,6.479157453577824e-05
addr_hen916a8ua5e3al7imu13hmpcllrefrlxxvzx47v57,4,1,6.961046970631692e-05
addr_h0yt2ochz3pshrokhb21nv05pbvh1ryrsjbyjxnjts,1,4,1.2691218754357677e-05
addr_hlajgg6ldlv3ni24vu650wxhkg2vkevri0a9xtze6v,3,3,5.574659091917683e-05
addr_kh8d74o766jdac6zdbprbqx0l1vy39me6uzofmdpej,4,3,6.837899813688155e-05
addr_rue0idfld2wwmdwlv5730s2d7hbg575od1q9qslyiq,2,7,4.7966371252361475e-05
addr_63afzpq92vdr8albfgayi49cabv4dub835e8a4t7rd,4,5,5.222879385244599e-05
addr_53qe5eeazvw7njkhvyqdk9xma5vixr4dto8uflv4ba,3,5,3.3408224676105475e-05
addr_ikpyayo8njfpfrwcdxvixj2jjld5d3sd4xt823tvkv,3,7,5.869445589779931e-05
addr_4hyg1hb3z30zbtvfh7b0ahi1ywt3hko1cmrt7jhdsz,8,3,8.574892038154514e-05
addr_u8b5m80kdzgsma9b99pem4l70vjsttlkbwch7askuu,4,4,8.632675824301121e-05
addr_0qeqqa9lbprec5y2baqmrpoqsyk1yq44ngoznyq6pg,5,2,6.64454287982251e-05
addr_kg3fvwa17s9hh3bkye3wxn4xwaaw3tk5e13af3wj6x,5,1,7.737208794200824e-05
addr_7ykil8ls2qojfsf5zb7lgieo64cb9ensmb76b1vm3d,4,2,8.113692174866057e-05
addr_i2cdfu3gutjficleuke31g2vpmlqjbr7whvyj1gg04,2,6,3.686033246225305e-05
addr_549mtbw8ls3gacag10dhhh4mpm60z2i6ivs2nv5ioz,3,4,6.815669334152847e-05
addr_0oqmhmm1heaq8gng464vu66n6xbmvybzhrn7q3be27,4,7,6.773868649761323e-05
addr_9u8qrqaxlbdrc3udfudc1dbnpsgjmo1t81h8if2biu,7,7,9.533054632165363e-05
addr_7czr7xwqf1ttimlytgvkymzlo9lndcmb4bldqlq1wm,5,5,0.00010804343724427301
addr_qxw49ogi8w0g3jpg373r7n41bujiu6o36mnz5uxvw8,0,4,1.2591921833626345e-05
addr_z92hp7hfxwy2xo5yb5ih4fj57c1rtujs0x7f8d4x01,4,2,3.6165502359180286e-05
addr_gwxlxkm6yt4xmgkmz1m4rag6kb9d1g1l9sair8d2sp,4,3,2.0554971519052543e-05
addr_37d1saqmmn13nyzbozq4q1kedifcw4k5swivl1cnsj,3,3,2.720641525528511e-05
addr_c1e74l9abq5kffkbov8xaxcfhcougsoulmn3fa4t7q,6,6,4.011417393704426e-05
addr_i5b9oin25n8l6vtu9fgzv6su1lqxt229q7ivqhxsip,3,2,6.37107529070452e-05
addr_xworp1cxwo31axhzesl0atgjhxn0nec799ev1mm9l3,3,4,2.6655134465283338e-05
addr_zbq15pz8ng72fxv2a2wcmarsi2o5ocdu1bzo9q5fey,2,5,5.641762685023862e-05
addr_fhzdrds2tnfxn518jnrihdr0jbd2zzuau0iwccxbn3,6,2,0.00011624186481994897
addr_rlo1vpq8olmijv8yza7cs7r74qbrgw0hg2hekfizl1,9,5,0.00011192309894806516
addr_v23u50vu2ffowozmlbw1zvkfmvef8w42a3685mhn77,5,1,6.088859814960444e-05
addr_abk50rnn3xzh6y82lujw0h5hj72ho89yynmznr2q4v,6,4,7.41059941957286e-05
addr_0l1rkjuj7x6gfar34bqan96cqtfd28w2d2fncn7zk3,9,4,8.554922591947143e-05
addr_axnzark1b1awrwsedk5l35cci2gid6q5gun0kb8s10,2,5,3.1806649127322844e-05
addr_evhbu0f2romx64ljwg94jyz6nxivunwwf8y7ulekve,2,1,2.2425354535107065e-05
addr_uw3ygx1pj6f4l22jfilt1wh43uyxofudavesdemwch,7,3,0.0001256129513406517
addr_ptiy10q045imzm424ojva3r25nhbvokpdeaf7q7lk1,5,6,6.0002173038932025e-05
addr_wuztje84jk2124gybbta6urvedewtav7udyhmv5th4,1,1,1.5647252695571846e-05
addr_ysgcxrsew2gwwlssz1969997hif5vx1b0znhb74awa,5,5,3.6468676788650774e-05
addr_gjrk0cebuqpc6lmgtfcwbdgqksmdqjt2p0ocxno5r5,4,4,4.865278247360841e-05
addr_clci8xugjrc98vsc8ysjokj9x3ugmyk9lsa7y6fzjl,1,3,2.5979090272784415e-05
addr_pcqgv8pum3scec4nqtplwyvd04kwtk00fjaa3gqm6f,2,3,2.3294483191710782e-05
addr_2so6o94r5n93ppcs18i29mkp963lg4kno00qalxdl2,2,3,7.764648121906325e-05
addr_bqz5ah18ee5q3d5wfmu4fn52ej0xbcjrkmglrjkrcv,2,4,7.033058755492664e-05
addr_ed5zwfl25ivggwjm08m9cn7v6ftkf888f1crq2wpvo,8,5,9.522307701185937e-05
addr_gffyx3diarqhlkt35cq98wrho9315lyjs86rg6nqnd,2,5,2.6176666620198154e-05
addr_g4g7nie3fkp96aiu01lc5ww9lzhvez9rtd6enmb9up,4,1,3.0226261888785396e-05
addr_jxfe1zsyjcux5elf2poeojj6lw2z8i6i8ts71115y3,1,2,1.6183134318552538e-05
addr_da6jpcu3dvttjabliehd516dj3ppbbo1mbxt8oc0qs,4,5,3.554540569040943e-05
addr_iv9zwkvvetbprjoxy3sjwp4dg80gr7etv01kb428a4,2,2,1.793539974603778e-05
addr_nr22fhgy11q71pl6yftsx6k91zpyqa4h4pqabjuyq8,5,3,4.218585714246217e-05
addr_1enngay37vg688u595cekof92y8lz8cv2a6pg4gks6,2,2,2.3279506647697447e-05
addr_7lrty2sjzy5s7sdu1c4ggunlyxs6a6i9f8ry8nx6ok,5,1,4.8145996469925475e-05
addr_sus426w49um31bdi19eodcnsirqkac753flnlyropc,4,4,5.658703515921375e-05
addr_ewmurhwzoghhfjhn4tqgerbvh1rtiiej3n91bl7ue6,6,4,4.829427325725603e-05
addr_r3soeiewu92qo4vzhnhvjeg2s1bloxw8n1dhccenj2,5,6,4.519305866778447e-05
addr_clpdixcvtfhakrowx4kk1r6l5akg06gkabczlzm7od,4,2,5.9065319649974605e-05
addr_y99no9kja4swf110jv7cfen3rrxf9mvix9i9e37tvq,6,2,0.0001059387121195011
addr_ocjz5qde2y3znp8kaiwjwxyouhif806qxn6i8blien,3,2,4.188419633195171e-05
addr_hkyf6ea3rw72k757p27tvva40cs8so2tqv8bldl4pk,4,2,4.036102345279935e-05
addr_93m4lo2rtuwnbto50nmn2nidhu3e1isgwmnvfas1jw,6,2,9.194527936080273e-05
addr_pfso7tyizj0xgrwd02pay5xg1mqrbp7t7x3tyywdcz,7,2,7.573070742358179e-05
addr_h1zravof34rnfjrje9bxpoppo7q1azkce02xmtneiu,3,2,5.8409698835685015e-05
addr_z11h2fjofafimrnrdrpcu127iyfx4qftfign7zm9ss,2,1,2.6046043284575222e-05
addr_efk0wc4f3unfc42euw2ck62vbwykkb3d8p0scga59o,2,7,1.5870383523094914e-05
addr_npdtwlv90t0vy5e1311jlhyft396qbv33bhtf0b7zy,8,4,9.242175832062925e-05
addr_8uispmp6ku7as5d6na29lir2umxl3itusqg3zw4qyy,4,3,5.030770641475463e-05
addr_f1tvfaqc8ifqiworherj07fpsx3yygs4o55jx5q5zn,1,3,2.6149064978408033e-05
addr_wlam9mfjxkqmwbqbnf8iu3fptp7l33sxysmpp4cp3r,2,3,4.2285220652447254e-05
addr_tk2w3ijc0vhnz6a0u2lsrquzkwhzml7s7liopch0i6,2,4,3.069045620426605e-05
addr_t16migovr9ahembh4vsk23afpybuxhwrrvaxgumdf4,4,2,7.711895269235972e-05
addr_k42i3pmn9avg4uimpf2cc5r0nu77sk0bxoq6337njb,2,2,3.568440403295185e-05
addr_f0fv4fejq0y1stquib11fr0hrl66odeqge293bmlwd,5,1,6.268153547794553e-05
addr_19k906wvyzpvlbr043fobrxnouxegcplavajiyeldw,3,0,2.57542937486935e-05
